填空：在五年计划期间分别削减19% 的…（关键百分比数据）	在五年计划期间分别削减19% 的<br>— 《中国国家治理的制度逻辑》 · p119	中国国家治理的制度逻 数据 percentage
填空：只认可了市环保局上报减排量的10% 到58%，因此引起了市环保…（关键百分比数据）	只认可了市环保局上报减排量的10% 到58%，因此引起了市环保<br>— 《中国国家治理的制度逻辑》 · p122	中国国家治理的制度逻 数据 percentage
填空：例如2009 年SO2 减排比例为17% 的低认可水平与该市…（关键百分比数据）	例如2009 年SO2 减排比例为17% 的低认可水平与该市<br>— 《中国国家治理的制度逻辑》 · p122	中国国家治理的制度逻 数据 percentage
填空：比例为17% 的低认可水平与该市…（关键百分比数据）	比例为17% 的低认可水平与该市<br>— 《中国国家治理的制度逻辑》 · p122	中国国家治理的制度逻 数据 percentage
填空：其中“环境保护”只占到4% 的比重，而“经济发展”的比重则高…（关键百分比数据）	其中“环境保护”只占到4% 的比重，而“经济发展”的比重则高<br>— 《中国国家治理的制度逻辑》 · p174	中国国家治理的制度逻 数据 percentage
填空：市都被判定为未完成年度设定的目标：只有40% 的市环保局完成…（关键百分比数据）	市都被判定为未完成年度设定的目标：只有40% 的市环保局完成<br>— 《中国国家治理的制度逻辑》 · p193	中国国家治理的制度逻 数据 percentage
填空：只有21% 的COD 减排量和19% 的SO2 减排量得到国家环保部的…（关键百分比数据）	只有21% 的COD 减排量和19% 的SO2 减排量得到国家环保部的<br>— 《中国国家治理的制度逻辑》 · p194	中国国家治理的制度逻 数据 percentage
填空：后几年表现出大幅度的提高：在2006 年其任务完成状况是−20%，…（关键百分比数据）	后几年表现出大幅度的提高：在2006 年其任务完成状况是−20%，<br>— 《中国国家治理的制度逻辑》 · p262	中国国家治理的制度逻 数据 percentage
填空：2007 年是0%，在后三年却迅速提高，顺利完成了规定的目标任务…（关键百分比数据）	2007 年是0%，在后三年却迅速提高，顺利完成了规定的目标任务<br>— 《中国国家治理的制度逻辑》 · p262	中国国家治理的制度逻 数据 percentage
填空：提高：在2006 年其任务完成状况是−20%，…（关键百分比数据）	提高：在2006 年其任务完成状况是−20%，<br>— 《中国国家治理的制度逻辑》 · p262	中国国家治理的制度逻 数据 percentage
填空：可完成了五年计划指标的50%，而其他县环保局却被认定为负增…（关键百分比数据）	可完成了五年计划指标的50%，而其他县环保局却被认定为负增<br>— 《中国国家治理的制度逻辑》 · p264	中国国家治理的制度逻 数据 percentage
填空：有的县减15%，有的县却上升，哪有这…（关键百分比数据）	有的县减15%，有的县却上升，哪有这<br>— 《中国国家治理的制度逻辑》 · p264	中国国家治理的制度逻 数据 percentage
填空：有一些县没有达到当年削减5% 的污水…（关键百分比数据）	有一些县没有达到当年削减5% 的污水<br>— 《中国国家治理的制度逻辑》 · p265	中国国家治理的制度逻 数据 percentage
填空：完成了五年计划中二氧化硫减排的60%，其中两个县局（CK 和CG）…（关键百分比数据）	完成了五年计划中二氧化硫减排的60%，其中两个县局（CK 和CG）<br>— 《中国国家治理的制度逻辑》 · p266	中国国家治理的制度逻 数据 percentage
填空：双重的：其一是超过五年计划总目标的60%，其二是完成年度减排…（关键百分比数据）	双重的：其一是超过五年计划总目标的60%，其二是完成年度减排<br>— 《中国国家治理的制度逻辑》 · p267	中国国家治理的制度逻 数据 percentage
填空：目标：削减污水5% 和二氧化硫7% 的排放任务…（关键百分比数据）	目标：削减污水5% 和二氧化硫7% 的排放任务<br>— 《中国国家治理的制度逻辑》 · p267	中国国家治理的制度逻 数据 percentage
填空：超过五年计划总目标的60%，其二是完成年度减排…（关键百分比数据）	超过五年计划总目标的60%，其二是完成年度减排<br>— 《中国国家治理的制度逻辑》 · p267	中国国家治理的制度逻 数据 percentage
填空：但在市局总体上已经完成了五年计划60% 的目标，即…（关键百分比数据）	但在市局总体上已经完成了五年计划60% 的目标，即<br>— 《中国国家治理的制度逻辑》 · p268	中国国家治理的制度逻 数据 percentage
填空：2008 年大多数县局完成了污水处理比2005 年减排60% 的预…（关键百分比数据）	2008 年大多数县局完成了污水处理比2005 年减排60% 的预<br>— 《中国国家治理的制度逻辑》 · p269	中国国家治理的制度逻 数据 percentage
填空：标：完成了污水减排108%，二氧化硫减排159%…（关键百分比数据）	标：完成了污水减排108%，二氧化硫减排159%<br>— 《中国国家治理的制度逻辑》 · p273	中国国家治理的制度逻 数据 percentage
填空：大多数市环保局达到了减排60% 的目标，有些市环保局…（关键百分比数据）	大多数市环保局达到了减排60% 的目标，有些市环保局<br>— 《中国国家治理的制度逻辑》 · p275	中国国家治理的制度逻 数据 percentage
填空：过了至少50% 有效投票率的法定要求，于是工作组和选举委员会…（关键百分比数据）	过了至少50% 有效投票率的法定要求，于是工作组和选举委员会<br>— 《中国国家治理的制度逻辑》 · p365	中国国家治理的制度逻 数据 percentage
填空：了总票数的91%，刘主任以后在不同场合里常常自豪地说起这个高…（关键百分比数据）	了总票数的91%，刘主任以后在不同场合里常常自豪地说起这个高<br>— 《中国国家治理的制度逻辑》 · p367	中国国家治理的制度逻 数据 percentage
填空：有15 个村庄（56%）的村主任在改选中被换掉…（关键百分比数据）	有15 个村庄（56%）的村主任在改选中被换掉<br>— 《中国国家治理的制度逻辑》 · p380	中国国家治理的制度逻 数据 percentage
填空：现在提出了80% 实现率的具体指标…（关键百分比数据）	现在提出了80% 实现率的具体指标<br>— 《中国国家治理的制度逻辑》 · p384	中国国家治理的制度逻 数据 percentage
填空：下降，只有67% 的村庄实现了“一肩挑”（见图10－2 的…（关键百分比数据）	下降，只有67% 的村庄实现了“一肩挑”（见图10－2 的<br>— 《中国国家治理的制度逻辑》 · p385	中国国家治理的制度逻 数据 percentage
填空：在1980—1982 年间增长至7.5%，1982—1986 年间又增长至13.0%…（关键百分比数据）	在1980—1982 年间增长至7.5%，1982—1986 年间又增长至13.0%<br>— 《中国国家治理的制度逻辑》 · p420	中国国家治理的制度逻 数据 percentage
填空：1980—1982 年间增长至7.5%，1982—1986 年间又增长至13.0%…（关键百分比数据）	1980—1982 年间增长至7.5%，1982—1986 年间又增长至13.0%<br>— 《中国国家治理的制度逻辑》 · p420	中国国家治理的制度逻 数据 percentage
填空：增长至7.5%，1982—1986 年间又增长至13.0%…（关键百分比数据）	增长至7.5%，1982—1986 年间又增长至13.0%<br>— 《中国国家治理的制度逻辑》 · p420	中国国家治理的制度逻 数据 percentage
填空：21 万名受访工人中只有12% 的人认为他们的工作能量得到了充分…（关键百分比数据）	21 万名受访工人中只有12% 的人认为他们的工作能量得到了充分<br>— 《中国国家治理的制度逻辑》 · p421	中国国家治理的制度逻 数据 percentage
填空：`10％` | 界第四，平均年增长率接近10％，而这一切又发生在一个发展中的社…（关键百分比数据）	`10％` | 界第四，平均年增长率接近10％，而这一切又发生在一个发展中的社<br>— 《转型中的地方政府》 · p16	转型中的地方政府 数据 quantitative
填空：`26％` | 的过程，从1978年的26％一路下降到1994年的5％—6％。…（关键百分比数据）	`26％` | 的过程，从1978年的26％一路下降到1994年的5％—6％。<br>— 《转型中的地方政府》 · p34	转型中的地方政府 数据 quantitative
填空：`12%` | 之后，地方政府收入的比重开始缓慢上升，到了2014年已经达到12%的…（关键百分比数据）	`12%` | 之后，地方政府收入的比重开始缓慢上升，到了2014年已经达到12%的<br>— 《转型中的地方政府》 · p34	转型中的地方政府 数据 quantitative
填空：`20%` | 降的，1997年触底之后出现了较大幅度的上升，2014年已经超过20%。…（关键百分比数据）	`20%` | 降的，1997年触底之后出现了较大幅度的上升，2014年已经超过20%。<br>— 《转型中的地方政府》 · p34	转型中的地方政府 数据 quantitative
填空：`4%` | —1993年的大幅下降之后触底反弹，从1993年的不到4%上升至2014年…（关键百分比数据）	`4%` | —1993年的大幅下降之后触底反弹，从1993年的不到4%上升至2014年<br>— 《转型中的地方政府》 · p34	转型中的地方政府 数据 quantitative
填空：`14%` | 显的下降过程，从改革之初的14%降至2014年的4%左右。…（关键百分比数据）	`14%` | 显的下降过程，从改革之初的14%降至2014年的4%左右。<br>— 《转型中的地方政府》 · p35	转型中的地方政府 数据 quantitative
填空：`70％` | 财政支出的比例平均维持在70％以上。…（关键百分比数据）	`70％` | 财政支出的比例平均维持在70％以上。<br>— 《转型中的地方政府》 · p35	转型中的地方政府 数据 quantitative
填空：`80％` | 80％骤然降至不足50％，但是，80年代中期以来地方财政支出的比例…（关键百分比数据）	`80％` | 80％骤然降至不足50％，但是，80年代中期以来地方财政支出的比例<br>— 《转型中的地方政府》 · p35	转型中的地方政府 数据 quantitative
填空：`85%` | 却一直处于较高水平，2000年之后继续增加，近年来更是高达85%。…（关键百分比数据）	`85%` | 却一直处于较高水平，2000年之后继续增加，近年来更是高达85%。<br>— 《转型中的地方政府》 · p35	转型中的地方政府 数据 quantitative
填空：`70％` | 方政府的财政支出占比高达70％以上，从国际比较的角度看，这是非…（关键百分比数据）	`70％` | 方政府的财政支出占比高达70％以上，从国际比较的角度看，这是非<br>— 《转型中的地方政府》 · p35	转型中的地方政府 数据 quantitative
填空：`0.86％` | 有一个高度稳定的趋势值，大约0.86％，即100个人当中政府机关雇员…（关键百分比数据）	`0.86％` | 有一个高度稳定的趋势值，大约0.86％，即100个人当中政府机关雇员<br>— 《转型中的地方政府》 · p35	转型中的地方政府 数据 quantitative
填空：`7％` | 所占比例非常有限，不到7％，而剩下93％都是地方政府所雇佣的公务…（关键百分比数据）	`7％` | 所占比例非常有限，不到7％，而剩下93％都是地方政府所雇佣的公务<br>— 《转型中的地方政府》 · p36	转型中的地方政府 数据 quantitative
填空：`1.68%` | 的最高值（1989年）只有1.68%，1998年国家机关改革之后还大幅度下…（关键百分比数据）	`1.68%` | 的最高值（1989年）只有1.68%，1998年国家机关改革之后还大幅度下<br>— 《转型中的地方政府》 · p36	转型中的地方政府 数据 quantitative
填空：`0.5％` | 降，跌至不足0.5％。…（关键百分比数据）	`0.5％` | 降，跌至不足0.5％。<br>— 《转型中的地方政府》 · p36	转型中的地方政府 数据 quantitative
填空：`69％` | 量的69％和59％，这与所有其他的计划经济体制国家形成鲜明对比…（关键百分比数据）	`69％` | 量的69％和59％，这与所有其他的计划经济体制国家形成鲜明对比<br>— 《转型中的地方政府》 · p37	转型中的地方政府 数据 quantitative
填空：`100％` | 财政收入越高，地方的留存就越多，其中预算外收入属于100％的留…（关键百分比数据）	`100％` | 财政收入越高，地方的留存就越多，其中预算外收入属于100％的留<br>— 《转型中的地方政府》 · p44	转型中的地方政府 数据 quantitative
填空：`52.6%` | 方财政支出占全国财政支出的比例不断上升，1978年已经接近52.6%。…（关键百分比数据）	`52.6%` | 方财政支出占全国财政支出的比例不断上升，1978年已经接近52.6%。<br>— 《转型中的地方政府》 · p76	转型中的地方政府 数据 quantitative
填空：`90%` | 违规虚假医药广告的案例中来自外省企业的广告占了90%以上，也就是…（关键百分比数据）	`90%` | 违规虚假医药广告的案例中来自外省企业的广告占了90%以上，也就是<br>— 《转型中的地方政府》 · p83	转型中的地方政府 数据 quantitative
填空：`20%` | 在过去30多年一直处于20%—30%的水平，近年来更是降至15%左右的历…（关键百分比数据）	`20%` | 在过去30多年一直处于20%—30%的水平，近年来更是降至15%左右的历<br>— 《转型中的地方政府》 · p97	转型中的地方政府 数据 quantitative
填空：`50％` | 史新低，与西方发达国家通常在50％—60%的水平形成鲜明对比。…（关键百分比数据）	`50％` | 史新低，与西方发达国家通常在50％—60%的水平形成鲜明对比。<br>— 《转型中的地方政府》 · p97	转型中的地方政府 数据 quantitative
填空：`98.6％` | 1965年的10533家减少了98.6％，这些保留的中央企业的工业产值在全…（关键百分比数据）	`98.6％` | 1965年的10533家减少了98.6％，这些保留的中央企业的工业产值在全<br>— 《转型中的地方政府》 · p108	转型中的地方政府 数据 quantitative
填空：`8％` | 民所有制工业总产值的比重只占到8％左右（周太和，1984，第137、…（关键百分比数据）	`8％` | 民所有制工业总产值的比重只占到8％左右（周太和，1984，第137、<br>— 《转型中的地方政府》 · p108	转型中的地方政府 数据 quantitative
填空：`40％` | 比例分配，即基建投资额中的40％由中央主管部门掌握使用，30％由…（关键百分比数据）	`40％` | 比例分配，即基建投资额中的40％由中央主管部门掌握使用，30％由<br>— 《转型中的地方政府》 · p108	转型中的地方政府 数据 quantitative
填空：`30％` | 中央主管部门与地方共同安排，其余30％由地方自行掌握使用。…（关键百分比数据）	`30％` | 中央主管部门与地方共同安排，其余30％由地方自行掌握使用。<br>— 《转型中的地方政府》 · p108	转型中的地方政府 数据 quantitative
填空：`6%` | 来近三十年国民经济保持了大约6%的增长，但人均工资水平基本未…（关键百分比数据）	`6%` | 来近三十年国民经济保持了大约6%的增长，但人均工资水平基本未<br>— 《转型中的地方政府》 · p110	转型中的地方政府 数据 quantitative
填空：`15％` | 等少数几种品种外），免征关税，特区企业只交纳15％的企业所得…（关键百分比数据）	`15％` | 等少数几种品种外），免征关税，特区企业只交纳15％的企业所得<br>— 《转型中的地方政府》 · p113	转型中的地方政府 数据 quantitative
填空：`80％` | 据国土资源部披露，目前全国80％的违法用地是…（关键百分比数据）	`80％` | 据国土资源部披露，目前全国80％的违法用地是<br>— 《转型中的地方政府》 · p125	转型中的地方政府 数据 quantitative
填空：`16%` | 比例从1995年的16%，增加至2005年的三分之一，至2012年进一步增加…（关键百分比数据）	`16%` | 比例从1995年的16%，增加至2005年的三分之一，至2012年进一步增加<br>— 《转型中的地方政府》 · p129	转型中的地方政府 数据 quantitative
填空：`42%` | 到42%（周飞舟，2012；…（关键百分比数据）	`42%` | 到42%（周飞舟，2012；<br>— 《转型中的地方政府》 · p129	转型中的地方政府 数据 quantitative
填空：`17%` | 邦全部支出的17%左右 [11] ，也不在于各中央部门的协调失败以及项目…（关键百分比数据）	`17%` | 邦全部支出的17%左右 [11] ，也不在于各中央部门的协调失败以及项目<br>— 《转型中的地方政府》 · p131	转型中的地方政府 数据 quantitative
填空：`60％` | 地方固定收入和固定分成比例合计一般可达地方预算支出的60％—…（关键百分比数据）	`60％` | 地方固定收入和固定分成比例合计一般可达地方预算支出的60％—<br>— 《转型中的地方政府》 · p145	转型中的地方政府 数据 quantitative
填空：`80％` | 80％，为地方预算提供了较为稳定的来源（董辅仁，1999，第249…（关键百分比数据）	`80％` | 80％，为地方预算提供了较为稳定的来源（董辅仁，1999，第249<br>— 《转型中的地方政府》 · p145	转型中的地方政府 数据 quantitative
填空：`45.4%` | 在第一个五年计划时期，中央财政直接组织的收入占45.4%，地方（省…（关键百分比数据）	`45.4%` | 在第一个五年计划时期，中央财政直接组织的收入占45.4%，地方（省<br>— 《转型中的地方政府》 · p145	转型中的地方政府 数据 quantitative
填空：`54.6%` | 县两级）财政组织的收入占54.6%；…（关键百分比数据）	`54.6%` | 县两级）财政组织的收入占54.6%；<br>— 《转型中的地方政府》 · p145	转型中的地方政府 数据 quantitative
填空：`74.1%` | 的收入和地方上缴收入解决的支出）占全部政府支出的74.1%。…（关键百分比数据）	`74.1%` | 的收入和地方上缴收入解决的支出）占全部政府支出的74.1%。<br>— 《转型中的地方政府》 · p145	转型中的地方政府 数据 quantitative
填空：`20％` | 但地方参与分成的企业的利润，20％分给企业所在省市作为地方收…（关键百分比数据）	`20％` | 但地方参与分成的企业的利润，20％分给企业所在省市作为地方收<br>— 《转型中的地方政府》 · p146	转型中的地方政府 数据 quantitative
填空：`30％` | 业需要增加的流动资金，30％由地方财政拨款，70％由中央财政拨款…（关键百分比数据）	`30％` | 业需要增加的流动资金，30％由地方财政拨款，70％由中央财政拨款<br>— 《转型中的地方政府》 · p147	转型中的地方政府 数据 quantitative
填空：`60％` | 建的县办“五小”企业利润的60％留给县，作为发展“五小”工业的…（关键百分比数据）	`60％` | 建的县办“五小”企业利润的60％留给县，作为发展“五小”工业的<br>— 《转型中的地方政府》 · p149	转型中的地方政府 数据 quantitative
填空：`30%` | 出方面，1958—1959年地方的支出比例从1953—1957年不足30%跳跃到…（关键百分比数据）	`30%` | 出方面，1958—1959年地方的支出比例从1953—1957年不足30%跳跃到<br>— 《转型中的地方政府》 · p150	转型中的地方政府 数据 quantitative
填空：`50%` | 50%以上，虽然1961—1962年有所下降，但之后的年份就再也没有回到…（关键百分比数据）	`50%` | 50%以上，虽然1961—1962年有所下降，但之后的年份就再也没有回到<br>— 《转型中的地方政府》 · p150	转型中的地方政府 数据 quantitative
填空：`40%` | 1958年之前的水平，而是长期维持在40%左右，1971年之后开始稳步上…（关键百分比数据）	`40%` | 1958年之前的水平，而是长期维持在40%左右，1971年之后开始稳步上<br>— 《转型中的地方政府》 · p150	转型中的地方政府 数据 quantitative
填空：`53%` | 升，1977年达到53%。…（关键百分比数据）	`53%` | 升，1977年达到53%。<br>— 《转型中的地方政府》 · p150	转型中的地方政府 数据 quantitative
填空：`53%` | 际地方支出额实际上比53%还要高出不少。…（关键百分比数据）	`53%` | 际地方支出额实际上比53%还要高出不少。<br>— 《转型中的地方政府》 · p150	转型中的地方政府 数据 quantitative
填空：`20%` | 财源最重要角色，从1953—1957年的20%升至70%以上，1971年之后高…（关键百分比数据）	`20%` | 财源最重要角色，从1953—1957年的20%升至70%以上，1971年之后高<br>— 《转型中的地方政府》 · p150	转型中的地方政府 数据 quantitative
填空：`57％` | 1978年至1980年上缴中央的比例为57％，后来又略有…（关键百分比数据）	`57％` | 1978年至1980年上缴中央的比例为57％，后来又略有<br>— 《转型中的地方政府》 · p156	转型中的地方政府 数据 quantitative
填空：`10％` | 而且中央拨给地方的补助每年递增10％。…（关键百分比数据）	`10％` | 而且中央拨给地方的补助每年递增10％。<br>— 《转型中的地方政府》 · p156	转型中的地方政府 数据 quantitative
填空：`100％` | 制，即100％的剩余索取者。…（关键百分比数据）	`100％` | 制，即100％的剩余索取者。<br>— 《转型中的地方政府》 · p156	转型中的地方政府 数据 quantitative
填空：`75％` | 证券交易税，其中增值税中央分享75％，地方25％，证券交易税中央…（关键百分比数据）	`75％` | 证券交易税，其中增值税中央分享75％，地方25％，证券交易税中央<br>— 《转型中的地方政府》 · p160	转型中的地方政府 数据 quantitative
填空：`3％` | 传统的产品税从3％—60％不等有21档税率，所得税因企业所有…（关键百分比数据）	`3％` | 传统的产品税从3％—60％不等有21档税率，所得税因企业所有<br>— 《转型中的地方政府》 · p161	转型中的地方政府 数据 quantitative
填空：`17％` | 对外资企业征收的工商统一税也改为增值税，并统一规定为17％的税…（关键百分比数据）	`17％` | 对外资企业征收的工商统一税也改为增值税，并统一规定为17％的税<br>— 《转型中的地方政府》 · p161	转型中的地方政府 数据 quantitative
填空：`30％` | 省通过分享比例获得的增值税和消费税的增量部分以30％的比例返还…（关键百分比数据）	`30％` | 省通过分享比例获得的增值税和消费税的增量部分以30％的比例返还<br>— 《转型中的地方政府》 · p161	转型中的地方政府 数据 quantitative
填空：`25％` | 致的，但25％的地方分享份额对于发达地区就是一个巨大的数字，由…（关键百分比数据）	`25％` | 致的，但25％的地方分享份额对于发达地区就是一个巨大的数字，由<br>— 《转型中的地方政府》 · p163	转型中的地方政府 数据 quantitative
填空：`60%` | 当的差距，比如迄今为止仍有60%左右的部门预算没有按法律规定交由…（关键百分比数据）	`60%` | 当的差距，比如迄今为止仍有60%左右的部门预算没有按法律规定交由<br>— 《转型中的地方政府》 · p164	转型中的地方政府 数据 quantitative
填空：`20%` | 盖面约为20%计算，1998年至2006年上半年期间，全国所有国家机关和…（关键百分比数据）	`20%` | 盖面约为20%计算，1998年至2006年上半年期间，全国所有国家机关和<br>— 《转型中的地方政府》 · p164	转型中的地方政府 数据 quantitative
填空：`6％` | 资金占国家预算收入的比例一直维持在6％—9％。…（关键百分比数据）	`6％` | 资金占国家预算收入的比例一直维持在6％—9％。<br>— 《转型中的地方政府》 · p167	转型中的地方政府 数据 quantitative
填空：`20％` | 膨胀，1960年高达20％（《中国统计年鉴（1991）》）。…（关键百分比数据）	`20％` | 膨胀，1960年高达20％（《中国统计年鉴（1991）》）。<br>— 《转型中的地方政府》 · p167	转型中的地方政府 数据 quantitative
填空：`20.6%` | 模开始下降，预算外资金占预算内收入的比例由1960年的20.6%降到…（关键百分比数据）	`20.6%` | 模开始下降，预算外资金占预算内收入的比例由1960年的20.6%降到<br>— 《转型中的地方政府》 · p167	转型中的地方政府 数据 quantitative
填空：`16％` | 1965年的16％。…（关键百分比数据）	`16％` | 1965年的16％。<br>— 《转型中的地方政府》 · p167	转型中的地方政府 数据 quantitative
填空：`30％` | 外收入又开始快速增长，预算外收入占预算内收入的比例超过30％以…（关键百分比数据）	`30％` | 外收入又开始快速增长，预算外收入占预算内收入的比例超过30％以<br>— 《转型中的地方政府》 · p167	转型中的地方政府 数据 quantitative
填空：`61％` | 为标准衡量预算外收入的重要性，它从1982年的61％一路攀升到1988…（关键百分比数据）	`61％` | 为标准衡量预算外收入的重要性，它从1982年的61％一路攀升到1988<br>— 《转型中的地方政府》 · p169	转型中的地方政府 数据 quantitative
填空：`92％` | 年的92％，达到历史的最高点，然后逐渐有所下降。…（关键百分比数据）	`92％` | 年的92％，达到历史的最高点，然后逐渐有所下降。<br>— 《转型中的地方政府》 · p169	转型中的地方政府 数据 quantitative
填空：`35％` | 趋势，除了1993年的35％比较特殊以外 [14] ，这一比例长时期仍然维持…（关键百分比数据）	`35％` | 趋势，除了1993年的35％比较特殊以外 [14] ，这一比例长时期仍然维持<br>— 《转型中的地方政府》 · p169	转型中的地方政府 数据 quantitative
填空：`13%` | 比例逐年下降，到2010年已降至13%。…（关键百分比数据）	`13%` | 比例逐年下降，到2010年已降至13%。<br>— 《转型中的地方政府》 · p169	转型中的地方政府 数据 quantitative
填空：`40%` | 南昌市40%、景德镇和萍乡市各50%的照顾。…（关键百分比数据）	`40%` | 南昌市40%、景德镇和萍乡市各50%的照顾。<br>— 《转型中的地方政府》 · p173	转型中的地方政府 数据 quantitative
填空：`10%` | 算支出基数的确定是以1979年预算支出数压缩10%后确定的，而省对各…（关键百分比数据）	`10%` | 算支出基数的确定是以1979年预算支出数压缩10%后确定的，而省对各<br>— 《转型中的地方政府》 · p173	转型中的地方政府 数据 quantitative
填空：`5%` | 地则是根据1979年预算支出数压缩5%后确定的。…（关键百分比数据）	`5%` | 地则是根据1979年预算支出数压缩5%后确定的。<br>— 《转型中的地方政府》 · p173	转型中的地方政府 数据 quantitative
填空：`8%` | 成办法”，对淄博、济南、潍坊3个市增长8%—15%部分，省与市三七…（关键百分比数据）	`8%` | 成办法”，对淄博、济南、潍坊3个市增长8%—15%部分，省与市三七<br>— 《转型中的地方政府》 · p173	转型中的地方政府 数据 quantitative
填空：`15%` | 增长15%以上的部分全部留市。…（关键百分比数据）	`15%` | 增长15%以上的部分全部留市。<br>— 《转型中的地方政府》 · p173	转型中的地方政府 数据 quantitative
填空：`8%` | 增长幅度在8%以内的另加增长分成5%；…（关键百分比数据）	`8%` | 增长幅度在8%以内的另加增长分成5%；<br>— 《转型中的地方政府》 · p173	转型中的地方政府 数据 quantitative
填空：`8%` | 8%—15%部分，再加增长分成…（关键百分比数据）	`8%` | 8%—15%部分，再加增长分成<br>— 《转型中的地方政府》 · p173	转型中的地方政府 数据 quantitative
填空：`15%` | 增长15%以上全部留市。…（关键百分比数据）	`15%` | 增长15%以上全部留市。<br>— 《转型中的地方政府》 · p173	转型中的地方政府 数据 quantitative
填空：`5％` | 具体方法是区别试点县情况，分别确定5％—10%的财政收…（关键百分比数据）	`5％` | 具体方法是区别试点县情况，分别确定5％—10%的财政收<br>— 《转型中的地方政府》 · p173	转型中的地方政府 数据 quantitative
填空：`20%` | 分，除上缴中央财政20%外，全部留给县，省不参与分成。…（关键百分比数据）	`20%` | 分，除上缴中央财政20%外，全部留给县，省不参与分成。<br>— 《转型中的地方政府》 · p173	转型中的地方政府 数据 quantitative
填空：`20%` | 寨两县更加优惠，其超过包干收入基数的收入，应上缴中央财政的20%…（关键百分比数据）	`20%` | 寨两县更加优惠，其超过包干收入基数的收入，应上缴中央财政的20%<br>— 《转型中的地方政府》 · p173	转型中的地方政府 数据 quantitative
填空：`77.5%` | 为77.5%，上缴比例为22.5%。…（关键百分比数据）	`77.5%` | 为77.5%，上缴比例为22.5%。<br>— 《转型中的地方政府》 · p173	转型中的地方政府 数据 quantitative
填空：`7%` | 阜阳、亳州市的财政收入递增率为7%，包干上缴比例为…（关键百分比数据）	`7%` | 阜阳、亳州市的财政收入递增率为7%，包干上缴比例为<br>— 《转型中的地方政府》 · p173	转型中的地方政府 数据 quantitative
填空：`6%` | 滁州等24个县（市）的财政收入递增率为6%，包干上缴比例为…（关键百分比数据）	`6%` | 滁州等24个县（市）的财政收入递增率为6%，包干上缴比例为<br>— 《转型中的地方政府》 · p174	转型中的地方政府 数据 quantitative
填空：`5%` | 桐城等194个县（市）的财政收入递增率为5%，包干上缴比例为…（关键百分比数据）	`5%` | 桐城等194个县（市）的财政收入递增率为5%，包干上缴比例为<br>— 《转型中的地方政府》 · p174	转型中的地方政府 数据 quantitative
填空：`22.5%` | 22.5%，望江等29个县（市）的财政收入递增率为4%，包干上缴比例为…（关键百分比数据）	`22.5%` | 22.5%，望江等29个县（市）的财政收入递增率为4%，包干上缴比例为<br>— 《转型中的地方政府》 · p174	转型中的地方政府 数据 quantitative
填空：`7%` | 政收入递增率为7%，包干上缴比例为36.6%；…（关键百分比数据）	`7%` | 政收入递增率为7%，包干上缴比例为36.6%；<br>— 《转型中的地方政府》 · p174	转型中的地方政府 数据 quantitative
填空：`4%` | 阳、六安、巢湖行署和黄山市的财政收入递增率为4%，包干上缴比例…（关键百分比数据）	`4%` | 阳、六安、巢湖行署和黄山市的财政收入递增率为4%，包干上缴比例<br>— 《转型中的地方政府》 · p174	转型中的地方政府 数据 quantitative
填空：`14％` | 在递增率以内的收入，市留成一个比例（比如14％），超过递增…（关键百分比数据）	`14％` | 在递增率以内的收入，市留成一个比例（比如14％），超过递增<br>— 《转型中的地方政府》 · p174	转型中的地方政府 数据 quantitative
填空：`75%` | 央与地方分享的增值税为例，中央只管分享各省增值税的75%，至于另…（关键百分比数据）	`75%` | 央与地方分享的增值税为例，中央只管分享各省增值税的75%，至于另<br>— 《转型中的地方政府》 · p175	转型中的地方政府 数据 quantitative
填空：`25%` | 外25%的增值税如何在省以下的市、县、乡级政府之间分配，中央并没…（关键百分比数据）	`25%` | 外25%的增值税如何在省以下的市、县、乡级政府之间分配，中央并没<br>— 《转型中的地方政府》 · p175	转型中的地方政府 数据 quantitative
填空：`50%` | 50%，地方分享50%；…（关键百分比数据）	`50%` | 50%，地方分享50%；<br>— 《转型中的地方政府》 · p176	转型中的地方政府 数据 quantitative
填空：`60%` | 2003年所得税收入中央分享60%，地方分享40%。…（关键百分比数据）	`60%` | 2003年所得税收入中央分享60%，地方分享40%。<br>— 《转型中的地方政府》 · p176	转型中的地方政府 数据 quantitative
填空：`20%` | 入的20%作为省级固定分成收入。…（关键百分比数据）	`20%` | 入的20%作为省级固定分成收入。<br>— 《转型中的地方政府》 · p176	转型中的地方政府 数据 quantitative
填空：`20%` | 增量部分，省与市、县（市）实行“二八”分成，即省得20%，市、县…（关键百分比数据）	`20%` | 增量部分，省与市、县（市）实行“二八”分成，即省得20%，市、县<br>— 《转型中的地方政府》 · p177	转型中的地方政府 数据 quantitative
填空：`5%` | 芜等市的递增上缴比例由5%降为3%。…（关键百分比数据）	`5%` | 芜等市的递增上缴比例由5%降为3%。<br>— 《转型中的地方政府》 · p177	转型中的地方政府 数据 quantitative
填空：`70％` | 法中，兰州、嘉峪关、金昌、白银、酒泉5个市省级分享70％，市县分…（关键百分比数据）	`70％` | 法中，兰州、嘉峪关、金昌、白银、酒泉5个市省级分享70％，市县分<br>— 《转型中的地方政府》 · p177	转型中的地方政府 数据 quantitative
填空：`20％` | 其他市（州、地）省级分享20％，市县分享80％。…（关键百分比数据）	`20％` | 其他市（州、地）省级分享20％，市县分享80％。<br>— 《转型中的地方政府》 · p177	转型中的地方政府 数据 quantitative
填空：`75%` | 市、县的共享收入，省与海口市分享比例为：省分享75%，海口市分享…（关键百分比数据）	`75%` | 市、县的共享收入，省与海口市分享比例为：省分享75%，海口市分享<br>— 《转型中的地方政府》 · p177	转型中的地方政府 数据 quantitative
填空：`25%` | 省与其他市、县分享比例为：省分享25%，市、县分享75%。…（关键百分比数据）	`25%` | 省与其他市、县分享比例为：省分享25%，市、县分享75%。<br>— 《转型中的地方政府》 · p177	转型中的地方政府 数据 quantitative
填空：`30%` | 超出市一般预算收入增长幅度部分，由省财政给予30%的返还；…（关键百分比数据）	`30%` | 超出市一般预算收入增长幅度部分，由省财政给予30%的返还；<br>— 《转型中的地方政府》 · p177	转型中的地方政府 数据 quantitative
填空：`5%` | 一般预算收入增幅高于全省平均增幅的市，按增量部分的5%，由省对…（关键百分比数据）	`5%` | 一般预算收入增幅高于全省平均增幅的市，按增量部分的5%，由省对<br>— 《转型中的地方政府》 · p177	转型中的地方政府 数据 quantitative
填空：`30%` | 超出数额的30%给予返还；…（关键百分比数据）	`30%` | 超出数额的30%给予返还；<br>— 《转型中的地方政府》 · p177	转型中的地方政府 数据 quantitative
填空：`40%` | 度超出县（市）财政收入增长幅度部分，省财政按超出数额的40%给予…（关键百分比数据）	`40%` | 度超出县（市）财政收入增长幅度部分，省财政按超出数额的40%给予<br>— 《转型中的地方政府》 · p177	转型中的地方政府 数据 quantitative
填空：`49%` | 1997—2004年中央的收入分享比例从49%逐渐上升到…（关键百分比数据）	`49%` | 1997—2004年中央的收入分享比例从49%逐渐上升到<br>— 《转型中的地方政府》 · p178	转型中的地方政府 数据 quantitative
填空：`55%` | 55%，随后稳中有降，到2012年下降为48%。…（关键百分比数据）	`55%` | 55%，随后稳中有降，到2012年下降为48%。<br>— 《转型中的地方政府》 · p178	转型中的地方政府 数据 quantitative
填空：`41%` | 历了相反的过程，从1997年的41%逐年下降到2004年的34%，随后逐年…（关键百分比数据）	`41%` | 历了相反的过程，从1997年的41%逐年下降到2004年的34%，随后逐年<br>— 《转型中的地方政府》 · p178	转型中的地方政府 数据 quantitative
填空：`42%` | 上升，到2012年上升到42%。…（关键百分比数据）	`42%` | 上升，到2012年上升到42%。<br>— 《转型中的地方政府》 · p178	转型中的地方政府 数据 quantitative
填空：`29%` | —2000年中央的支出比例从29%上升到35%，各市的支出比例从53%下降…（关键百分比数据）	`29%` | —2000年中央的支出比例从29%上升到35%，各市的支出比例从53%下降<br>— 《转型中的地方政府》 · p178	转型中的地方政府 数据 quantitative
填空：`31%` | 2001—2012年中央的支出比例从31%下降到15%，各市的支出比…（关键百分比数据）	`31%` | 2001—2012年中央的支出比例从31%下降到15%，各市的支出比<br>— 《转型中的地方政府》 · p178	转型中的地方政府 数据 quantitative
填空：`49%` | 例则从49%一路上升到69%。…（关键百分比数据）	`49%` | 例则从49%一路上升到69%。<br>— 《转型中的地方政府》 · p178	转型中的地方政府 数据 quantitative
填空：`17%` | 1995—2009年市本级的收入分享比例从17%…（关键百分比数据）	`17%` | 1995—2009年市本级的收入分享比例从17%<br>— 《转型中的地方政府》 · p178	转型中的地方政府 数据 quantitative
填空：`12%` | 下降到12%，下降了5个百分点。…（关键百分比数据）	`12%` | 下降到12%，下降了5个百分点。<br>— 《转型中的地方政府》 · p178	转型中的地方政府 数据 quantitative
填空：`21%` | 市本级的支出比例从21%下降到17%，…（关键百分比数据）	`21%` | 市本级的支出比例从21%下降到17%，<br>— 《转型中的地方政府》 · p178	转型中的地方政府 数据 quantitative
填空：`17%` | 并且2000年之后，支出比例基本稳定在17%左右。…（关键百分比数据）	`17%` | 并且2000年之后，支出比例基本稳定在17%左右。<br>— 《转型中的地方政府》 · p179	转型中的地方政府 数据 quantitative
填空：`20%` | 本稳定在20%左右，而支出比例则经历了先下降再上升的过程。…（关键百分比数据）	`20%` | 本稳定在20%左右，而支出比例则经历了先下降再上升的过程。<br>— 《转型中的地方政府》 · p179	转型中的地方政府 数据 quantitative
填空：`29%` | 2000年区县的支出比例从29%下降到27%，2000年以后该比例逐年上…（关键百分比数据）	`29%` | 2000年区县的支出比例从29%下降到27%，2000年以后该比例逐年上<br>— 《转型中的地方政府》 · p179	转型中的地方政府 数据 quantitative
填空：`42%` | 到2009年，区县的支出比例达到了42%。…（关键百分比数据）	`42%` | 到2009年，区县的支出比例达到了42%。<br>— 《转型中的地方政府》 · p179	转型中的地方政府 数据 quantitative
填空：`77%` | 除了2004年之外，中央始终分享全部增值税收入的77%左右，之所以略…（关键百分比数据）	`77%` | 除了2004年之外，中央始终分享全部增值税收入的77%左右，之所以略<br>— 《转型中的地方政府》 · p180	转型中的地方政府 数据 quantitative
填空：`75%` | 大于我们通常所说的75%是因为海关代征的增值税等是中央的固定收…（关键百分比数据）	`75%` | 大于我们通常所说的75%是因为海关代征的增值税等是中央的固定收<br>— 《转型中的地方政府》 · p180	转型中的地方政府 数据 quantitative
填空：`6%` | 省本级分享的增值税比例大约稳定在6%，市本级分享的增值税比…（关键百分比数据）	`6%` | 省本级分享的增值税比例大约稳定在6%，市本级分享的增值税比<br>— 《转型中的地方政府》 · p180	转型中的地方政府 数据 quantitative
填空：`8%` | 例大约稳定在8%，2005年之后略有下降。…（关键百分比数据）	`8%` | 例大约稳定在8%，2005年之后略有下降。<br>— 《转型中的地方政府》 · p180	转型中的地方政府 数据 quantitative
填空：`10%` | 稳定在10%，2005年之后略有上升。…（关键百分比数据）	`10%` | 稳定在10%，2005年之后略有上升。<br>— 《转型中的地方政府》 · p180	转型中的地方政府 数据 quantitative
填空：`15%` | 1998—2001年中央平均每年分享全国营业税的15%，…（关键百分比数据）	`15%` | 1998—2001年中央平均每年分享全国营业税的15%，<br>— 《转型中的地方政府》 · p180	转型中的地方政府 数据 quantitative
填空：`30%` | 省本级的分享比例基本稳定在30%左右，2005年之后该…（关键百分比数据）	`30%` | 省本级的分享比例基本稳定在30%左右，2005年之后该<br>— 《转型中的地方政府》 · p180	转型中的地方政府 数据 quantitative
填空：`33%` | 到2007年，省本级营业税的分享比例为33%。…（关键百分比数据）	`33%` | 到2007年，省本级营业税的分享比例为33%。<br>— 《转型中的地方政府》 · p180	转型中的地方政府 数据 quantitative
填空：`25%` | 2003年市本级营业税的分享比例从25%上升到28%，但2004—2007年该…（关键百分比数据）	`25%` | 2003年市本级营业税的分享比例从25%上升到28%，但2004—2007年该<br>— 《转型中的地方政府》 · p180	转型中的地方政府 数据 quantitative
填空：`27%` | 比例从27%下降到23%。…（关键百分比数据）	`27%` | 比例从27%下降到23%。<br>— 《转型中的地方政府》 · p180	转型中的地方政府 数据 quantitative
填空：`24%` | 区县分享的营业税比例从1998年的24%逐年上升…（关键百分比数据）	`24%` | 区县分享的营业税比例从1998年的24%逐年上升<br>— 《转型中的地方政府》 · p180	转型中的地方政府 数据 quantitative
填空：`41%` | 到2007年的41%。…（关键百分比数据）	`41%` | 到2007年的41%。<br>— 《转型中的地方政府》 · p180	转型中的地方政府 数据 quantitative
填空：`40%` | 享了企业所得税收入的40%，2002年中央分享了企业所得税收入的…（关键百分比数据）	`40%` | 享了企业所得税收入的40%，2002年中央分享了企业所得税收入的<br>— 《转型中的地方政府》 · p180	转型中的地方政府 数据 quantitative
填空：`15%` | 省本级分享的企业所得税比例基本稳定在15%左右。…（关键百分比数据）	`15%` | 省本级分享的企业所得税比例基本稳定在15%左右。<br>— 《转型中的地方政府》 · p180	转型中的地方政府 数据 quantitative
填空：`8%` | 的企业所得税比例基本稳定在8%左右。…（关键百分比数据）	`8%` | 的企业所得税比例基本稳定在8%左右。<br>— 《转型中的地方政府》 · p180	转型中的地方政府 数据 quantitative
填空：`33%` | 2001年中央分享了个人所得税收入的33%，2002…（关键百分比数据）	`33%` | 2001年中央分享了个人所得税收入的33%，2002<br>— 《转型中的地方政府》 · p181	转型中的地方政府 数据 quantitative
填空：`54%` | 年分享了54%，2003—2007年的分享比例一直维持在65%左右。…（关键百分比数据）	`54%` | 年分享了54%，2003—2007年的分享比例一直维持在65%左右。<br>— 《转型中的地方政府》 · p181	转型中的地方政府 数据 quantitative
填空：`11%` | 政府在2001年分享了11%，2002年分享了18%，2003年之后分享比例基…（关键百分比数据）	`11%` | 政府在2001年分享了11%，2002年分享了18%，2003年之后分享比例基<br>— 《转型中的地方政府》 · p181	转型中的地方政府 数据 quantitative
填空：`12%` | 本稳定在12%左右。…（关键百分比数据）	`12%` | 本稳定在12%左右。<br>— 《转型中的地方政府》 · p181	转型中的地方政府 数据 quantitative
填空：`22%` | 市本级政府在2001年分享了22%，2002年分享了…（关键百分比数据）	`22%` | 市本级政府在2001年分享了22%，2002年分享了<br>— 《转型中的地方政府》 · p181	转型中的地方政府 数据 quantitative
填空：`13%` | 13%，此后该比例稳定在10%左右。…（关键百分比数据）	`13%` | 13%，此后该比例稳定在10%左右。<br>— 《转型中的地方政府》 · p181	转型中的地方政府 数据 quantitative
填空：`33%` | 区县政府在2001年分享了33%，2002…（关键百分比数据）	`33%` | 区县政府在2001年分享了33%，2002<br>— 《转型中的地方政府》 · p181	转型中的地方政府 数据 quantitative
填空：`15%` | 年分享了15%，此后分享比例稳定在13%左右。…（关键百分比数据）	`15%` | 年分享了15%，此后分享比例稳定在13%左右。<br>— 《转型中的地方政府》 · p181	转型中的地方政府 数据 quantitative
填空：`85%` | 乡镇总数的85%（楼继伟，2013）。…（关键百分比数据）	`85%` | 乡镇总数的85%（楼继伟，2013）。<br>— 《转型中的地方政府》 · p184	转型中的地方政府 数据 quantitative
填空：`60％` | 分由中央和地方政府按照60％和40％的比例分成；…（关键百分比数据）	`60％` | 分由中央和地方政府按照60％和40％的比例分成；<br>— 《转型中的地方政府》 · p185	转型中的地方政府 数据 quantitative
填空：`94％` | 证券交易印花税收入94％归中央政府，剩下的6％和其他印花税…（关键百分比数据）	`94％` | 证券交易印花税收入94％归中央政府，剩下的6％和其他印花税<br>— 《转型中的地方政府》 · p186	转型中的地方政府 数据 quantitative
填空：`35％` | [14] 1993年的比例骤然下降到35％，有两个因素使然：一是从1993…（关键百分比数据）	`35％` | [14] 1993年的比例骤然下降到35％，有两个因素使然：一是从1993<br>— 《转型中的地方政府》 · p186	转型中的地方政府 数据 quantitative
填空：`7.5%` | 目标设定为7.5%，而在全国31个省市公布的“十一五”规划中，预计…（关键百分比数据）	`7.5%` | 目标设定为7.5%，而在全国31个省市公布的“十一五”规划中，预计<br>— 《转型中的地方政府》 · p193	转型中的地方政府 数据 quantitative
填空：`10.1%` | 平均GDP增速却是10.1%，最高的达13%，最低为8.5%，以至于国家发改…（关键百分比数据）	`10.1%` | 平均GDP增速却是10.1%，最高的达13%，最低为8.5%，以至于国家发改<br>— 《转型中的地方政府》 · p193	转型中的地方政府 数据 quantitative
填空：`1%` | 县正科实职中选拔，每个正科实职升副县级的概率为1%左右。…（关键百分比数据）	`1%` | 县正科实职中选拔，每个正科实职升副县级的概率为1%左右。<br>— 《转型中的地方政府》 · p207	转型中的地方政府 数据 quantitative
填空：`70％` | 70％，66岁以下的只占5.7％。…（关键百分比数据）	`70％` | 70％，66岁以下的只占5.7％。<br>— 《转型中的地方政府》 · p212	转型中的地方政府 数据 quantitative
填空：`9％` | 其中55岁以下的仅占9％，66岁以上的占了40％以上。…（关键百分比数据）	`9％` | 其中55岁以下的仅占9％，66岁以上的占了40％以上。<br>— 《转型中的地方政府》 · p212	转型中的地方政府 数据 quantitative
填空：`20％` | 在全国2000多万干部中，大学毕业的只占20％左…（关键百分比数据）	`20％` | 在全国2000多万干部中，大学毕业的只占20％左<br>— 《转型中的地方政府》 · p212	转型中的地方政府 数据 quantitative
填空：`40％` | 右，初中文化以下的在40％以上（陈凤楼，2003，第223页）。…（关键百分比数据）	`40％` | 右，初中文化以下的在40％以上（陈凤楼，2003，第223页）。<br>— 《转型中的地方政府》 · p212	转型中的地方政府 数据 quantitative
填空：`60.6%` | 候补委员的名单中，新选入的委员和候补委员有211人，占60.6%，其…（关键百分比数据）	`60.6%` | 候补委员的名单中，新选入的委员和候补委员有211人，占60.6%，其<br>— 《转型中的地方政府》 · p212	转型中的地方政府 数据 quantitative
填空：`35.5％` | 人数由原来的35.5％提高到52％。…（关键百分比数据）	`35.5％` | 人数由原来的35.5％提高到52％。<br>— 《转型中的地方政府》 · p212	转型中的地方政府 数据 quantitative
填空：`15％` | 下降到55.5岁，其中55岁以下的由原来的15％提高到48％，40岁以下…（关键百分比数据）	`15％` | 下降到55.5岁，其中55岁以下的由原来的15％提高到48％，40岁以下<br>— 《转型中的地方政府》 · p213	转型中的地方政府 数据 quantitative
填空：`20％` | 具有大专以上文化程度的由原来的20％提高到43％，其中新…（关键百分比数据）	`20％` | 具有大专以上文化程度的由原来的20％提高到43％，其中新<br>— 《转型中的地方政府》 · p213	转型中的地方政府 数据 quantitative
填空：`71％` | 进班子的人员中，大专以上文化程度的占71％。…（关键百分比数据）	`71％` | 进班子的人员中，大专以上文化程度的占71％。<br>— 《转型中的地方政府》 · p213	转型中的地方政府 数据 quantitative
填空：`14％` | 由原来的58岁下降到50岁，具有大专以上文化程度的由14％提高到…（关键百分比数据）	`14％` | 由原来的58岁下降到50岁，具有大专以上文化程度的由14％提高到<br>— 《转型中的地方政府》 · p213	转型中的地方政府 数据 quantitative
填空：`10.8％` | 中，具有大学以上文化程度的人数由原来的10.8％提高到45％。…（关键百分比数据）	`10.8％` | 中，具有大学以上文化程度的人数由原来的10.8％提高到45％。<br>— 《转型中的地方政府》 · p213	转型中的地方政府 数据 quantitative
填空：`18％` | 岁，有大专学历的人数增加了近18％。…（关键百分比数据）	`18％` | 岁，有大专学历的人数增加了近18％。<br>— 《转型中的地方政府》 · p213	转型中的地方政府 数据 quantitative
填空：`36％` | 36％，交流县级领导干部417人，占总数的43％（陈凤楼，第258…（关键百分比数据）	`36％` | 36％，交流县级领导干部417人，占总数的43％（陈凤楼，第258<br>— 《转型中的地方政府》 · p218	转型中的地方政府 数据 quantitative
填空：`96％` | 据统计，1995年至2000年5月，全国96％的县（市、区）委书记、…（关键百分比数据）	`96％` | 据统计，1995年至2000年5月，全国96％的县（市、区）委书记、<br>— 《转型中的地方政府》 · p219	转型中的地方政府 数据 quantitative
填空：`97％` | 97％的县（市、区）长进行了交流或易地任职（中共中央组织部研究…（关键百分比数据）	`97％` | 97％的县（市、区）长进行了交流或易地任职（中共中央组织部研究<br>— 《转型中的地方政府》 · p219	转型中的地方政府 数据 quantitative
填空：`64%` | 的发展阶段，对外依存度（进出口贸易占GDP的比重）2007年达到64%…（关键百分比数据）	`64%` | 的发展阶段，对外依存度（进出口贸易占GDP的比重）2007年达到64%<br>— 《转型中的地方政府》 · p223	转型中的地方政府 数据 quantitative
填空：`25.9%` | 157位省（市）长中有25.9%的官员得到晋升，41.6%的官员离开了主要…（关键百分比数据）	`25.9%` | 157位省（市）长中有25.9%的官员得到晋升，41.6%的官员离开了主要<br>— 《转型中的地方政府》 · p231	转型中的地方政府 数据 quantitative
填空：`27%` | 二线干部占全市乡局级干部的27%，其中乡镇为39%，市级机关为20%。…（关键百分比数据）	`27%` | 二线干部占全市乡局级干部的27%，其中乡镇为39%，市级机关为20%。<br>— 《转型中的地方政府》 · p233	转型中的地方政府 数据 quantitative
填空：`30％` | 30％，有一些省区甚至超出了50%，而且几乎所有省级政府报出的增长…（关键百分比数据）	`30％` | 30％，有一些省区甚至超出了50%，而且几乎所有省级政府报出的增长<br>— 《转型中的地方政府》 · p236	转型中的地方政府 数据 quantitative
填空：`2.05%` | [1] 市级政府的平均目标增长率要高于省级目标均值2.05%—…（关键百分比数据）	`2.05%` | [1] 市级政府的平均目标增长率要高于省级目标均值2.05%—<br>— 《转型中的地方政府》 · p237	转型中的地方政府 数据 quantitative
填空：`3.39%` | 3.39%，超出部分占省级目标的20%以上。…（关键百分比数据）	`3.39%` | 3.39%，超出部分占省级目标的20%以上。<br>— 《转型中的地方政府》 · p237	转型中的地方政府 数据 quantitative
填空：`0.156%` | 市级实际完成值略低于目标值0.156%之外，我们看到省市两级的实际…（关键百分比数据）	`0.156%` | 市级实际完成值略低于目标值0.156%之外，我们看到省市两级的实际<br>— 《转型中的地方政府》 · p237	转型中的地方政府 数据 quantitative
填空：`8.7%` | 的GDP增长率达到8.7%，2010年超过10%，与此相对照的是，西方主要…（关键百分比数据）	`8.7%` | 的GDP增长率达到8.7%，2010年超过10%，与此相对照的是，西方主要<br>— 《转型中的地方政府》 · p239	转型中的地方政府 数据 quantitative
填空：`3%` | 象，缺口大约在3%—9%之间。…（关键百分比数据）	`3%` | 象，缺口大约在3%—9%之间。<br>— 《转型中的地方政府》 · p240	转型中的地方政府 数据 quantitative
填空：`20%` | 五”规划制定时承诺单位GDP能耗下降20%，但“十一五”前四年累计…（关键百分比数据）	`20%` | 五”规划制定时承诺单位GDP能耗下降20%，但“十一五”前四年累计<br>— 《转型中的地方政府》 · p241	转型中的地方政府 数据 quantitative
填空：`14.38%` | 单位GDP能耗只下降了14.38%，2010年上半年单位能耗不降反升，使得…（关键百分比数据）	`14.38%` | 单位GDP能耗只下降了14.38%，2010年上半年单位能耗不降反升，使得<br>— 《转型中的地方政府》 · p241	转型中的地方政府 数据 quantitative
填空：`12%` | 率会增加0.45个百分点，与样本期间12%左右的平均经济增长率相比，…（关键百分比数据）	`12%` | 率会增加0.45个百分点，与样本期间12%左右的平均经济增长率相比，<br>— 《转型中的地方政府》 · p242	转型中的地方政府 数据 quantitative
填空：`7.2%` | 发现，1978—2008年间，中国的全社会固定资产投资增长率在-7.2%和…（关键百分比数据）	`7.2%` | 发现，1978—2008年间，中国的全社会固定资产投资增长率在-7.2%和<br>— 《转型中的地方政府》 · p246	转型中的地方政府 数据 quantitative
填空：`61.8%` | 61.8%之间波动，信贷投放增长率在6.01%和33.09%之间波动，远远大…（关键百分比数据）	`61.8%` | 61.8%之间波动，信贷投放增长率在6.01%和33.09%之间波动，远远大<br>— 《转型中的地方政府》 · p246	转型中的地方政府 数据 quantitative
填空：`41.6%` | 峰，例如2001—2002年党代会期间有41.6%的市委书记被替换，因此党…（关键百分比数据）	`41.6%` | 峰，例如2001—2002年党代会期间有41.6%的市委书记被替换，因此党<br>— 《转型中的地方政府》 · p248	转型中的地方政府 数据 quantitative
填空：`50%` | 假说，我们按照制造业两位数行业的平均资本份额，以50%分位数为…（关键百分比数据）	`50%` | 假说，我们按照制造业两位数行业的平均资本份额，以50%分位数为<br>— 《转型中的地方政府》 · p250	转型中的地方政府 数据 quantitative
填空：`30%` | 30%，而单个法人股东持股不得超过10%，单个自然人持股不得超过…（关键百分比数据）	`30%` | 30%，而单个法人股东持股不得超过10%，单个自然人持股不得超过<br>— 《转型中的地方政府》 · p251	转型中的地方政府 数据 quantitative
填空：`40％` | 的40％，而土地出让金净收入占到预算外收入的60％左右。…（关键百分比数据）	`40％` | 的40％，而土地出让金净收入占到预算外收入的60％左右。<br>— 《转型中的地方政府》 · p253	转型中的地方政府 数据 quantitative
填空：`50%` | —2011年，中国城市土地出让收入占预算内收入的比例平均维持在50%…（关键百分比数据）	`50%` | —2011年，中国城市土地出让收入占预算内收入的比例平均维持在50%<br>— 《转型中的地方政府》 · p253	转型中的地方政府 数据 quantitative
填空：`60%` | —60%（Fang et al.，2015）。…（关键百分比数据）	`60%` | —60%（Fang et al.，2015）。<br>— 《转型中的地方政府》 · p253	转型中的地方政府 数据 quantitative
填空：`75％` | 在分税制下，增值税的75％上缴中央，25％…（关键百分比数据）	`75％` | 在分税制下，增值税的75％上缴中央，25％<br>— 《转型中的地方政府》 · p253	转型中的地方政府 数据 quantitative
填空：`72％` | 国际上一般的情况是，住宅的建设成本中72％是建…（关键百分比数据）	`72％` | 国际上一般的情况是，住宅的建设成本中72％是建<br>— 《转型中的地方政府》 · p254	转型中的地方政府 数据 quantitative
填空：`28％` | 筑和安装，地价、利润及其他只占28％；…（关键百分比数据）	`28％` | 筑和安装，地价、利润及其他只占28％；<br>— 《转型中的地方政府》 · p254	转型中的地方政府 数据 quantitative
填空：`42％` | 42％，地价、税费和其他占到58％。…（关键百分比数据）	`42％` | 42％，地价、税费和其他占到58％。<br>— 《转型中的地方政府》 · p254	转型中的地方政府 数据 quantitative
填空：`60％` | 发银行等金融机构举债）的资金筹集额占总融资的60％，以银行贷款…（关键百分比数据）	`60％` | 发银行等金融机构举债）的资金筹集额占总融资的60％，以银行贷款<br>— 《转型中的地方政府》 · p256	转型中的地方政府 数据 quantitative
填空：`80％` | 资源部披露，目前全国80％的违法用地是地方政府行为。…（关键百分比数据）	`80％` | 资源部披露，目前全国80％的违法用地是地方政府行为。<br>— 《转型中的地方政府》 · p258	转型中的地方政府 数据 quantitative
填空：`14％` | 的进出口总额占GDP的比例）平均从14％上升到37％，另一方面，对内…（关键百分比数据）	`14％` | 的进出口总额占GDP的比例）平均从14％上升到37％，另一方面，对内<br>— 《转型中的地方政府》 · p265	转型中的地方政府 数据 quantitative
填空：`37％` | 这相当于省际贸易的关税税率从1987年的37％上升到…（关键百分比数据）	`37％` | 这相当于省际贸易的关税税率从1987年的37％上升到<br>— 《转型中的地方政府》 · p265	转型中的地方政府 数据 quantitative
填空：`70%` | 家中小机场，亏损比例高达70%—80%。…（关键百分比数据）	`70%` | 家中小机场，亏损比例高达70%—80%。<br>— 《转型中的地方政府》 · p269	转型中的地方政府 数据 quantitative
填空：`90％` | 的河段、90％的城市水域受到不同程度的污染。…（关键百分比数据）	`90％` | 的河段、90％的城市水域受到不同程度的污染。<br>— 《转型中的地方政府》 · p273	转型中的地方政府 数据 quantitative
填空：`10%` | 而第十个五年计划提出2005年的污染指标比2001年降低10%的目标只是…（关键百分比数据）	`10%` | 而第十个五年计划提出2005年的污染指标比2001年降低10%的目标只是<br>— 《转型中的地方政府》 · p273	转型中的地方政府 数据 quantitative
填空：`27％` | 水陆客运量的27％。…（关键百分比数据）	`27％` | 水陆客运量的27％。<br>— 《转型中的地方政府》 · p275	转型中的地方政府 数据 quantitative
填空：`63.3%` | 平方公里，占该地区总面积的63.3%；…（关键百分比数据）	`63.3%` | 平方公里，占该地区总面积的63.3%；<br>— 《转型中的地方政府》 · p275	转型中的地方政府 数据 quantitative
填空：`5％` | 2001年，河北省的贫困人口发生率接近5％，远高于我国东部沿海地区…（关键百分比数据）	`5％` | 2001年，河北省的贫困人口发生率接近5％，远高于我国东部沿海地区<br>— 《转型中的地方政府》 · p275	转型中的地方政府 数据 quantitative
填空：`1％` | 的1％的水平，但河北省的贫困人口超过一半分布在环京津地区，三分…（关键百分比数据）	`1％` | 的1％的水平，但河北省的贫困人口超过一半分布在环京津地区，三分<br>— 《转型中的地方政府》 · p275	转型中的地方政府 数据 quantitative
填空：`8%` | 省交界县人均GDP水平比省内其他县域低大约8%。…（关键百分比数据）	`8%` | 省交界县人均GDP水平比省内其他县域低大约8%。<br>— 《转型中的地方政府》 · p277	转型中的地方政府 数据 quantitative
填空：`25%` | 把各省县级人均GDP水平按照全国比较的25%、50%和75%分位数分成四…（关键百分比数据）	`25%` | 把各省县级人均GDP水平按照全国比较的25%、50%和75%分位数分成四<br>— 《转型中的地方政府》 · p277	转型中的地方政府 数据 quantitative
填空：`50%` | 组，50%分位数下处在同一组的省份定位为“弱弱交界型”，50%分位…（关键百分比数据）	`50%` | 组，50%分位数下处在同一组的省份定位为“弱弱交界型”，50%分位<br>— 《转型中的地方政府》 · p277	转型中的地方政府 数据 quantitative
填空：`10%` | 出，2010年中国的二氧化硫的排放量比2005年减少10%，而且，这个减…（关键百分比数据）	`10%` | 出，2010年中国的二氧化硫的排放量比2005年减少10%，而且，这个减<br>— 《转型中的地方政府》 · p278	转型中的地方政府 数据 quantitative
填空：`10%` | 到，“十五”计划虽然也提出2005年的排污量比2001年减少10%，但这…（关键百分比数据）	`10%` | 到，“十五”计划虽然也提出2005年的排污量比2001年减少10%，但这<br>— 《转型中的地方政府》 · p278	转型中的地方政府 数据 quantitative
填空：`50％` | 部分50％增值税1年，200万美元以上的，返还50％增值税3年；…（关键百分比数据）	`50％` | 部分50％增值税1年，200万美元以上的，返还50％增值税3年；<br>— 《转型中的地方政府》 · p295	转型中的地方政府 数据 quantitative
填空：`80％` | 企业占了80％（汪海波，2001，第64—65页）。…（关键百分比数据）	`80％` | 企业占了80％（汪海波，2001，第64—65页）。<br>— 《转型中的地方政府》 · p301	转型中的地方政府 数据 quantitative
填空：`55％` | 毛利的55％的所得税之后，税后利润再一部分上缴给国家，一部分留…（关键百分比数据）	`55％` | 毛利的55％的所得税之后，税后利润再一部分上缴给国家，一部分留<br>— 《转型中的地方政府》 · p301	转型中的地方政府 数据 quantitative
填空：`78％` | 后，国有企业在中国工业产值的份额从1978年的接近78％下降到1996…（关键百分比数据）	`78％` | 后，国有企业在中国工业产值的份额从1978年的接近78％下降到1996<br>— 《转型中的地方政府》 · p304	转型中的地方政府 数据 quantitative
填空：`29％` | 年的29％，与此同时，截至1996年，国有企业拥有57％的城市职工，…（关键百分比数据）	`29％` | 年的29％，与此同时，截至1996年，国有企业拥有57％的城市职工，<br>— 《转型中的地方政府》 · p304	转型中的地方政府 数据 quantitative
填空：`52％` | 占有工业固定投资的52％的份额，却有超过40％的国有企业处于亏损…（关键百分比数据）	`52％` | 占有工业固定投资的52％的份额，却有超过40％的国有企业处于亏损<br>— 《转型中的地方政府》 · p304	转型中的地方政府 数据 quantitative
填空：`50％` | 接近50％，占国内生产总值的30％左右，吸纳农村富余劳动力1.27亿…（关键百分比数据）	`50％` | 接近50％，占国内生产总值的30％左右，吸纳农村富余劳动力1.27亿<br>— 《转型中的地方政府》 · p310	转型中的地方政府 数据 quantitative
填空：`5.8％` | 万个，总产值62.5亿元，约占全国工业总产值的5.8％（张毅等，…（关键百分比数据）	`5.8％` | 万个，总产值62.5亿元，约占全国工业总产值的5.8％（张毅等，<br>— 《转型中的地方政府》 · p311	转型中的地方政府 数据 quantitative
填空：`25.7％` | 长到272亿元，平均每年递增25.7％；…（关键百分比数据）	`25.7％` | 长到272亿元，平均每年递增25.7％；<br>— 《转型中的地方政府》 · p311	转型中的地方政府 数据 quantitative
填空：`9％` | 年，乡镇企业在全国工业产值的比重从只有9％增长到36％，即所谓的…（关键百分比数据）	`9％` | 年，乡镇企业在全国工业产值的比重从只有9％增长到36％，即所谓的<br>— 《转型中的地方政府》 · p312	转型中的地方政府 数据 quantitative
填空：`2.5％` | 长2.5％，城市集体部门为4.9％，乡镇企业为6.9％。…（关键百分比数据）	`2.5％` | 长2.5％，城市集体部门为4.9％，乡镇企业为6.9％。<br>— 《转型中的地方政府》 · p312	转型中的地方政府 数据 quantitative
填空：`10.5％` | 金、争原料”，1981年发展速度降为10.5％。…（关键百分比数据）	`10.5％` | 金、争原料”，1981年发展速度降为10.5％。<br>— 《转型中的地方政府》 · p316	转型中的地方政府 数据 quantitative
填空：`30.5％` | 产总值的贡献为30.5％的情况下，它的出口交货值占到全国出口交货…（关键百分比数据）	`30.5％` | 产总值的贡献为30.5％的情况下，它的出口交货值占到全国出口交货<br>— 《转型中的地方政府》 · p318	转型中的地方政府 数据 quantitative
填空：`40％` | 值的40％（张毅等，2001，第167页）。…（关键百分比数据）	`40％` | 值的40％（张毅等，2001，第167页）。<br>— 《转型中的地方政府》 · p318	转型中的地方政府 数据 quantitative
填空：`27％` | 值占到全市工业产值的27％（余映丽等，2002，第98页）。…（关键百分比数据）	`27％` | 值占到全市工业产值的27％（余映丽等，2002，第98页）。<br>— 《转型中的地方政府》 · p319	转型中的地方政府 数据 quantitative
填空：`1％` | 造了以不到全国1％的土地面积吸引了全国近五分之一的外资的惊人成…（关键百分比数据）	`1％` | 造了以不到全国1％的土地面积吸引了全国近五分之一的外资的惊人成<br>— 《转型中的地方政府》 · p320	转型中的地方政府 数据 quantitative
填空：`70%` | 门的比重从90年代中期的70%以上降至10%左右，创造就业的比重也从…（关键百分比数据）	`70%` | 门的比重从90年代中期的70%以上降至10%左右，创造就业的比重也从<br>— 《转型中的地方政府》 · p321	转型中的地方政府 数据 quantitative
填空：`50%` | 50%降至10%（Kung and Lin，2007）。…（关键百分比数据）	`50%` | 50%降至10%（Kung and Lin，2007）。<br>— 《转型中的地方政府》 · p321	转型中的地方政府 数据 quantitative
填空：`10%` | 成本加价10%支付工程款，公司垫付2—3年。…（关键百分比数据）	`10%` | 成本加价10%支付工程款，公司垫付2—3年。<br>— 《转型中的地方政府》 · p330	转型中的地方政府 数据 quantitative
填空：`30％` | 高出近30％，每一百人的政府雇员人数也要多出10％。…（关键百分比数据）	`30％` | 高出近30％，每一百人的政府雇员人数也要多出10％。<br>— 《转型中的地方政府》 · p337	转型中的地方政府 数据 quantitative
填空：`4.1％` | 这份研究报告发现，税费占企业销售额的比重在东南地区是4.1％，渤…（关键百分比数据）	`4.1％` | 这份研究报告发现，税费占企业销售额的比重在东南地区是4.1％，渤<br>— 《转型中的地方政府》 · p338	转型中的地方政府 数据 quantitative
填空：`4.5％` | 海地区4.5％，中部地区5％，东北地区5.4％，西南地区6.3％，西北…（关键百分比数据）	`4.5％` | 海地区4.5％，中部地区5％，东北地区5.4％，西南地区6.3％，西北<br>— 《转型中的地方政府》 · p338	转型中的地方政府 数据 quantitative
填空：`1％` | 1％，渤海地区0.9％，中部地区1.2％，东北地区1.4％，西南地区…（关键百分比数据）	`1％` | 1％，渤海地区0.9％，中部地区1.2％，东北地区1.4％，西南地区<br>— 《转型中的地方政府》 · p338	转型中的地方政府 数据 quantitative
填空：`1.2％` | 1.2％，西北地区1.3％，这说明落后地区的企业更可能面临政府的…（关键百分比数据）	`1.2％` | 1.2％，西北地区1.3％，这说明落后地区的企业更可能面临政府的<br>— 《转型中的地方政府》 · p338	转型中的地方政府 数据 quantitative
填空：`90%` | 外省企业的广告占了90%以上，也就是说，所谓的处罚虚假广告其实是…（关键百分比数据）	`90%` | 外省企业的广告占了90%以上，也就是说，所谓的处罚虚假广告其实是<br>— 《转型中的地方政府》 · p352	转型中的地方政府 数据 quantitative
填空：`7％` | 7％，而这一比率在美国是16％—17％，欧盟30％以上，日本25％，在…（关键百分比数据）	`7％` | 7％，而这一比率在美国是16％—17％，欧盟30％以上，日本25％，在<br>— 《转型中的地方政府》 · p353	转型中的地方政府 数据 quantitative
填空：`1.68%` | 低，从1989年至2006年…（关键百分比数据）	`1.68%` | 低，从1989年至2006年，最高值（1989年）只有1.68%，1998年国家机<br>— 《转型中的地方政府》 · p353	转型中的地方政府 数据 quantitative
填空：`0.5％` | 关改革之后还大幅度下降，跌至不足0.5％。…（关键百分比数据）	`0.5％` | 关改革之后还大幅度下降，跌至不足0.5％。<br>— 《转型中的地方政府》 · p353	转型中的地方政府 数据 quantitative
填空：`21％` | 率为21％，低于世界平均值25％，更低于发达国家60％，日本为35%。…（关键百分比数据）	`21％` | 率为21％，低于世界平均值25％，更低于发达国家60％，日本为35%。<br>— 《转型中的地方政府》 · p353	转型中的地方政府 数据 quantitative
填空：`30％` | 制改革之后，这一比例仍然不足30％，近年来更是低至15%。…（关键百分比数据）	`30％` | 制改革之后，这一比例仍然不足30％，近年来更是低至15%。<br>— 《转型中的地方政府》 · p353	转型中的地方政府 数据 quantitative
填空：`70％` | 平均值在70％左右。…（关键百分比数据）	`70％` | 平均值在70％左右。<br>— 《转型中的地方政府》 · p354	转型中的地方政府 数据 quantitative
填空：`57％` | 偏低的，这一比例在捷克为57％，匈牙利为56％，波兰为56.4％…（关键百分比数据）	`57％` | 偏低的，这一比例在捷克为57％，匈牙利为56％，波兰为56.4％<br>— 《转型中的地方政府》 · p354	转型中的地方政府 数据 quantitative
填空：`15％` | 和大约15％的中央财政支出占比。…（关键百分比数据）	`15％` | 和大约15％的中央财政支出占比。<br>— 《转型中的地方政府》 · p355	转型中的地方政府 数据 quantitative
填空：`50％` | 年代初的50％下降到分税制改革前的15％左右，这和发达国家的50％…（关键百分比数据）	`50％` | 年代初的50％下降到分税制改革前的15％左右，这和发达国家的50％<br>— 《转型中的地方政府》 · p357	转型中的地方政府 数据 quantitative
填空：`20％` | 诺在“十一五”期间，GDP能耗降低20％左右，主要污染物（二氧化硫…（关键百分比数据）	`20％` | 诺在“十一五”期间，GDP能耗降低20％左右，主要污染物（二氧化硫<br>— 《转型中的地方政府》 · p361	转型中的地方政府 数据 quantitative
填空：`10％` | 和化学需氧量）的排放量削减10％。…（关键百分比数据）	`10％` | 和化学需氧量）的排放量削减10％。<br>— 《转型中的地方政府》 · p361	转型中的地方政府 数据 quantitative
填空：`15.9％` | 低到15.9％，低于全国平均水平。…（关键百分比数据）	`15.9％` | 低到15.9％，低于全国平均水平。<br>— 《转型中的地方政府》 · p363	转型中的地方政府 数据 quantitative
填空：`6％` | 收入增长速度平均增长6％，按照国际比较，这还是比较迅速的增长，…（关键百分比数据）	`6％` | 收入增长速度平均增长6％，按照国际比较，这还是比较迅速的增长，<br>— 《转型中的地方政府》 · p365	转型中的地方政府 数据 quantitative
填空：`10％` | 而在改革之后30多年，中国经济实际GDP增长平均接近10％，企业的国…（关键百分比数据）	`10％` | 而在改革之后30多年，中国经济实际GDP增长平均接近10％，企业的国<br>— 《转型中的地方政府》 · p365	转型中的地方政府 数据 quantitative
填空：`78%` | 1998年有78%的县长处在任期的第一年或第二年。…（关键百分比数据）	`78%` | 1998年有78%的县长处在任期的第一年或第二年。<br>— 《转型中的地方政府》 · p373	转型中的地方政府 数据 quantitative
填空：`80%` | 是在1998—2002年间，平均每年有超过80%的县长处在任期的前三年，…（关键百分比数据）	`80%` | 是在1998—2002年间，平均每年有超过80%的县长处在任期的前三年，<br>— 《转型中的地方政府》 · p373	转型中的地方政府 数据 quantitative
填空：`29%` | 在党代会召开当年，有29%的样本发生市委书记变更，有33%的样…（关键百分比数据）	`29%` | 在党代会召开当年，有29%的样本发生市委书记变更，有33%的样<br>— 《转型中的地方政府》 · p376	转型中的地方政府 数据 quantitative
填空：`25%` | 第二个高峰出现在党代会召开后两年，有25%的样本…（关键百分比数据）	`25%` | 第二个高峰出现在党代会召开后两年，有25%的样本<br>— 《转型中的地方政府》 · p376	转型中的地方政府 数据 quantitative
填空：`28%` | 发生市委书记变更，有28%的样本发生市长变更。…（关键百分比数据）	`28%` | 发生市委书记变更，有28%的样本发生市长变更。<br>— 《转型中的地方政府》 · p376	转型中的地方政府 数据 quantitative
填空：`10%` | 记变更的比例大约在10%—20%之间，市长变更的比例在15%—25%。…（关键百分比数据）	`10%` | 记变更的比例大约在10%—20%之间，市长变更的比例在15%—25%。<br>— 《转型中的地方政府》 · p376	转型中的地方政府 数据 quantitative
填空：`21.39%` | 别有21.39%、25.4%、16.58%的市委书记任期为两年、三年、四年。…（关键百分比数据）	`21.39%` | 别有21.39%、25.4%、16.58%的市委书记任期为两年、三年、四年。<br>— 《转型中的地方政府》 · p376	转型中的地方政府 数据 quantitative
填空：`27.33%` | 于市长，任期为两年的比例最高，为27.33%，任期为三年的比例为…（关键百分比数据）	`27.33%` | 于市长，任期为两年的比例最高，为27.33%，任期为三年的比例为<br>— 《转型中的地方政府》 · p376	转型中的地方政府 数据 quantitative
填空：`90%` | 总的来看，90%以上的官员任期都没有超过6年，60%以上的市委…（关键百分比数据）	`90%` | 总的来看，90%以上的官员任期都没有超过6年，60%以上的市委<br>— 《转型中的地方政府》 · p376	转型中的地方政府 数据 quantitative
填空：`2.4%` | 高2.4%，第二年比第三年高2%。…（关键百分比数据）	`2.4%` | 高2.4%，第二年比第三年高2%。<br>— 《转型中的地方政府》 · p376	转型中的地方政府 数据 quantitative
填空：`10%` | 明，即使在10%的显著性水平下，表示党代会周期虚拟变量的估计系数…（关键百分比数据）	`10%` | 明，即使在10%的显著性水平下，表示党代会周期虚拟变量的估计系数<br>— 《转型中的地方政府》 · p377	转型中的地方政府 数据 quantitative
填空：`80%` | 府负债占本省GDP的比例较高，如贵州超过80%，重庆60%，云南、青海…（关键百分比数据）	`80%` | 府负债占本省GDP的比例较高，如贵州超过80%，重庆60%，云南、青海<br>— 《转型中的地方政府》 · p380	转型中的地方政府 数据 quantitative
填空：`95%` | 居民医保和新农合三项医保制度所覆盖，城乡居民总参保率维持在95%…（关键百分比数据）	`95%` | 居民医保和新农合三项医保制度所覆盖，城乡居民总参保率维持在95%<br>— 《转型中的地方政府》 · p394	转型中的地方政府 数据 quantitative
填空：`43.3%` | 43.3%，只比2009年的参保率提高了3个百分点，失业保障制度覆盖面…（关键百分比数据）	`43.3%` | 43.3%，只比2009年的参保率提高了3个百分点，失业保障制度覆盖面<br>— 《转型中的地方政府》 · p395	转型中的地方政府 数据 quantitative
填空：`70％` | 失业保险金一般为最低工资的70％—80%，替代原工资的比…（关键百分比数据）	`70％` | 失业保险金一般为最低工资的70％—80%，替代原工资的比<br>— 《转型中的地方政府》 · p395	转型中的地方政府 数据 quantitative
填空：`30%` | 例在很多地区不足30%。…（关键百分比数据）	`30%` | 例在很多地区不足30%。<br>— 《转型中的地方政府》 · p395	转型中的地方政府 数据 quantitative
填空：`8%` | 为8%，单位缴费比例各地有较大差异，比如广东和浙江是14%，上海…（关键百分比数据）	`8%` | 为8%，单位缴费比例各地有较大差异，比如广东和浙江是14%，上海<br>— 《转型中的地方政府》 · p395	转型中的地方政府 数据 quantitative
填空：`21%` | 21%，山东和福建18%，黑龙江为22%，大多数省份为20%。…（关键百分比数据）	`21%` | 21%，山东和福建18%，黑龙江为22%，大多数省份为20%。<br>— 《转型中的地方政府》 · p395	转型中的地方政府 数据 quantitative
填空：`７０％` | 国际经验显示，当养老金替代率达到７０％左右时，退休…（关键百分比数据）	`７０％` | 国际经验显示，当养老金替代率达到７０％左右时，退休<br>— 《转型中的地方政府》 · p395	转型中的地方政府 数据 quantitative
填空：`５０％` | 人员的生活水平与在职时大体相当，而低于５０％时生活质量则明显…（关键百分比数据）	`５０％` | 人员的生活水平与在职时大体相当，而低于５０％时生活质量则明显<br>— 《转型中的地方政府》 · p395	转型中的地方政府 数据 quantitative
填空：`６７％` | 金替代率达到了６７％，但各地居民社会养老保险基础养老金标准的…（关键百分比数据）	`６７％` | 金替代率达到了６７％，但各地居民社会养老保险基础养老金标准的<br>— 《转型中的地方政府》 · p395	转型中的地方政府 数据 quantitative
填空：`10%` | 比如在1990—2000年，中国维持了大约10%的增长率，其中资本投…（关键百分比数据）	`10%` | 比如在1990—2000年，中国维持了大约10%的增长率，其中资本投<br>— 《转型中的地方政府》 · p397	转型中的地方政府 数据 quantitative
填空：`50%` | 入贡献了其中的50%，全要素生产率贡献了40%的份额，而劳动力的增…（关键百分比数据）	`50%` | 入贡献了其中的50%，全要素生产率贡献了40%的份额，而劳动力的增<br>— 《转型中的地方政府》 · p397	转型中的地方政府 数据 quantitative
填空：`10%` | 长只占10%的份额（Liu，2014）。…（关键百分比数据）	`10%` | 长只占10%的份额（Liu，2014）。<br>— 《转型中的地方政府》 · p397	转型中的地方政府 数据 quantitative
填空：`3.78%` | 均改善速度约为3.78%，而2008—2013年间生产效率的年平均改善速度…（关键百分比数据）	`3.78%` | 均改善速度约为3.78%，而2008—2013年间生产效率的年平均改善速度<br>— 《转型中的地方政府》 · p397	转型中的地方政府 数据 quantitative
填空：`80亿元` | 还从1970年起每年拨出80亿元作为发展“五小”工业专项基金，交给…（1970年数据）	`80亿元` | 还从1970年起每年拨出80亿元作为发展“五小”工业专项基金，交给<br>— 《转型中的地方政府》 · p108	转型中的地方政府 数据 quantitative
填空：`172.91亿元` | 明，1987年，上海地方财政收入为172.91亿元，上缴中央119.82亿…（1987年数据）	`172.91亿元` | 明，1987年，上海地方财政收入为172.91亿元，上缴中央119.82亿<br>— 《转型中的地方政府》 · p119	转型中的地方政府 数据 quantitative
填空：`53.85亿元` | 元，地方财政支出只有53.85亿元；…（关键数值）	`53.85亿元` | 元，地方财政支出只有53.85亿元；<br>— 《转型中的地方政府》 · p119	转型中的地方政府 数据 quantitative
填空：`107亿元` | 江苏省地方财政收入为107亿元，…（关键数值）	`107亿元` | 江苏省地方财政收入为107亿元，<br>— 《转型中的地方政府》 · p119	转型中的地方政府 数据 quantitative
填空：`40亿元` | 上缴60多亿元，地方财政支出不足40亿元；…（关键数值）	`40亿元` | 上缴60多亿元，地方财政支出不足40亿元；<br>— 《转型中的地方政府》 · p119	转型中的地方政府 数据 quantitative
填空：`14亿元` | 而广东只上缴14亿元，地…（关键数值）	`14亿元` | 而广东只上缴14亿元，地<br>— 《转型中的地方政府》 · p119	转型中的地方政府 数据 quantitative
填空：`80亿元` | 方留成达80亿元（谢庆奎等，1998，第75页）。…（关键数值）	`80亿元` | 方留成达80亿元（谢庆奎等，1998，第75页）。<br>— 《转型中的地方政府》 · p119	转型中的地方政府 数据 quantitative
填空：`30亿元` | 1955年累计的地方年终结余高达30亿元（薄一波，1991，第481页）。…（1955年数据）	`30亿元` | 1955年累计的地方年终结余高达30亿元（薄一波，1991，第481页）。<br>— 《转型中的地方政府》 · p146	转型中的地方政府 数据 quantitative
填空：`20万元` | 后5年中，中央只给天津地方工业安排了20万元基建投资，建什么都要…（关键数值）	`20万元` | 后5年中，中央只给天津地方工业安排了20万元基建投资，建什么都要<br>— 《转型中的地方政府》 · p146	转型中的地方政府 数据 quantitative
填空：`100亿元` | 1958年和1959年共清理这种挪用资金100亿元，占1958年财…（1958年数据）	`100亿元` | 1958年和1959年共清理这种挪用资金100亿元，占1958年财<br>— 《转型中的地方政府》 · p155	转型中的地方政府 数据 quantitative
填空：`1406亿元` | “小金库”资金（含挤占挪用）1406亿元，平均每年超过165亿元，其…（关键数值）	`1406亿元` | “小金库”资金（含挤占挪用）1406亿元，平均每年超过165亿元，其<br>— 《转型中的地方政府》 · p164	转型中的地方政府 数据 quantitative
填空：`312亿元` | 中2005年审计机关发现“小金库”资金高达312亿元，2006年上半年高…（2005年数据）	`312亿元` | 中2005年审计机关发现“小金库”资金高达312亿元，2006年上半年高<br>— 《转型中的地方政府》 · p164	转型中的地方政府 数据 quantitative
填空：`800亿元` | 国有企事业单位每年发生的“小金库”资金平均超过800亿元。…（关键数值）	`800亿元` | 国有企事业单位每年发生的“小金库”资金平均超过800亿元。<br>— 《转型中的地方政府》 · p164	转型中的地方政府 数据 quantitative
填空：`1000亿元` | 发生的“小金库”资金总额或在1000亿元以上。…（关键数值）	`1000亿元` | 发生的“小金库”资金总额或在1000亿元以上。<br>— 《转型中的地方政府》 · p164	转型中的地方政府 数据 quantitative
填空：`70亿元` | 程总投资近70亿元，也是甘肃省历史上最大的工程建设项目，对于苏…（关键数值）	`70亿元` | 程总投资近70亿元，也是甘肃省历史上最大的工程建设项目，对于苏<br>— 《转型中的地方政府》 · p199	转型中的地方政府 数据 quantitative
填空：`8000万元` | 相配合，中石油就确定投资8000万元在江西种植20万亩能源林。…（关键数值）	`8000万元` | 相配合，中石油就确定投资8000万元在江西种植20万亩能源林。<br>— 《转型中的地方政府》 · p199	转型中的地方政府 数据 quantitative
填空：`1200亿元` | 种渠道为上海筹集了1200亿元左右的城建资金，资金来源包括财政投…（关键数值）	`1200亿元` | 种渠道为上海筹集了1200亿元左右的城建资金，资金来源包括财政投<br>— 《转型中的地方政府》 · p256	转型中的地方政府 数据 quantitative
填空：`2.5亿元` | 计，都匀市1998年共调动市内各种形式的社会资金2.5亿元，其中投入…（1998年数据）	`2.5亿元` | 计，都匀市1998年共调动市内各种形式的社会资金2.5亿元，其中投入<br>— 《转型中的地方政府》 · p257	转型中的地方政府 数据 quantitative
填空：`2亿元` | 到旧城改造及市政设施建设维护近2亿元，置换取得的各种形态的生产…（关键数值）	`2亿元` | 到旧城改造及市政设施建设维护近2亿元，置换取得的各种形态的生产<br>— 《转型中的地方政府》 · p257	转型中的地方政府 数据 quantitative
填空：`1000万元` | 元，直接在置换活动中增加的税收近1000万元。…（关键数值）	`1000万元` | 元，直接在置换活动中增加的税收近1000万元。<br>— 《转型中的地方政府》 · p257	转型中的地方政府 数据 quantitative
填空：`1100万元` | 1997年都匀市全市财政赤字高达1100万元，是贵州七个州市中唯一有…（1997年数据）	`1100万元` | 1997年都匀市全市财政赤字高达1100万元，是贵州七个州市中唯一有<br>— 《转型中的地方政府》 · p257	转型中的地方政府 数据 quantitative
填空：`2.3万亿元` | 激计划中1.7万亿由中央和地方政府提供，而剩余的2.3万亿元主要通…（关键数值）	`2.3万亿元` | 激计划中1.7万亿由中央和地方政府提供，而剩余的2.3万亿元主要通<br>— 《转型中的地方政府》 · p262	转型中的地方政府 数据 quantitative
填空：`2万元` | 雪”啤酒，违者吊销营业执照并重罚2万元。…（关键数值）	`2万元` | 雪”啤酒，违者吊销营业执照并重罚2万元。<br>— 《转型中的地方政府》 · p266	转型中的地方政府 数据 quantitative
填空：`13.14亿元人民币` | 贴，补贴总金额达13.14亿元人民币。…（关键数值）	`13.14亿元人民币` | 贴，补贴总金额达13.14亿元人民币。<br>— 《转型中的地方政府》 · p269	转型中的地方政府 数据 quantitative
填空：`10万元` | 用于基础设施的投入和土地出让金应该在每亩10万元以上，但激烈的…（关键数值）	`10万元` | 用于基础设施的投入和土地出让金应该在每亩10万元以上，但激烈的<br>— 《转型中的地方政府》 · p271	转型中的地方政府 数据 quantitative
填空：`15万元` | 竞争已经使得地价普遍从15万元跌到5万元左右。…（关键数值）	`15万元` | 竞争已经使得地价普遍从15万元跌到5万元左右。<br>— 《转型中的地方政府》 · p271	转型中的地方政府 数据 quantitative
填空：`62.5亿元` | 万个，总产值62.5亿元，约占全国工业总产值的5.8％（张毅等，…（关键百分比数据）	`62.5亿元` | 万个，总产值62.5亿元，约占全国工业总产值的5.8％（张毅等，<br>— 《转型中的地方政府》 · p311	转型中的地方政府 数据 quantitative
填空：`92.5亿元` | 据统计，1970—1976年，社队企业产值从92.5亿元增…（1976年数据）	`92.5亿元` | 据统计，1970—1976年，社队企业产值从92.5亿元增<br>— 《转型中的地方政府》 · p311	转型中的地方政府 数据 quantitative
填空：`272亿元` | 长到272亿元，平均每年递增25.7％；…（关键百分比数据）	`272亿元` | 长到272亿元，平均每年递增25.7％；<br>— 《转型中的地方政府》 · p311	转型中的地方政府 数据 quantitative
填空：`493亿元` | 万个，产值达493亿元（威廉·伯德等，1990，第11页）。…（关键数值）	`493亿元` | 万个，产值达493亿元（威廉·伯德等，1990，第11页）。<br>— 《转型中的地方政府》 · p311	转型中的地方政府 数据 quantitative
填空：`5亿元人民币` | 比如当时有人估算要建立一家汽车制造厂，至少需要5亿元人民币…（关键数值）	`5亿元人民币` | 比如当时有人估算要建立一家汽车制造厂，至少需要5亿元人民币<br>— 《转型中的地方政府》 · p327	转型中的地方政府 数据 quantitative
填空：`500亿元` | 2009年开工的楚河汉街就耗资500亿元，因为和中央强调的做大文化产…（2009年数据）	`500亿元` | 2009年开工的楚河汉街就耗资500亿元，因为和中央强调的做大文化产<br>— 《转型中的地方政府》 · p329	转型中的地方政府 数据 quantitative
填空：`9000万元` | 之时，固安财政收入才9000万元，位于廊坊下辖区县的末尾。…（关键数值）	`9000万元` | 之时，固安财政收入才9000万元，位于廊坊下辖区县的末尾。<br>— 《转型中的地方政府》 · p330	转型中的地方政府 数据 quantitative
填空：`2200亿元` | 2200亿元，创造新增就业岗位近4 万个。…（关键数值）	`2200亿元` | 2200亿元，创造新增就业岗位近4 万个。<br>— 《转型中的地方政府》 · p331	转型中的地方政府 数据 quantitative
填空：`13.6亿元` | 地的方式从多家金融机构取得贷款13.6亿元。…（关键数值）	`13.6亿元` | 地的方式从多家金融机构取得贷款13.6亿元。<br>— 《转型中的地方政府》 · p331	转型中的地方政府 数据 quantitative
填空：`19.3亿元` | 高达19.3亿元的负债总额中就有超过13亿元是银行贷款。…（关键数值）	`19.3亿元` | 高达19.3亿元的负债总额中就有超过13亿元是银行贷款。<br>— 《转型中的地方政府》 · p331	转型中的地方政府 数据 quantitative
填空：`1.9亿元` | 华林归还即将到期的1.9亿元贷款。…（关键数值）	`1.9亿元` | 华林归还即将到期的1.9亿元贷款。<br>— 《转型中的地方政府》 · p331	转型中的地方政府 数据 quantitative
填空：`6000万元` | 政府协调财政局和淮阳县第一中学向华林集团转借6000万元资金。…（关键数值）	`6000万元` | 政府协调财政局和淮阳县第一中学向华林集团转借6000万元资金。<br>— 《转型中的地方政府》 · p331	转型中的地方政府 数据 quantitative
填空：`13.6亿元` | 峰的40多亿减少到警方认定的13.6亿元。…（关键数值）	`13.6亿元` | 峰的40多亿减少到警方认定的13.6亿元。<br>— 《转型中的地方政府》 · p331	转型中的地方政府 数据 quantitative
填空：`2亿元` | 新余市利用多年的财政结余加上银行贷款2亿元支…（关键数值）	`2亿元` | 新余市利用多年的财政结余加上银行贷款2亿元支<br>— 《转型中的地方政府》 · p332	转型中的地方政府 数据 quantitative
填空：`421.67亿元` | 猛增长，2011年新余市新能源的产值达421.67亿元。…（2011年数据）	`421.67亿元` | 猛增长，2011年新余市新能源的产值达421.67亿元。<br>— 《转型中的地方政府》 · p332	转型中的地方政府 数据 quantitative
填空：`2.8亿元` | 缴利税2.8亿元，并创造了16000多个就业岗位。…（关键数值）	`2.8亿元` | 缴利税2.8亿元，并创造了16000多个就业岗位。<br>— 《转型中的地方政府》 · p332	转型中的地方政府 数据 quantitative
填空：`13.6亿元` | 家企业，即上缴税收13.6亿元，成为新余市财政贡献第一大户。…（关键数值）	`13.6亿元` | 家企业，即上缴税收13.6亿元，成为新余市财政贡献第一大户。<br>— 《转型中的地方政府》 · p332	转型中的地方政府 数据 quantitative
填空：`200亿元` | 下游光伏企业近百家，产值超200亿元。…（关键数值）	`200亿元` | 下游光伏企业近百家，产值超200亿元。<br>— 《转型中的地方政府》 · p332	转型中的地方政府 数据 quantitative
填空：`18亿元` | 当时财政总收入只有18亿元、可支配财力不过几亿元的“钢城”小…（关键数值）	`18亿元` | 当时财政总收入只有18亿元、可支配财力不过几亿元的“钢城”小<br>— 《转型中的地方政府》 · p332	转型中的地方政府 数据 quantitative
填空：`111.3亿元` | 市，到2011年的财政总收入达111.3亿元，一跃成为江西的经济强市。…（2011年数据）	`111.3亿元` | 市，到2011年的财政总收入达111.3亿元，一跃成为江西的经济强市。<br>— 《转型中的地方政府》 · p332	转型中的地方政府 数据 quantitative
填空：`20亿元` | 江西省政府2012年5月筹措20亿元成立“赛维稳定…（2012年数据）	`20亿元` | 江西省政府2012年5月筹措20亿元成立“赛维稳定<br>— 《转型中的地方政府》 · p333	转型中的地方政府 数据 quantitative
填空：`5亿元` | 司（以下简称华融信托）办理的一笔5亿元的债务到期。…（关键数值）	`5亿元` | 司（以下简称华融信托）办理的一笔5亿元的债务到期。<br>— 《转型中的地方政府》 · p333	转型中的地方政府 数据 quantitative
填空：`5亿元` | 再向华融信托受理一笔5亿元的信托业务，但此次，华融信托开出的条…（关键数值）	`5亿元` | 再向华融信托受理一笔5亿元的信托业务，但此次，华融信托开出的条<br>— 《转型中的地方政府》 · p333	转型中的地方政府 数据 quantitative
填空：`5亿元` | LDK5亿元信托贷款兜底。…（关键数值）	`5亿元` | LDK5亿元信托贷款兜底。<br>— 《转型中的地方政府》 · p333	转型中的地方政府 数据 quantitative
填空：`20亿元` | 稻草”，国开行牵头11家银行组成的银团给予了赛维20亿元贷款。…（关键数值）	`20亿元` | 稻草”，国开行牵头11家银行组成的银团给予了赛维20亿元贷款。<br>— 《转型中的地方政府》 · p333	转型中的地方政府 数据 quantitative
填空：`49.85亿元人民币` | 末，公司应收账款49.85亿元人民币，其中美国APEX公司的应收账款为…（关键数值）	`49.85亿元人民币` | 末，公司应收账款49.85亿元人民币，其中美国APEX公司的应收账款为<br>— 《转型中的地方政府》 · p333	转型中的地方政府 数据 quantitative
填空：`246亿元` | 晨系旗下有5家上市公司，市值高达246亿元。…（关键数值）	`246亿元` | 晨系旗下有5家上市公司，市值高达246亿元。<br>— 《转型中的地方政府》 · p334	转型中的地方政府 数据 quantitative
填空：`1万亿元` | 府债务已突破1万亿元。…（关键数值）	`1万亿元` | 府债务已突破1万亿元。<br>— 《转型中的地方政府》 · p379	转型中的地方政府 数据 quantitative
填空：`20.70万亿元人民币` | 的债务20.70万亿元人民币。…（关键数值）	`20.70万亿元人民币` | 的债务20.70万亿元人民币。<br>— 《转型中的地方政府》 · p380	转型中的地方政府 数据 quantitative
填空：`30.28万亿元` | 务约30.28万亿元，其中地方政府债务余额17.9万亿元；…（关键数值）	`30.28万亿元` | 务约30.28万亿元，其中地方政府债务余额17.9万亿元；<br>— 《转型中的地方政府》 · p380	转型中的地方政府 数据 quantitative
填空：`6000亿元` | 2015年广东结余超过6000亿元，北京结余2783亿元，浙江3009…（2015年数据）	`6000亿元` | 2015年广东结余超过6000亿元，北京结余2783亿元，浙江3009<br>— 《转型中的地方政府》 · p395	转型中的地方政府 数据 quantitative
填空：`88亿元` | 亿元，而黑龙江只结余88亿元，只够支付一个月的养老金。…（关键数值）	`88亿元` | 亿元，而黑龙江只结余88亿元，只够支付一个月的养老金。<br>— 《转型中的地方政府》 · p395	转型中的地方政府 数据 quantitative
填空：`86.5亿美元` | 投资额86.5亿美元，实际利用外资22.9亿美元，已投产开业的外商投…（关键数值）	`86.5亿美元` | 投资额86.5亿美元，实际利用外资22.9亿美元，已投产开业的外商投<br>— 《转型中的地方政府》 · p115	转型中的地方政府 数据 quantitative
填空：`8000亿美元` | 奥巴马政府也出台了8000亿美元的联邦经济刺激计划。…（关键数值）	`8000亿美元` | 奥巴马政府也出台了8000亿美元的联邦经济刺激计划。<br>— 《转型中的地方政府》 · p239	转型中的地方政府 数据 quantitative
填空：`8000亿美元` | 美国8000亿美元刺激计划占美国GDP总量的相对规模不如中国大。…（关键数值）	`8000亿美元` | 美国8000亿美元刺激计划占美国GDP总量的相对规模不如中国大。<br>— 《转型中的地方政府》 · p239	转型中的地方政府 数据 quantitative
填空：`100万美元` | [9] 比如浙江省湖州市规定：每引进外资100万美元，奖励县区主要…（关键数值）	`100万美元` | [9] 比如浙江省湖州市规定：每引进外资100万美元，奖励县区主要<br>— 《转型中的地方政府》 · p295	转型中的地方政府 数据 quantitative
填空：`200万美元` | 领导5000元人民币，凡新办外资实到外资200万美元以下的，返还实到…（关键数值）	`200万美元` | 领导5000元人民币，凡新办外资实到外资200万美元以下的，返还实到<br>— 《转型中的地方政府》 · p295	转型中的地方政府 数据 quantitative
填空：`200万美元` | 部分50％增值税1年，200万美元以上的，返还50％增值税3年；…（关键百分比数据）	`200万美元` | 部分50％增值税1年，200万美元以上的，返还50％增值税3年；<br>— 《转型中的地方政府》 · p295	转型中的地方政府 数据 quantitative
填空：`132亿美元` | 利用外资132亿美元，2006年为174亿美元，连续四年居全国首位，创…（2006年数据）	`132亿美元` | 利用外资132亿美元，2006年为174亿美元，连续四年居全国首位，创<br>— 《转型中的地方政府》 · p320	转型中的地方政府 数据 quantitative
填空：`62亿美元` | 界500强有113家落户苏州工业园区，实际利用外资接近62亿美元，园…（关键数值）	`62亿美元` | 界500强有113家落户苏州工业园区，实际利用外资接近62亿美元，园<br>— 《转型中的地方政府》 · p321	转型中的地方政府 数据 quantitative
填空：`10亿美元` | 吉利公司靠自己的力量筹集了大约10亿美元的资金，距…（关键数值）	`10亿美元` | 吉利公司靠自己的力量筹集了大约10亿美元的资金，距<br>— 《转型中的地方政府》 · p328	转型中的地方政府 数据 quantitative
填空：`8亿美元` | 离要完成收购仍然有8亿美元的缺口。…（关键数值）	`8亿美元` | 离要完成收购仍然有8亿美元的缺口。<br>— 《转型中的地方政府》 · p328	转型中的地方政府 数据 quantitative
填空：`10亿美元` | 规模征地、贷款，后续运营还需5—10亿美元的资金，一系列的困难和…（关键数值）	`10亿美元` | 规模征地、贷款，后续运营还需5—10亿美元的资金，一系列的困难和<br>— 《转型中的地方政府》 · p328	转型中的地方政府 数据 quantitative
填空：`26亿美元` | 近年来万达集团进入文化旅游产业，2012年斥资26亿美元收购美国第…（2012年数据）	`26亿美元` | 近年来万达集团进入文化旅游产业，2012年斥资26亿美元收购美国第<br>— 《转型中的地方政府》 · p329	转型中的地方政府 数据 quantitative
填空：`48亿美元` | 截至2013年9月30日，赛维总负债为48亿美元，负债率在…（2013年数据）	`48亿美元` | 截至2013年9月30日，赛维总负债为48亿美元，负债率在<br>— 《转型中的地方政府》 · p333	转型中的地方政府 数据 quantitative
回忆：`23个省` | 我国共有23个省、5个自治区、4个直辖市和2个特别行政区。…（来源：《转型中的地方政府》）	`23个省` | 我国共有23个省、5个自治区、4个直辖市和2个特别行政区。<br>— 《转型中的地方政府》 · p34	转型中的地方政府 数据 quantitative
回忆：`2854个县` | 括：333个地市级单位（其中地级市288个），2854个县级单位和40381…（来源：《转型中的地方政府》）	`2854个县` | 括：333个地市级单位（其中地级市288个），2854个县级单位和40381<br>— 《转型中的地方政府》 · p34	转型中的地方政府 数据 quantitative
回忆：`300个县` | 300个县有钢铁厂，20多个省的国有企业生产汽车或拖拉机的整机或配…（来源：《转型中的地方政府》）	`300个县` | 300个县有钢铁厂，20多个省的国有企业生产汽车或拖拉机的整机或配<br>— 《转型中的地方政府》 · p37	转型中的地方政府 数据 quantitative
填空：`3个市` | 成办法”，对淄博、济南、潍坊3个市增长8%—15%部分，省与市三七…（关键百分比数据）	`3个市` | 成办法”，对淄博、济南、潍坊3个市增长8%—15%部分，省与市三七<br>— 《转型中的地方政府》 · p173	转型中的地方政府 数据 quantitative
回忆：`22个县` | 阳县、宿县等22个县试行经济体制综合改革，在财政管理体制上给予…（来源：《转型中的地方政府》）	`22个县` | 阳县、宿县等22个县试行经济体制综合改革，在财政管理体制上给予<br>— 《转型中的地方政府》 · p173	转型中的地方政府 数据 quantitative
回忆：`74个县` | 省政府根据近两年收入情况和财力情况，将74个县（市）划分…（来源：《转型中的地方政府》）	`74个县` | 省政府根据近两年收入情况和财力情况，将74个县（市）划分<br>— 《转型中的地方政府》 · p173	转型中的地方政府 数据 quantitative
填空：`24个县` | 滁州等24个县（市）的财政收入递增率为6%，包干上缴比例为…（关键百分比数据）	`24个县` | 滁州等24个县（市）的财政收入递增率为6%，包干上缴比例为<br>— 《转型中的地方政府》 · p174	转型中的地方政府 数据 quantitative
填空：`194个县` | 桐城等194个县（市）的财政收入递增率为5%，包干上缴比例为…（关键百分比数据）	`194个县` | 桐城等194个县（市）的财政收入递增率为5%，包干上缴比例为<br>— 《转型中的地方政府》 · p174	转型中的地方政府 数据 quantitative
填空：`29个县` | 22.5%，望江等29个县（市）的财政收入递增率为4%，包干上缴比例为…（关键百分比数据）	`29个县` | 22.5%，望江等29个县（市）的财政收入递增率为4%，包干上缴比例为<br>— 《转型中的地方政府》 · p174	转型中的地方政府 数据 quantitative
填空：`5个市` | 法中，兰州、嘉峪关、金昌、白银、酒泉5个市省级分享70％，市县分…（关键百分比数据）	`5个市` | 法中，兰州、嘉峪关、金昌、白银、酒泉5个市省级分享70％，市县分<br>— 《转型中的地方政府》 · p177	转型中的地方政府 数据 quantitative
填空：`31个省` | 目标设定为7.5%，而在全国31个省市公布的“十一五”规划中，预计…（关键百分比数据）	`31个省` | 目标设定为7.5%，而在全国31个省市公布的“十一五”规划中，预计<br>— 《转型中的地方政府》 · p193	转型中的地方政府 数据 quantitative
填空：`25个省` | 实，利用1994—2010年25个省区的地级市数据，首先由多期GDP增长绩…（2010年相关）	`25个省` | 实，利用1994—2010年25个省区的地级市数据，首先由多期GDP增长绩<br>— 《转型中的地方政府》 · p194	转型中的地方政府 数据 quantitative
回忆：`31个县` | 这146名挂职干部还带动了两地31个县大批基层干部相互学习、参观和…（来源：《转型中的地方政府》）	`31个县` | 这146名挂职干部还带动了两地31个县大批基层干部相互学习、参观和<br>— 《转型中的地方政府》 · p218	转型中的地方政府 数据 quantitative
填空：`29个省` | 到1993年底，全国共有29个省市…（1993年相关）	`29个省` | 到1993年底，全国共有29个省市<br>— 《转型中的地方政府》 · p218	转型中的地方政府 数据 quantitative
填空：`28省` | 计，在1979—2002年涉及28省区直辖市在位的187位省（市）委书记和…（2002年相关）	`28省` | 计，在1979—2002年涉及28省区直辖市在位的187位省（市）委书记和<br>— 《转型中的地方政府》 · p231	转型中的地方政府 数据 quantitative
回忆：`6个省` | 全国尚有6个省区公布的增长目标低于中央目标。…（来源：《转型中的地方政府》）	`6个省` | 全国尚有6个省区公布的增长目标低于中央目标。<br>— 《转型中的地方政府》 · p236	转型中的地方政府 数据 quantitative
回忆：`4个省` | 交界地区有山区、平原和河流，涉及2至4个省区不等，…（来源：《转型中的地方政府》）	`4个省` | 交界地区有山区、平原和河流，涉及2至4个省区不等，<br>— 《转型中的地方政府》 · p272	转型中的地方政府 数据 quantitative
回忆：`232个县` | 处于河流上游，总共收集了232个县的数据。…（来源：《转型中的地方政府》）	`232个县` | 处于河流上游，总共收集了232个县的数据。<br>— 《转型中的地方政府》 · p273	转型中的地方政府 数据 quantitative
填空：`24县` | 2001年，环京津贫困带24县的农民人均纯收入、人均GDP、县均地方财…（2001年相关）	`24县` | 2001年，环京津贫困带24县的农民人均纯收入、人均GDP、县均地方财<br>— 《转型中的地方政府》 · p275	转型中的地方政府 数据 quantitative
回忆：`5个县` | 西、陇西、西海固）5个县相比，基本处于同一发展水平。…（来源：《转型中的地方政府》）	`5个县` | 西、陇西、西海固）5个县相比，基本处于同一发展水平。<br>— 《转型中的地方政府》 · p275	转型中的地方政府 数据 quantitative
回忆：`30个县` | 河北省规定，30个县和30个重点耗能企业三年之内必须完成节能…（来源：《转型中的地方政府》）	`30个县` | 河北省规定，30个县和30个重点耗能企业三年之内必须完成节能<br>— 《转型中的地方政府》 · p363	转型中的地方政府 数据 quantitative
回忆：`19个省` | 余个县获得19个省市的对口支援。…（来源：《转型中的地方政府》）	`19个省` | 余个县获得19个省市的对口支援。<br>— 《转型中的地方政府》 · p388	转型中的地方政府 数据 quantitative
填空：`31个省` | 从2008年7月起，中央组织部委托国家统计局每年在全国31个省区市以…（2008年相关）	`31个省` | 从2008年7月起，中央组织部委托国家统计局每年在全国31个省区市以<br>— 《转型中的地方政府》 · p401	转型中的地方政府 数据 quantitative
填空：`2014—2015` | 2014年瑞士世界经济论坛发布了《全球竞争力报告2014—2015》，中…（2014年相关）	`2014—2015` | 2014年瑞士世界经济论坛发布了《全球竞争力报告2014—2015》，中<br>— 《转型中的地方政府》 · p30	转型中的地方政府 数据 quantitative
填空：`1989—2014年` | 图1.3列出了1989—2014年省区国家行政机关人数占省区总人口的比…（2014年相关）	`1989—2014年` | 图1.3列出了1989—2014年省区国家行政机关人数占省区总人口的比<br>— 《转型中的地方政府》 · p35	转型中的地方政府 数据 quantitative
填空：`2000—2002年` | Li（2015）利用2000—2002年企业所得税由地方税过渡到中央和…（2002年相关）	`2000—2002年` | Li（2015）利用2000—2002年企业所得税由地方税过渡到中央和地方<br>— 《转型中的地方政府》 · p44	转型中的地方政府 数据 quantitative
填空：`1958—1976年` | 1958—1976年间中央…（1976年相关）	`1958—1976年` | 1958—1976年间中央<br>— 《转型中的地方政府》 · p76	转型中的地方政府 数据 quantitative
填空：`1980—1993年` | 和Weingast（1997） 基于1980—1993年的行政分权和财…（1993年相关）	`1980—1993年` | 和Weingast（1997） 基于1980—1993年的行政分权和财政包干制的事<br>— 《转型中的地方政府》 · p96	转型中的地方政府 数据 quantitative
填空：`2000—2001年` | [25] 周庆智详细列举了W县2000—2001年政府机关和直属行政事…（2001年相关）	`2000—2001年` | [25] 周庆智详细列举了W县2000—2001年政府机关和直属行政事业<br>— 《转型中的地方政府》 · p101	转型中的地方政府 数据 quantitative
填空：`1953—1978年` | 变化和调整之中，1953—1978年间经历了多次重大的经济权力的放收…（1978年相关）	`1953—1978年` | 变化和调整之中，1953—1978年间经历了多次重大的经济权力的放收<br>— 《转型中的地方政府》 · p106	转型中的地方政府 数据 quantitative
填空：`1959—1960年` | 1958年的混乱导致了1959—1960年的权力上收…（1960年相关）	`1959—1960年` | 1958年的混乱导致了1959—1960年的权力上收，重新回到高度集中的<br>— 《转型中的地方政府》 · p108	转型中的地方政府 数据 quantitative
填空：`1967—1968年` | 1967—1968年处于“文革”最混乱的时期，毛…（1968年相关）	`1967—1968年` | 1967—1968年处于“文革”最混乱的时期，毛<br>— 《转型中的地方政府》 · p108	转型中的地方政府 数据 quantitative
填空：`1969—1970年` | 泽东关于地方放权的想法没有马上执行，直到1969—1970年才真正付…（1970年相关）	`1969—1970年` | 泽东关于地方放权的想法没有马上执行，直到1969—1970年才真正付<br>— 《转型中的地方政府》 · p108	转型中的地方政府 数据 quantitative
填空：`1969—1970年` | 1969—1970年开始的经济管理体制的调整是继1958年以来又一次大…（1970年相关）	`1969—1970年` | 1969—1970年开始的经济管理体制的调整是继1958年以来又一次大规<br>— 《转型中的地方政府》 · p108	转型中的地方政府 数据 quantitative
填空：`1984—1985年` | 1984—1985年中央先后批准大连、秦皇岛、天津、烟…（1985年相关）	`1984—1985年` | 1984—1985年中央先后批准大连、秦皇岛、天津、烟<br>— 《转型中的地方政府》 · p115	转型中的地方政府 数据 quantitative
填空：`1992—1993年` | 鉴于1992—1993年中国金融秩…（1993年相关）	`1992—1993年` | 鉴于1992—1993年中国金融秩<br>— 《转型中的地方政府》 · p124	转型中的地方政府 数据 quantitative
填空：`1993—1996年` | 贷，导致经济过热，1993—1996年的严重的通货膨胀就是一个突出的…（1996年相关）	`1993—1996年` | 贷，导致经济过热，1993—1996年的严重的通货膨胀就是一个突出的<br>— 《转型中的地方政府》 · p124	转型中的地方政府 数据 quantitative
填空：`2000—2007年` | 央财政支出中的比例，2000—2007年美国联邦专项项目支出平均占联…（2007年相关）	`2000—2007年` | 央财政支出中的比例，2000—2007年美国联邦专项项目支出平均占联<br>— 《转型中的地方政府》 · p131	转型中的地方政府 数据 quantitative
填空：`1950—1978年` | 但是，仔细考察1950—1978年中央—地方财政关系…（1978年相关）	`1950—1978年` | 但是，仔细考察1950—1978年中央—地方财政关系<br>— 《转型中的地方政府》 · p143	转型中的地方政府 数据 quantitative
填空：`1966—1967年` | 1966—1967年延续过…（1967年相关）	`1966—1967年` | 1966—1967年延续过<br>— 《转型中的地方政府》 · p148	转型中的地方政府 数据 quantitative
填空：`1971—1973年` | 在1971—1973年期间，中央对省、直辖市、自治区实行收支包…（1973年相关）	`1971—1973年` | 在1971—1973年期间，中央对省、直辖市、自治区实行收支包<br>— 《转型中的地方政府》 · p149	转型中的地方政府 数据 quantitative
填空：`1973—1975年` | 服这些问题，1973—1975年，一些地区（华北、东北地区和江苏省）…（1975年相关）	`1973—1975年` | 服这些问题，1973—1975年，一些地区（华北、东北地区和江苏省）<br>— 《转型中的地方政府》 · p149	转型中的地方政府 数据 quantitative
填空：`1953—1977年` | 图4.1给出了1953—1977年地方财政收入和支出占全国财政收支比例…（1977年相关）	`1953—1977年` | 图4.1给出了1953—1977年地方财政收入和支出占全国财政收支比例的<br>— 《转型中的地方政府》 · p150	转型中的地方政府 数据 quantitative
填空：`1951—1952年` | 方财政体制尚未建立，而1951—1952年，行政大区还未撤销。…（1952年相关）	`1951—1952年` | 方财政体制尚未建立，而1951—1952年，行政大区还未撤销。<br>— 《转型中的地方政府》 · p150	转型中的地方政府 数据 quantitative
填空：`1953—1957年` | 财政收入还是支出看，1953—1957年代表了中央集权的财政体制，…（1957年相关）	`1953—1957年` | 财政收入还是支出看，1953—1957年代表了中央集权的财政体制，<br>— 《转型中的地方政府》 · p150	转型中的地方政府 数据 quantitative
填空：`1958—1959年` | 1958—1959年则是财政体制从集权走向分权的重要转折点。…（1959年相关）	`1958—1959年` | 1958—1959年则是财政体制从集权走向分权的重要转折点。<br>— 《转型中的地方政府》 · p150	转型中的地方政府 数据 quantitative
填空：`1958—1959年` | 出方面，1958—1959年地方的支出比例从1953—1957年不足3…（关键百分比数据）	`1958—1959年` | 出方面，1958—1959年地方的支出比例从1953—1957年不足30%跳跃到<br>— 《转型中的地方政府》 · p150	转型中的地方政府 数据 quantitative
填空：`1961—1962年` | 50%以上，虽然1961—1962年有所下降…（关键百分比数据）	`1961—1962年` | 50%以上，虽然1961—1962年有所下降，但之后的年份就再也没有回到<br>— 《转型中的地方政府》 · p150	转型中的地方政府 数据 quantitative
填空：`1953—1957年` | 财源最重要角色…（关键百分比数据）	`1953—1957年` | 财源最重要角色，从1953—1957年的20%升至70%以上，1971年之后高<br>— 《转型中的地方政府》 · p150	转型中的地方政府 数据 quantitative
填空：`1953—1976年` | 是1953—1976年期间中国财政预算体制的基本特征。…（1976年相关）	`1953—1976年` | 是1953—1976年期间中国财政预算体制的基本特征。<br>— 《转型中的地方政府》 · p153	转型中的地方政府 数据 quantitative
填空：`1953—1978` | 1979年和1980年两年的财政赤字即高达204亿…（1979年数据）	`1953—1978` | 1979年和1980年两年的财政赤字即高达204亿，接近于1953—1978<br>— 《转型中的地方政府》 · p157	转型中的地方政府 数据 quantitative
填空：`1973—1975年` | 例包干”模式在1973—1975年期间就被东北、华北和江苏尝试过，第…（1975年相关）	`1973—1975年` | 例包干”模式在1973—1975年期间就被东北、华北和江苏尝试过，第<br>— 《转型中的地方政府》 · p157	转型中的地方政府 数据 quantitative
填空：`1980—1993年` | 回顾1980—1993年的财政体制改革，我们需要指出，以分灶吃饭为特…（1993年相关）	`1980—1993年` | 回顾1980—1993年的财政体制改革，我们需要指出，以分灶吃饭为特<br>— 《转型中的地方政府》 · p159	转型中的地方政府 数据 quantitative
填空：`1982—2010年` | 表4.1列举了自1982—2010年以来中国地方政府预算外收入历年的数…（2010年相关）	`1982—2010年` | 表4.1列举了自1982—2010年以来中国地方政府预算外收入历年的数额<br>— 《转型中的地方政府》 · p168	转型中的地方政府 数据 quantitative
填空：`1987—2010年` | 1987—2010年的预算外收入数据，可以发现，各省在此期间平均的预…（2010年相关）	`1987—2010年` | 1987—2010年的预算外收入数据，可以发现，各省在此期间平均的预<br>— 《转型中的地方政府》 · p169	转型中的地方政府 数据 quantitative
填空：`1980—1985年` | 在1980—1985年“划分收支、分级包干”时期，实行“划分收支、分…（1985年相关）	`1980—1985年` | 在1980—1985年“划分收支、分级包干”时期，实行“划分收支、分<br>— 《转型中的地方政府》 · p172	转型中的地方政府 数据 quantitative
填空：`1985—1988年` | 1985—1988年，中央对省原打算实行“划分税种，核定收支，分级包…（1988年相关）	`1985—1988年` | 1985—1988年，中央对省原打算实行“划分税种，核定收支，分级包<br>— 《转型中的地方政府》 · p173	转型中的地方政府 数据 quantitative
填空：`1980—1993年` | 张闫龙（2006）提供了财政包干制时期（1980—1993年）某个省以…（1993年相关）	`1980—1993年` | 张闫龙（2006）提供了财政包干制时期（1980—1993年）某个省以下<br>— 《转型中的地方政府》 · p174	转型中的地方政府 数据 quantitative
填空：`1994—2012年` | 方面的一个尝试，下面我们基于这项研究对中国1994—2012年省、…（2012年相关）	`1994—2012年` | 方面的一个尝试，下面我们基于这项研究对中国1994—2012年省、<br>— 《转型中的地方政府》 · p175	转型中的地方政府 数据 quantitative
填空：`2002—2004年` | 《通知》和所得税分享改革之后，各地在2002—2004年间结合实际情…（2004年相关）	`2002—2004年` | 《通知》和所得税分享改革之后，各地在2002—2004年间结合实际情<br>— 《转型中的地方政府》 · p176	转型中的地方政府 数据 quantitative
填空：`1995—2012年` | 图4.2分别给出了1995—2012年从中央到省本级…（2012年相关）	`1995—2012年` | 图4.2分别给出了1995—2012年从中央到省本级、市三级政府一般预算<br>— 《转型中的地方政府》 · p178	转型中的地方政府 数据 quantitative
填空：`1995—2012年` | 1995—2012年省本级分享的一般预算收入基本…（2012年相关）	`1995—2012年` | 1995—2012年省本级分享的一般预算收入基本<br>— 《转型中的地方政府》 · p178	转型中的地方政府 数据 quantitative
填空：`1997—2004年` | 1997—2004年中央的收入分享比例从49%逐渐上升到…（关键百分比数据）	`1997—2004年` | 1997—2004年中央的收入分享比例从49%逐渐上升到<br>— 《转型中的地方政府》 · p178	转型中的地方政府 数据 quantitative
填空：`2001—2012年` | 2001—2012年中央的支出比例从31%下降到15%，各市的支出比…（关键百分比数据）	`2001—2012年` | 2001—2012年中央的支出比例从31%下降到15%，各市的支出比<br>— 《转型中的地方政府》 · p178	转型中的地方政府 数据 quantitative
填空：`1995—2009年` | 描述统计的时间区间为1995—2009年。…（2009年相关）	`1995—2009年` | 描述统计的时间区间为1995—2009年。<br>— 《转型中的地方政府》 · p178	转型中的地方政府 数据 quantitative
填空：`1995—2009年` | 1995—2009年市本级的收入分享比例从17%…（关键百分比数据）	`1995—2009年` | 1995—2009年市本级的收入分享比例从17%<br>— 《转型中的地方政府》 · p178	转型中的地方政府 数据 quantitative
填空：`1998—2007年` | 图4.4描绘了1998—2007年中央…（2007年相关）	`1998—2007年` | 图4.4描绘了1998—2007年中央、省本级、市本级、区县四级政府间增<br>— 《转型中的地方政府》 · p179	转型中的地方政府 数据 quantitative
填空：`1998—2007年` | 图4.5描绘了1998—2007年中央…（2007年相关）	`1998—2007年` | 图4.5描绘了1998—2007年中央、省本级、市本级、区县四级政府间营<br>— 《转型中的地方政府》 · p180	转型中的地方政府 数据 quantitative
填空：`1998—2001年` | 1998—2001年中央平均每年分享全国营业税的15%，…（关键百分比数据）	`1998—2001年` | 1998—2001年中央平均每年分享全国营业税的15%，<br>— 《转型中的地方政府》 · p180	转型中的地方政府 数据 quantitative
填空：`2004—2007年` | 2003年市本级营业税的分享比例从25%上升到28%…（关键百分比数据）	`2004—2007年` | 2003年市本级营业税的分享比例从25%上升到28%，但2004—2007年该<br>— 《转型中的地方政府》 · p180	转型中的地方政府 数据 quantitative
填空：`2001—2007年` | 图4.6描绘了2001—2007年中央…（2007年相关）	`2001—2007年` | 图4.6描绘了2001—2007年中央、省本级、市本级、区县四级政府间企<br>— 《转型中的地方政府》 · p180	转型中的地方政府 数据 quantitative
填空：`2001—2007年` | 图4.7描绘了2001—2007年中央…（2007年相关）	`2001—2007年` | 图4.7描绘了2001—2007年中央、省本级、市本级、区县四级政府间个<br>— 《转型中的地方政府》 · p181	转型中的地方政府 数据 quantitative
填空：`2003—2007年` | 年分享了54%，2003—2007年的分享比例一直维持在65%左右。…（关键百分比数据）	`2003—2007年` | 年分享了54%，2003—2007年的分享比例一直维持在65%左右。<br>— 《转型中的地方政府》 · p181	转型中的地方政府 数据 quantitative
填空：`1994—2000年` | [10] Tsui（2005）使用中国1994—2000年全国2000…（2000年相关）	`1994—2000年` | [10] Tsui（2005）使用中国1994—2000年全国2000多个县级行政区<br>— 《转型中的地方政府》 · p186	转型中的地方政府 数据 quantitative
填空：`1994—2010年` | 实，利用1994—2010年25个省区的地级市数据…（2010年相关）	`1994—2010年` | 实，利用1994—2010年25个省区的地级市数据，首先由多期GDP增长绩<br>— 《转型中的地方政府》 · p194	转型中的地方政府 数据 quantitative
填空：`2000—2005年` | 究利用2000—2005年300多个地级市的官员（市长和书记）和地区经…（2005年相关）	`2000—2005年` | 究利用2000—2005年300多个地级市的官员（市长和书记）和地区经济<br>— 《转型中的地方政府》 · p197	转型中的地方政府 数据 quantitative
填空：`1980—1992年` | 中国的体制背景下，1980—1992年中央与省签订的财政包干合约就是…（1992年相关）	`1980—1992年` | 中国的体制背景下，1980—1992年中央与省签订的财政包干合约就是<br>— 《转型中的地方政府》 · p203	转型中的地方政府 数据 quantitative
填空：`1979—2002年` | 周黎安等（2005）利用中国1979—2002年省级水平的数据发现…（2002年相关）	`1979—2002年` | 周黎安等（2005）利用中国1979—2002年省级水平的数据发现，省委<br>— 《转型中的地方政府》 · p222	转型中的地方政府 数据 quantitative
填空：`1979—2002年` | 计，在1979—2002年涉及28省区直辖市在位的187位省（市）委书…（2002年相关）	`1979—2002年` | 计，在1979—2002年涉及28省区直辖市在位的187位省（市）委书记和<br>— 《转型中的地方政府》 · p231	转型中的地方政府 数据 quantitative
填空：`2003—2010年` | （2015a）列出了2003—2010年省市两级政府的目标和实际完成的…（2010年相关）	`2003—2010年` | （2015a）列出了2003—2010年省市两级政府的目标和实际完成的GDP<br>— 《转型中的地方政府》 · p237	转型中的地方政府 数据 quantitative
填空：`2003—2010年` | 如果我们对2003—2010年分年、分省的…（2010年相关）	`2003—2010年` | 如果我们对2003—2010年分年、分省的<br>— 《转型中的地方政府》 · p237	转型中的地方政府 数据 quantitative
填空：`1999—2011年` | 我们的研究使用地市级书记和市长1999—2011年的面板数据，从动态…（2011年相关）	`1999—2011年` | 我们的研究使用地市级书记和市长1999—2011年的面板数据，从动态<br>— 《转型中的地方政府》 · p242	转型中的地方政府 数据 quantitative
填空：`1999—2007年` | 企业调查数据可以获得一个地市1999—2007年每年加总的制造业新进…（2007年相关）	`1999—2007年` | 企业调查数据可以获得一个地市1999—2007年每年加总的制造业新进<br>— 《转型中的地方政府》 · p244	转型中的地方政府 数据 quantitative
填空：`1978—2008年` | 发现，1978—2008年间…（关键百分比数据）	`1978—2008年` | 发现，1978—2008年间，中国的全社会固定资产投资增长率在-7.2%和<br>— 《转型中的地方政府》 · p246	转型中的地方政府 数据 quantitative
填空：`1998—2007年` | 这项研究采用的数据来自1998—2007年中国工业企业数据和地级层面…（2007年相关）	`1998—2007年` | 这项研究采用的数据来自1998—2007年中国工业企业数据和地级层面<br>— 《转型中的地方政府》 · p247	转型中的地方政府 数据 quantitative
填空：`2001—2002年` | 峰，例如2001—2002年党代会期间有41.6%的市委书记被替换…（关键百分比数据）	`2001—2002年` | 峰，例如2001—2002年党代会期间有41.6%的市委书记被替换，因此党<br>— 《转型中的地方政府》 · p248	转型中的地方政府 数据 quantitative
填空：`2001—2003年` | 根据这项实地调查研究，绍兴、金华和义乌在2001—2003年…（2003年相关）	`2001—2003年` | 根据这项实地调查研究，绍兴、金华和义乌在2001—2003年<br>— 《转型中的地方政府》 · p253	转型中的地方政府 数据 quantitative
填空：`1990—2010年` | 我的一项合作研究基于中国1990—2010年…（2010年相关）	`1990—2010年` | 我的一项合作研究基于中国1990—2010年<br>— 《转型中的地方政府》 · p259	转型中的地方政府 数据 quantitative
填空：`2000—2012年` | 基于2000—2012年的中国200多个城市的数据，我…（2012年相关）	`2000—2012年` | 基于2000—2012年的中国200多个城市的数据，我<br>— 《转型中的地方政府》 · p259	转型中的地方政府 数据 quantitative
填空：`2005—2011年` | [9] 基于2005—2011年35个大中城市面板数据…（2011年相关）	`2005—2011年` | [9] 基于2005—2011年35个大中城市面板数据，郑思齐等（2012）<br>— 《转型中的地方政府》 · p263	转型中的地方政府 数据 quantitative
填空：`1998—2008年` | 然而利用1998—2008年中…（2008年相关）	`1998—2008年` | 然而利用1998—2008年中<br>— 《转型中的地方政府》 · p273	转型中的地方政府 数据 quantitative
填空：`1997—2003年` | 省、自治区和直辖市1997—2003年县级面板数据，接近2万个样本观察…（2003年数据）	`1997—2003年` | 省、自治区和直辖市1997—2003年县级面板数据，接近2万个样本观察<br>— 《转型中的地方政府》 · p276	转型中的地方政府 数据 quantitative
填空：`2004—2010年` | Kahn，Li和Zhao（2015）利用2004—2010年499个环…（2010年相关）	`2004—2010年` | Kahn，Li和Zhao（2015）利用2004—2010年499个环境监测点<br>— 《转型中的地方政府》 · p278	转型中的地方政府 数据 quantitative
填空：`1961—1963年` | 经过1961—1963年的国民经济的恢复与调整…（1963年相关）	`1961—1963年` | 经过1961—1963年的国民经济的恢复与调整，1958年经济“大跃进”<br>— 《转型中的地方政府》 · p300	转型中的地方政府 数据 quantitative
填空：`1978—1979年` | 1978—1979年在四川省、北京、天津、上海等…（1979年相关）	`1978—1979年` | 1978—1979年在四川省、北京、天津、上海等<br>— 《转型中的地方政府》 · p300	转型中的地方政府 数据 quantitative
填空：`1981—1983年` | 1987年以后的承包制与1981—1983年第一轮的承包制相比有一些差…（1983年相关）	`1981—1983年` | 1987年以后的承包制与1981—1983年第一轮的承包制相比有一些差异<br>— 《转型中的地方政府》 · p302	转型中的地方政府 数据 quantitative
填空：`1970—1976年` | 据统计，1970—1976年，社队企业产值从92.5亿元增…（1976年数据）	`1970—1976年` | 据统计，1970—1976年，社队企业产值从92.5亿元增<br>— 《转型中的地方政府》 · p311	转型中的地方政府 数据 quantitative
填空：`1979—1980年` | 起和1979—1980年全国农村悄悄试行联产承包责任制有些类似。…（1980年相关）	`1979—1980年` | 起和1979—1980年全国农村悄悄试行联产承包责任制有些类似。<br>— 《转型中的地方政府》 · p312	转型中的地方政府 数据 quantitative
填空：`1985—1986年` | 在1985—1986年和1989—1990年…（1986年相关）	`1985—1986年` | 在1985—1986年和1989—1990年，其中最严重的是1989—1990年，中<br>— 《转型中的地方政府》 · p316	转型中的地方政府 数据 quantitative
填空：`1970—1971年` | 的增强，如1958年“大跃进”时期以及1970—1971年的放权；…（1971年相关）	`1970—1971年` | 的增强，如1958年“大跃进”时期以及1970—1971年的放权；<br>— 《转型中的地方政府》 · p348	转型中的地方政府 数据 quantitative
填空：`1970—2003年` | 1970—2003年间…（2003年相关）	`1970—2003年` | 1970—2003年间，有报道的与环境保护有关的公民诉讼就超过了1500<br>— 《转型中的地方政府》 · p364	转型中的地方政府 数据 quantitative
填空：`1998—2002年` | 是在1998—2002年间…（关键百分比数据）	`1998—2002年` | 是在1998—2002年间，平均每年有超过80%的县长处在任期的前三年，<br>— 《转型中的地方政府》 · p373	转型中的地方政府 数据 quantitative
填空：`1980—2006年` | Tsai（2013）使用1980—2006年中国的省级数据…（2006年相关）	`1980—2006年` | Tsai（2013）使用1980—2006年中国的省级数据，考察了党代会召开<br>— 《转型中的地方政府》 · p374	转型中的地方政府 数据 quantitative
填空：`1994—2006年` | 察1994—2006年官员特征对政府财政支出偏向时将省委书记的任期作…（2006年相关）	`1994—2006年` | 察1994—2006年官员特征对政府财政支出偏向时将省委书记的任期作<br>— 《转型中的地方政府》 · p374	转型中的地方政府 数据 quantitative
填空：`1991—2011年` | 高楠、梁平汉（2014）使用1991—2011年的省级…（2011年相关）	`1991—2011年` | 高楠、梁平汉（2014）使用1991—2011年的省级<br>— 《转型中的地方政府》 · p374	转型中的地方政府 数据 quantitative
填空：`1999—2010年` | 用1999—2010年的数据，发现党代会召开前一年支出增长率显著增…（2010年相关）	`1999—2010年` | 用1999—2010年的数据，发现党代会召开前一年支出增长率显著增<br>— 《转型中的地方政府》 · p374	转型中的地方政府 数据 quantitative
填空：`1994—2009年` | 根据1994—2009年间发生市委书记和…（2009年相关）	`1994—2009年` | 根据1994—2009年间发生市委书记和<br>— 《转型中的地方政府》 · p375	转型中的地方政府 数据 quantitative
填空：`1994—2012年` | 据1994—2012年市委书记和市长任期的频率分布情况，可以看出，分…（2012年相关）	`1994—2012年` | 据1994—2012年市委书记和市长任期的频率分布情况，可以看出，分<br>— 《转型中的地方政府》 · p376	转型中的地方政府 数据 quantitative
填空：`1990—2000年` | 比如在1990—2000年，中国维持了大约10%的增长率，其中资本投…（关键百分比数据）	`1990—2000年` | 比如在1990—2000年，中国维持了大约10%的增长率，其中资本投<br>— 《转型中的地方政府》 · p397	转型中的地方政府 数据 quantitative
填空：`1979—2007年` | 研究发现，1979—2007年中国扣除要素投入增长之后的生产效率年平…（2007年相关）	`1979—2007年` | 研究发现，1979—2007年中国扣除要素投入增长之后的生产效率年平<br>— 《转型中的地方政府》 · p397	转型中的地方政府 数据 quantitative
填空：`2008—2013年` | 均改善速度约为3.78%…（关键百分比数据）	`2008—2013年` | 均改善速度约为3.78%，而2008—2013年间生产效率的年平均改善速度<br>— 《转型中的地方政府》 · p397	转型中的地方政府 数据 quantitative
填空：`1900—1942年` | ［美］杜赞奇：《文化、权力和国家：1900—1942年的华北农村》，…（1942年相关）	`1900—1942年` | ［美］杜赞奇：《文化、权力和国家：1900—1942年的华北农村》，<br>— 《转型中的地方政府》 · p444	转型中的地方政府 数据 quantitative
填空：`1978年` | 4.2 解析1978年之前的财政分成体制…（1978年相关）	`1978年` | 4.2 解析1978年之前的财政分成体制<br>— 《转型中的地方政府》 · p5	转型中的地方政府 数据 quantitative
填空：`2012年` | 经过多年的反刍和推敲，特别是2012年以来我相继完…（2012年相关）	`2012年` | 经过多年的反刍和推敲，特别是2012年以来我相继完<br>— 《转型中的地方政府》 · p15	转型中的地方政府 数据 quantitative
填空：`2016年` | 2016年11月5日…（2016年相关）	`2016年` | 2016年11月5日<br>— 《转型中的地方政府》 · p16	转型中的地方政府 数据 quantitative
填空：`2008年` | 2008年10月于北京大学…（2008年相关）	`2008年` | 2008年10月于北京大学<br>— 《转型中的地方政府》 · p19	转型中的地方政府 数据 quantitative
填空：`2010年` | 中国的GDP总量2010年赶超日本，成为仅次于美国的世界第…（2010年相关）	`2010年` | 中国的GDP总量2010年赶超日本，成为仅次于美国的世界第<br>— 《转型中的地方政府》 · p28	转型中的地方政府 数据 quantitative
填空：`2010年` | 2010年中国赶超美…（2010年相关）	`2010年` | 2010年中国赶超美<br>— 《转型中的地方政府》 · p28	转型中的地方政府 数据 quantitative
填空：`2016年` | 截至2016年4月底，中国的外汇储备高达3.22万亿美元，雄居世界第…（2016年数据）	`2016年` | 截至2016年4月底，中国的外汇储备高达3.22万亿美元，雄居世界第<br>— 《转型中的地方政府》 · p28	转型中的地方政府 数据 quantitative
填空：`1994年` | 济学家莱斯特·布朗（Lester Brown）于1994年发表的名噪一时的著…（1994年相关）	`1994年` | 济学家莱斯特·布朗（Lester Brown）于1994年发表的名噪一时的著<br>— 《转型中的地方政府》 · p30	转型中的地方政府 数据 quantitative
填空：`2001年` | Small Planet )，到投行经济学家章家敦2001年出版的《即将崩溃的…（2001年相关）	`2001年` | Small Planet )，到投行经济学家章家敦2001年出版的《即将崩溃的<br>— 《转型中的地方政府》 · p30	转型中的地方政府 数据 quantitative
填空：`2010年` | 中国》（ The Coming Collapse of China ）…（2010年相关）	`2010年` | 中国》（ The Coming Collapse of China ），再到2010年以来国外<br>— 《转型中的地方政府》 · p30	转型中的地方政府 数据 quantitative
填空：`2014年` | 2014年瑞士世界经济论坛发布了《全球竞争力报告2014—2015》，中…（2014年相关）	`2014年` | 2014年瑞士世界经济论坛发布了《全球竞争力报告2014—2015》，中<br>— 《转型中的地方政府》 · p30	转型中的地方政府 数据 quantitative
填空：`2014年` | 截至2014年6月，…（2014年相关）	`2014年` | 截至2014年6月，<br>— 《转型中的地方政府》 · p30	转型中的地方政府 数据 quantitative
填空：`1988年` | 1988年我国关于土地使用制度的宪法修正。…（1988年相关）	`1988年` | 1988年我国关于土地使用制度的宪法修正。<br>— 《转型中的地方政府》 · p32	转型中的地方政府 数据 quantitative
填空：`1998年` | 1998年中央提出“抓大放小”的改革思路，全国开始了大规模的国企…（1998年相关）	`1998年` | 1998年中央提出“抓大放小”的改革思路，全国开始了大规模的国企<br>— 《转型中的地方政府》 · p32	转型中的地方政府 数据 quantitative
填空：`1993年` | 改制，然而其最早的尝试始于1993年山东诸城的股份制改革。…（1993年相关）	`1993年` | 改制，然而其最早的尝试始于1993年山东诸城的股份制改革。<br>— 《转型中的地方政府》 · p32	转型中的地方政府 数据 quantitative
填空：`1996年` | 1996年中央派出联合调查组…（1996年相关）	`1996年` | 1996年中央派出联合调查组<br>— 《转型中的地方政府》 · p32	转型中的地方政府 数据 quantitative
填空：`1978年` | 的过程，从1978年的26％一路下降到1994年的5％—6％。…（关键百分比数据）	`1978年` | 的过程，从1978年的26％一路下降到1994年的5％—6％。<br>— 《转型中的地方政府》 · p34	转型中的地方政府 数据 quantitative
填空：`2014年` | 之后，地方政府收入的比重开始缓慢上升，到了2014年已经达到12%的…（关键百分比数据）	`2014年` | 之后，地方政府收入的比重开始缓慢上升，到了2014年已经达到12%的<br>— 《转型中的地方政府》 · p34	转型中的地方政府 数据 quantitative
填空：`1994年` | 其次，地方政府财政支出占GDP的比重在1994年之前总体上是下…（1994年相关）	`1994年` | 其次，地方政府财政支出占GDP的比重在1994年之前总体上是下<br>— 《转型中的地方政府》 · p34	转型中的地方政府 数据 quantitative
填空：`1997年` | 降的，1997年触底之后出现了较大幅度的上升，2014年已经超过20%。…（关键百分比数据）	`1997年` | 降的，1997年触底之后出现了较大幅度的上升，2014年已经超过20%。<br>— 《转型中的地方政府》 · p34	转型中的地方政府 数据 quantitative
填空：`1993年` | —1993年的大幅下降之后触底反弹，从1993年的不到4%上升至2014年…（关键百分比数据）	`1993年` | —1993年的大幅下降之后触底反弹，从1993年的不到4%上升至2014年<br>— 《转型中的地方政府》 · p34	转型中的地方政府 数据 quantitative
填空：`2014年` | 显的下降过程，从改革之初的14%降至2014年的4%左右。…（关键百分比数据）	`2014年` | 显的下降过程，从改革之初的14%降至2014年的4%左右。<br>— 《转型中的地方政府》 · p35	转型中的地方政府 数据 quantitative
填空：`1994年` | 虽然1994年分税制改革之后，…（1994年相关）	`1994年` | 虽然1994年分税制改革之后，<br>— 《转型中的地方政府》 · p35	转型中的地方政府 数据 quantitative
填空：`2000年` | 却一直处于较高水平，2000年之后继续增加，近年来更是高达85%。…（关键百分比数据）	`2000年` | 却一直处于较高水平，2000年之后继续增加，近年来更是高达85%。<br>— 《转型中的地方政府》 · p35	转型中的地方政府 数据 quantitative
填空：`2014年` | 图1.3列出了1989—2014年省区国家行政机关人数占省区总人口的比…（2014年相关）	`2014年` | 图1.3列出了1989—2014年省区国家行政机关人数占省区总人口的比<br>— 《转型中的地方政府》 · p35	转型中的地方政府 数据 quantitative
填空：`2005年` | [5] 一个惊人的事实是，2005年之前这个比例实际上…（2005年相关）	`2005年` | [5] 一个惊人的事实是，2005年之前这个比例实际上<br>— 《转型中的地方政府》 · p35	转型中的地方政府 数据 quantitative
填空：`2005年` | 2005年以后这个比例逐年增加，到2014年底，100个人当中…（2005年相关）	`2005年` | 2005年以后这个比例逐年增加，到2014年底，100个人当中<br>— 《转型中的地方政府》 · p35	转型中的地方政府 数据 quantitative
填空：`2011年` | 得的数据，截止到2011年，在全国所有政府公务员当中，中央公务员…（2011年相关）	`2011年` | 得的数据，截止到2011年，在全国所有政府公务员当中，中央公务员<br>— 《转型中的地方政府》 · p36	转型中的地方政府 数据 quantitative
填空：`2008年` | —2008年中央政府机关人数占全国政府机关人数的比例。…（2008年相关）	`2008年` | —2008年中央政府机关人数占全国政府机关人数的比例。<br>— 《转型中的地方政府》 · p36	转型中的地方政府 数据 quantitative
填空：`1989年` | 的最高值（1989年）只有1.68%，1998年国家机关改革之后还大幅度下…（关键百分比数据）	`1989年` | 的最高值（1989年）只有1.68%，1998年国家机关改革之后还大幅度下<br>— 《转型中的地方政府》 · p36	转型中的地方政府 数据 quantitative
填空：`1978年` | 图1.2也清楚地表明，在计划经济的后期（1978年），地方政…（1978年相关）	`1978年` | 图1.2也清楚地表明，在计划经济的后期（1978年），地方政<br>— 《转型中的地方政府》 · p37	转型中的地方政府 数据 quantitative
填空：`1984年` | 从1984年开始，中国进行干部人事制度改革，由原来的…（1984年相关）	`1984年` | 从1984年开始，中国进行干部人事制度改革，由原来的<br>— 《转型中的地方政府》 · p37	转型中的地方政府 数据 quantitative
填空：`1993年` | 1993年，鉴于财政包干制下中央的相对收入比重大幅下降，中…（1993年相关）	`1993年` | 1993年，鉴于财政包干制下中央的相对收入比重大幅下降，中<br>— 《转型中的地方政府》 · p38	转型中的地方政府 数据 quantitative
填空：`1994年` | 行税收返还制度，保证各个省、市、自治区在1994年的财政收入不低…（1994年相关）	`1994年` | 行税收返还制度，保证各个省、市、自治区在1994年的财政收入不低<br>— 《转型中的地方政府》 · p38	转型中的地方政府 数据 quantitative
填空：`1993年` | 于1993年的水平，还有其他一些安抚措施，分税制才顺利实施。…（1993年相关）	`1993年` | 于1993年的水平，还有其他一些安抚措施，分税制才顺利实施。<br>— 《转型中的地方政府》 · p38	转型中的地方政府 数据 quantitative
填空：`2006年` | 2006年开启的医疗体制改革也是一个中央部委之间、中央与地方以及…（2006年相关）	`2006年` | 2006年开启的医疗体制改革也是一个中央部委之间、中央与地方以及<br>— 《转型中的地方政府》 · p38	转型中的地方政府 数据 quantitative
填空：`2002年` | Li（2015）利用2000—2002年企业所得税由地方税过渡到中央和地方…（2002年相关）	`2002年` | Li（2015）利用2000—2002年企业所得税由地方税过渡到中央和地方<br>— 《转型中的地方政府》 · p44	转型中的地方政府 数据 quantitative
填空：`1990年` | [4] 1990年之前我们只选择了1978、1980和1985年作为代表性年…（1990年相关）	`1990年` | [4] 1990年之前我们只选择了1978、1980和1985年作为代表性年<br>— 《转型中的地方政府》 · p54	转型中的地方政府 数据 quantitative
填空：`2008年` | [6] 2008年以后《北京统计年鉴》不再报告中央机关人数。…（2008年相关）	`2008年` | [6] 2008年以后《北京统计年鉴》不再报告中央机关人数。<br>— 《转型中的地方政府》 · p54	转型中的地方政府 数据 quantitative
填空：`2008年` | 化》，《中国青年报》2008年4月24日。…（2008年相关）	`2008年` | 化》，《中国青年报》2008年4月24日。<br>— 《转型中的地方政府》 · p54	转型中的地方政府 数据 quantitative
填空：`2014年` | （2014）关于行政发包制分析进行了相关评论，参见《社会》2014年…（2014年相关）	`2014年` | （2014）关于行政发包制分析进行了相关评论，参见《社会》2014年<br>— 《转型中的地方政府》 · p55	转型中的地方政府 数据 quantitative
填空：`1976年` | 1958—1976年间中央…（1976年相关）	`1976年` | 1958—1976年间中央<br>— 《转型中的地方政府》 · p76	转型中的地方政府 数据 quantitative
填空：`1956年` | 1956年毛泽东论“十大关系”其实就是在传统体制与外来体…（1956年相关）	`1956年` | 1956年毛泽东论“十大关系”其实就是在传统体制与外来体<br>— 《转型中的地方政府》 · p76	转型中的地方政府 数据 quantitative
填空：`1954年` | 从1954年开始，统收统…（1954年相关）	`1954年` | 从1954年开始，统收统<br>— 《转型中的地方政府》 · p76	转型中的地方政府 数据 quantitative
填空：`1958年` | 到了1958年，伴随着…（1958年相关）	`1958年` | 到了1958年，伴随着<br>— 《转型中的地方政府》 · p76	转型中的地方政府 数据 quantitative
填空：`1978年` | 方财政支出占全国财政支出的比例不断上升，1978年已经接近52.6%。…（关键百分比数据）	`1978年` | 方财政支出占全国财政支出的比例不断上升，1978年已经接近52.6%。<br>— 《转型中的地方政府》 · p76	转型中的地方政府 数据 quantitative
填空：`1958年` | 1958年以后成立的人民公社是与城市单位制在农村的对应物，两者极…（1958年相关）	`1958年` | 1958年以后成立的人民公社是与城市单位制在农村的对应物，两者极<br>— 《转型中的地方政府》 · p78	转型中的地方政府 数据 quantitative
填空：`1958年` | ”（《人民日报》1958年8月…（1958年相关）	`1958年` | ”（《人民日报》1958年8月<br>— 《转型中的地方政府》 · p78	转型中的地方政府 数据 quantitative
填空：`1978年` | 1978年开启了中国改革开放的新时代，在接下来的30多年的时间里政…（1978年相关）	`1978年` | 1978年开启了中国改革开放的新时代，在接下来的30多年的时间里政<br>— 《转型中的地方政府》 · p78	转型中的地方政府 数据 quantitative
填空：`2000年` | 强化的时期，其次是2000年以来行政发包制经历局部改造的时期。…（2000年相关）	`2000年` | 强化的时期，其次是2000年以来行政发包制经历局部改造的时期。<br>— 《转型中的地方政府》 · p78	转型中的地方政府 数据 quantitative
填空：`1979年` | 1979年开始，中央实施“简政放权”，即把一些属于中央部委的行政…（1979年相关）	`1979年` | 1979年开始，中央实施“简政放权”，即把一些属于中央部委的行政<br>— 《转型中的地方政府》 · p78	转型中的地方政府 数据 quantitative
填空：`1984年` | 理权力，成为经济改革和开放的试验区，加上自1984年开始建立计划…（1984年相关）	`1984年` | 理权力，成为经济改革和开放的试验区，加上自1984年开始建立计划<br>— 《转型中的地方政府》 · p78	转型中的地方政府 数据 quantitative
填空：`1980年` | 1980年以来，我国的干部人事管理制度有一系列重要改革。…（1980年相关）	`1980年` | 1980年以来，我国的干部人事管理制度有一系列重要改革。<br>— 《转型中的地方政府》 · p79	转型中的地方政府 数据 quantitative
填空：`2008年` | 的污染，2008年首次推出“河长制”，由无锡市党政主要负责人分别…（2008年相关）	`2008年` | 的污染，2008年首次推出“河长制”，由无锡市党政主要负责人分别<br>— 《转型中的地方政府》 · p79	转型中的地方政府 数据 quantitative
填空：`2013年` | 浙江省为进一步推进水环境综合治理，2013年也大规…（2013年相关）	`2013年` | 浙江省为进一步推进水环境综合治理，2013年也大规<br>— 《转型中的地方政府》 · p79	转型中的地方政府 数据 quantitative
填空：`2008年` | 例如，2008年金融危机…（2008年相关）	`2008年` | 例如，2008年金融危机<br>— 《转型中的地方政府》 · p80	转型中的地方政府 数据 quantitative
填空：`1993年` | 上世纪80年代初期开始至1993年中国…（1993年相关）	`1993年` | 上世纪80年代初期开始至1993年中国<br>— 《转型中的地方政府》 · p80	转型中的地方政府 数据 quantitative
填空：`1994年` | 1994年进入“分税制”时代之后，中央和地…（1994年相关）	`1994年` | 1994年进入“分税制”时代之后，中央和地<br>— 《转型中的地方政府》 · p80	转型中的地方政府 数据 quantitative
填空：`1979年` | 1979年农村地区推…（1979年相关）	`1979年` | 1979年农村地区推<br>— 《转型中的地方政府》 · p80	转型中的地方政府 数据 quantitative
填空：`1981年` | 1981年国营工业企业中…（1981年相关）	`1981年` | 1981年国营工业企业中<br>— 《转型中的地方政府》 · p80	转型中的地方政府 数据 quantitative
填空：`1997年` | 补”（宋新中，1997年，第481—482页）。…（1997年相关）	`1997年` | 补”（宋新中，1997年，第481—482页）。<br>— 《转型中的地方政府》 · p80	转型中的地方政府 数据 quantitative
填空：`1987年` | 1987年，中国进入全面的…（1987年相关）	`1987年` | 1987年，中国进入全面的<br>— 《转型中的地方政府》 · p80	转型中的地方政府 数据 quantitative
填空：`1980年` | 1980年起，国家对文教、卫生、科学、体育、农业、林业、水利及气…（1980年相关）	`1980年` | 1980年起，国家对文教、卫生、科学、体育、农业、林业、水利及气<br>— 《转型中的地方政府》 · p80	转型中的地方政府 数据 quantitative
填空：`1949年` | 限，而1949年以后中国处于工业化和城市化的重要阶段，经济发展成…（1949年相关）	`1949年` | 限，而1949年以后中国处于工业化和城市化的重要阶段，经济发展成<br>— 《转型中的地方政府》 · p82	转型中的地方政府 数据 quantitative
填空：`1949年` | 如果说1949年后计划经济的确立和前苏联模式的引入尚未在根本…（1949年相关）	`1949年` | 如果说1949年后计划经济的确立和前苏联模式的引入尚未在根本<br>— 《转型中的地方政府》 · p82	转型中的地方政府 数据 quantitative
填空：`1984年` | 社制度早在1984年就被废除，联产承包责任制的推行致使农民与乡镇…（1984年相关）	`1984年` | 社制度早在1984年就被废除，联产承包责任制的推行致使农民与乡镇<br>— 《转型中的地方政府》 · p82	转型中的地方政府 数据 quantitative
填空：`1994年` | 以1994年分税制改革为起点，中国进入了一个长时段的“垂直管理的…（1994年相关）	`1994年` | 以1994年分税制改革为起点，中国进入了一个长时段的“垂直管理的<br>— 《转型中的地方政府》 · p84	转型中的地方政府 数据 quantitative
填空：`2000年` | 二是对“条条”部门的省（市）层级上的垂直管理，如2000年工…（2000年相关）	`2000年` | 二是对“条条”部门的省（市）层级上的垂直管理，如2000年工<br>— 《转型中的地方政府》 · p84	转型中的地方政府 数据 quantitative
填空：`1993年` | 在1993年以前，中…（1993年相关）	`1993年` | 在1993年以前，中<br>— 《转型中的地方政府》 · p85	转型中的地方政府 数据 quantitative
填空：`1993年` | 和Weingast（1997） 基于1980—1993年的行政分权和财政包干制的…（1993年相关）	`1993年` | 和Weingast（1997） 基于1980—1993年的行政分权和财政包干制的事<br>— 《转型中的地方政府》 · p96	转型中的地方政府 数据 quantitative
填空：`1984年` | [19] 1984年之后干部人事管理制度改为“下管一级”。…（1984年相关）	`1984年` | [19] 1984年之后干部人事管理制度改为“下管一级”。<br>— 《转型中的地方政府》 · p101	转型中的地方政府 数据 quantitative
填空：`2013年` | [23] 参见《光明日报》2013年12月10日新闻报道《让市长书记当最…（2013年相关）	`2013年` | [23] 参见《光明日报》2013年12月10日新闻报道《让市长书记当最<br>— 《转型中的地方政府》 · p101	转型中的地方政府 数据 quantitative
填空：`2001年` | [25] 周庆智详细列举了W县2000—2001年政府机关和直属行政事业…（2001年相关）	`2001年` | [25] 周庆智详细列举了W县2000—2001年政府机关和直属行政事业<br>— 《转型中的地方政府》 · p101	转型中的地方政府 数据 quantitative
填空：`2008年` | [27] 这些领域的省内垂直管理的改革在2008年之后又回到了属地管…（2008年相关）	`2008年` | [27] 这些领域的省内垂直管理的改革在2008年之后又回到了属地管<br>— 《转型中的地方政府》 · p102	转型中的地方政府 数据 quantitative
填空：`2007年` | 话》，第1页，山东画报出版社2007年版。…（2007年相关）	`2007年` | 话》，第1页，山东画报出版社2007年版。<br>— 《转型中的地方政府》 · p103	转型中的地方政府 数据 quantitative
填空：`2015年` | [42] 2015年中央开始在十个省市试点地方债的发行工作。…（2015年相关）	`2015年` | [42] 2015年中央开始在十个省市试点地方债的发行工作。<br>— 《转型中的地方政府》 · p104	转型中的地方政府 数据 quantitative
填空：`2015年` | [45] 2015年1月1日正式生效的《环境保护法》突出了地方政府对于…（2015年相关）	`2015年` | [45] 2015年1月1日正式生效的《环境保护法》突出了地方政府对于<br>— 《转型中的地方政府》 · p104	转型中的地方政府 数据 quantitative
填空：`1978年` | 变化和调整之中，1953—1978年间经历了多次重大的经济权力的放收…（1978年相关）	`1978年` | 变化和调整之中，1953—1978年间经历了多次重大的经济权力的放收<br>— 《转型中的地方政府》 · p106	转型中的地方政府 数据 quantitative
填空：`1950年` | 1950年3月，政务院颁布了《关于统一国家财政经济工作的决定》，具…（1950年相关）	`1950年` | 1950年3月，政务院颁布了《关于统一国家财政经济工作的决定》，具<br>— 《转型中的地方政府》 · p106	转型中的地方政府 数据 quantitative
填空：`1956年` | 他在1956年《论十大关系》的讲话中最终提出…（1956年相关）	`1956年` | 他在1956年《论十大关系》的讲话中最终提出<br>— 《转型中的地方政府》 · p106	转型中的地方政府 数据 quantitative
填空：`1958年` | 1958年，新中国开始了历史上第一次大…（1958年相关）	`1958年` | 1958年，新中国开始了历史上第一次大<br>— 《转型中的地方政府》 · p107	转型中的地方政府 数据 quantitative
填空：`1958年` | 常不幸的是，1958年正是中国经济大跃进的高峰年，为了配合中央提…（1958年相关）	`1958年` | 常不幸的是，1958年正是中国经济大跃进的高峰年，为了配合中央提<br>— 《转型中的地方政府》 · p107	转型中的地方政府 数据 quantitative
填空：`1959年` | 所以，从1959年3月开…（1959年相关）	`1959年` | 所以，从1959年3月开<br>— 《转型中的地方政府》 · p107	转型中的地方政府 数据 quantitative
填空：`1958年` | 1958年8月中旬，毛泽东在视察天津工作时进一步提出：…（1958年相关）	`1958年` | 1958年8月中旬，毛泽东在视察天津工作时进一步提出：<br>— 《转型中的地方政府》 · p107	转型中的地方政府 数据 quantitative
填空：`1956年` | 从1956年开始反思苏联模式的…（1956年相关）	`1956年` | 从1956年开始反思苏联模式的<br>— 《转型中的地方政府》 · p107	转型中的地方政府 数据 quantitative
填空：`1958年` | 1958年的混乱导致了1959—1960年的权力上收，重新回到高度集中的…（1958年相关）	`1958年` | 1958年的混乱导致了1959—1960年的权力上收，重新回到高度集中的<br>— 《转型中的地方政府》 · p108	转型中的地方政府 数据 quantitative
填空：`1964年` | 久，1964年8月，毛泽东又提出了分权的想法。…（1964年相关）	`1964年` | 久，1964年8月，毛泽东又提出了分权的想法。<br>— 《转型中的地方政府》 · p108	转型中的地方政府 数据 quantitative
填空：`1965年` | 1965年一系列扩大地方权力的措施出台，包括扩大地方的计划管理…（1965年相关）	`1965年` | 1965年一系列扩大地方权力的措施出台，包括扩大地方的计划管理<br>— 《转型中的地方政府》 · p108	转型中的地方政府 数据 quantitative
填空：`1966年` | 1966年2月，毛泽东在给刘少奇的一封信中说：“一切统一于中央，卡…（1966年相关）	`1966年` | 1966年2月，毛泽东在给刘少奇的一封信中说：“一切统一于中央，卡<br>— 《转型中的地方政府》 · p108	转型中的地方政府 数据 quantitative
填空：`1968年` | 1967—1968年处于“文革”最混乱的时期，毛…（1968年相关）	`1968年` | 1967—1968年处于“文革”最混乱的时期，毛<br>— 《转型中的地方政府》 · p108	转型中的地方政府 数据 quantitative
填空：`1970年` | 泽东关于地方放权的想法没有马上执行，直到1969—1970年才真正付…（1970年相关）	`1970年` | 泽东关于地方放权的想法没有马上执行，直到1969—1970年才真正付<br>— 《转型中的地方政府》 · p108	转型中的地方政府 数据 quantitative
填空：`1970年` | 1969—1970年开始的经济管理体制的调整是继1958年以来又一次大规…（1970年相关）	`1970年` | 1969—1970年开始的经济管理体制的调整是继1958年以来又一次大规<br>— 《转型中的地方政府》 · p108	转型中的地方政府 数据 quantitative
填空：`1958年` | 模的放权运动，在放权思路和具体措施上与1958年的做法非常相似…（1958年相关）	`1958年` | 模的放权运动，在放权思路和具体措施上与1958年的做法非常相似<br>— 《转型中的地方政府》 · p108	转型中的地方政府 数据 quantitative
填空：`1970年` | 必须在1970年内完成。…（1970年相关）	`1970年` | 必须在1970年内完成。<br>— 《转型中的地方政府》 · p108	转型中的地方政府 数据 quantitative
填空：`1965年` | 1965年的10533家减少了98.6％，这些保留的中央企业的工业产值在全…（关键百分比数据）	`1965年` | 1965年的10533家减少了98.6％，这些保留的中央企业的工业产值在全<br>— 《转型中的地方政府》 · p108	转型中的地方政府 数据 quantitative
填空：`1974年` | 从1974年起，基本建设投资改按“四、三、三”的…（1974年相关）	`1974年` | 从1974年起，基本建设投资改按“四、三、三”的<br>— 《转型中的地方政府》 · p108	转型中的地方政府 数据 quantitative
填空：`1970年` | 还从1970年起每年拨出80亿元作为发展“五小”工业专项基金，交给…（1970年数据）	`1970年` | 还从1970年起每年拨出80亿元作为发展“五小”工业专项基金，交给<br>— 《转型中的地方政府》 · p108	转型中的地方政府 数据 quantitative
填空：`1966年` | 类大为减少，从1966年的579种减少到1972年以后的217种。…（1966年相关）	`1966年` | 类大为减少，从1966年的579种减少到1972年以后的217种。<br>— 《转型中的地方政府》 · p109	转型中的地方政府 数据 quantitative
填空：`1958年` | 1958年以来一直到1980年，…（1958年相关）	`1958年` | 1958年以来一直到1980年，<br>— 《转型中的地方政府》 · p109	转型中的地方政府 数据 quantitative
填空：`1981年` | 国务院工作部门由1981年底100个减少到61个。…（1981年相关）	`1981年` | 国务院工作部门由1981年底100个减少到61个。<br>— 《转型中的地方政府》 · p110	转型中的地方政府 数据 quantitative
填空：`1982年` | 1982年底第五届全国人民代表大会第五次会议通过了新的《中华人民…（1982年相关）	`1982年` | 1982年底第五届全国人民代表大会第五次会议通过了新的《中华人民<br>— 《转型中的地方政府》 · p110	转型中的地方政府 数据 quantitative
填空：`1988年` | 从1988年开始，中央开始逐步试点实行国家公务员制度，…（1988年相关）	`1988年` | 从1988年开始，中央开始逐步试点实行国家公务员制度，<br>— 《转型中的地方政府》 · p110	转型中的地方政府 数据 quantitative
填空：`1993年` | 1993年《国家公务员暂行条例》通过，国家公务员制度在中央部委一…（1993年相关）	`1993年` | 1993年《国家公务员暂行条例》通过，国家公务员制度在中央部委一<br>— 《转型中的地方政府》 · p111	转型中的地方政府 数据 quantitative
填空：`1979年` | 1979年4月，邓小平在听取广东省主要领导同志汇报时提出：办一个特…（1979年相关）	`1979年` | 1979年4月，邓小平在听取广东省主要领导同志汇报时提出：办一个特<br>— 《转型中的地方政府》 · p112	转型中的地方政府 数据 quantitative
填空：`1980年` | 1980年中央正式确定深圳、珠海、汕头和厦门四个…（1980年相关）	`1980年` | 1980年中央正式确定深圳、珠海、汕头和厦门四个<br>— 《转型中的地方政府》 · p112	转型中的地方政府 数据 quantitative
填空：`1979年` | 在全国尚处于高度集中的计划经济体制的时候，广东和福建于1979年…（1979年相关）	`1979年` | 在全国尚处于高度集中的计划经济体制的时候，广东和福建于1979年<br>— 《转型中的地方政府》 · p112	转型中的地方政府 数据 quantitative
填空：`1980年` | 1980年，由胡耀邦同志主持的中央书记处52次会议提出：“中央…（1980年相关）	`1980年` | 1980年，由胡耀邦同志主持的中央书记处52次会议提出：“中央<br>— 《转型中的地方政府》 · p112	转型中的地方政府 数据 quantitative
填空：`1987年` | 1987年，深圳经济…（1987年相关）	`1987年` | 1987年，深圳经济<br>— 《转型中的地方政府》 · p114	转型中的地方政府 数据 quantitative
填空：`1988年` | 这一成功试验促成了1988年4月全国人…（1988年相关）	`1988年` | 这一成功试验促成了1988年4月全国人<br>— 《转型中的地方政府》 · p114	转型中的地方政府 数据 quantitative
填空：`1981年` | 1981年深圳特区第一次政府机构改革就撤销了经委、农办…（1981年相关）	`1981年` | 1981年深圳特区第一次政府机构改革就撤销了经委、农办<br>— 《转型中的地方政府》 · p114	转型中的地方政府 数据 quantitative
填空：`1984年` | 1984年机构改革中，深圳探索建立“大行业、大系统”的综合管理体…（1984年相关）	`1984年` | 1984年机构改革中，深圳探索建立“大行业、大系统”的综合管理体<br>— 《转型中的地方政府》 · p114	转型中的地方政府 数据 quantitative
填空：`1984年` | 1984年又进一步开放了大连、秦皇岛、天津、烟台、青岛、连云港、…（1984年相关）	`1984年` | 1984年又进一步开放了大连、秦皇岛、天津、烟台、青岛、连云港、<br>— 《转型中的地方政府》 · p114	转型中的地方政府 数据 quantitative
填空：`1985年` | 1984—1985年中央先后批准大连、秦皇岛、天津、烟…（1985年相关）	`1985年` | 1984—1985年中央先后批准大连、秦皇岛、天津、烟<br>— 《转型中的地方政府》 · p115	转型中的地方政府 数据 quantitative
填空：`1986年` | 1986年8月和1988年6月，又先后批准将上…（1986年相关）	`1986年` | 1986年8月和1988年6月，又先后批准将上<br>— 《转型中的地方政府》 · p115	转型中的地方政府 数据 quantitative
填空：`1992年` | 截至1992年，大连、秦皇岛、天津、烟…（1992年相关）	`1992年` | 截至1992年，大连、秦皇岛、天津、烟<br>— 《转型中的地方政府》 · p115	转型中的地方政府 数据 quantitative
填空：`1988年` | 1988年，海南省经济特区建立。…（1988年相关）	`1988年` | 1988年，海南省经济特区建立。<br>— 《转型中的地方政府》 · p115	转型中的地方政府 数据 quantitative
填空：`1990年` | 1990年，中央又决定开放和开发上海浦东，批准建立浦东经济开发…（1990年相关）	`1990年` | 1990年，中央又决定开放和开发上海浦东，批准建立浦东经济开发<br>— 《转型中的地方政府》 · p116	转型中的地方政府 数据 quantitative
填空：`2006年` | 2006年国务院正式批准天津滨海新区成为全国综合配套改革试验区，…（2006年相关）	`2006年` | 2006年国务院正式批准天津滨海新区成为全国综合配套改革试验区，<br>— 《转型中的地方政府》 · p116	转型中的地方政府 数据 quantitative
填空：`2013年` | 2013年9月29日中国（上海）自由贸易试验区正式挂牌，这是中国应对…（2013年相关）	`2013年` | 2013年9月29日中国（上海）自由贸易试验区正式挂牌，这是中国应对<br>— 《转型中的地方政府》 · p116	转型中的地方政府 数据 quantitative
填空：`2015年` | 2015年4月国务院批准建…（2015年相关）	`2015年` | 2015年4月国务院批准建<br>— 《转型中的地方政府》 · p116	转型中的地方政府 数据 quantitative
填空：`2016年` | 2016年8月，第三批自贸试验区…（2016年相关）	`2016年` | 2016年8月，第三批自贸试验区<br>— 《转型中的地方政府》 · p116	转型中的地方政府 数据 quantitative
填空：`1983年` | 1983年中国进行了计划单列市的改革。…（1983年相关）	`1983年` | 1983年中国进行了计划单列市的改革。<br>— 《转型中的地方政府》 · p117	转型中的地方政府 数据 quantitative
填空：`1985年` | 1985年12月《国务院办公厅转发…（1985年相关）	`1985年` | 1985年12月《国务院办公厅转发<br>— 《转型中的地方政府》 · p117	转型中的地方政府 数据 quantitative
填空：`1984年` | 自1984年重庆计划单列开始，最多的时候存在14个计划单列市，它们…（1984年相关）	`1984年` | 自1984年重庆计划单列开始，最多的时候存在14个计划单列市，它们<br>— 《转型中的地方政府》 · p117	转型中的地方政府 数据 quantitative
填空：`1994年` | 但是，从1994年开始，计划单列市在…（1994年相关）	`1994年` | 但是，从1994年开始，计划单列市在<br>— 《转型中的地方政府》 · p117	转型中的地方政府 数据 quantitative
填空：`1994年` | 另一个取消计划单列的重要原因是，财政和税收体制从1994年起发生…（1994年相关）	`1994年` | 另一个取消计划单列的重要原因是，财政和税收体制从1994年起发生<br>— 《转型中的地方政府》 · p118	转型中的地方政府 数据 quantitative
填空：`1994年` | 单列城市在1994年都被取消了，仅仅保留了5个非省会的计划单列市，…（1994年相关）	`1994年` | 单列城市在1994年都被取消了，仅仅保留了5个非省会的计划单列市，<br>— 《转型中的地方政府》 · p118	转型中的地方政府 数据 quantitative
填空：`1983年` | 1983年与计划单列市改革同时进行的还有“市管县”的改革，实行地…（1983年相关）	`1983年` | 1983年与计划单列市改革同时进行的还有“市管县”的改革，实行地<br>— 《转型中的地方政府》 · p118	转型中的地方政府 数据 quantitative
填空：`1987年` | 明，1987年，上海地方财政收入为172.91亿元，上缴中央119.82亿…（1987年数据）	`1987年` | 明，1987年，上海地方财政收入为172.91亿元，上缴中央119.82亿<br>— 《转型中的地方政府》 · p119	转型中的地方政府 数据 quantitative
填空：`1971年` | 在1971年中美关系解冻不久，中国政府曾向华盛顿求助，希望提供美…（1971年相关）	`1971年` | 在1971年中美关系解冻不久，中国政府曾向华盛顿求助，希望提供美<br>— 《转型中的地方政府》 · p123	转型中的地方政府 数据 quantitative
填空：`1998年` | 1998年机构改革撤销了11个部委，从原来的40个部委减少到29个，传…（1998年相关）	`1998年` | 1998年机构改革撤销了11个部委，从原来的40个部委减少到29个，传<br>— 《转型中的地方政府》 · p124	转型中的地方政府 数据 quantitative
填空：`1994年` | 但是，从1994年分税制改革设立国税局以来，中国行政管理体制的条…（1994年相关）	`1994年` | 但是，从1994年分税制改革设立国税局以来，中国行政管理体制的条<br>— 《转型中的地方政府》 · p124	转型中的地方政府 数据 quantitative
填空：`1993年` | 鉴于1992—1993年中国金融秩…（1993年相关）	`1993年` | 鉴于1992—1993年中国金融秩<br>— 《转型中的地方政府》 · p124	转型中的地方政府 数据 quantitative
填空：`1997年` | 序的混乱，中央在1997年决定对中央银行以及商业银行实行垂直管…（1997年相关）	`1997年` | 序的混乱，中央在1997年决定对中央银行以及商业银行实行垂直管<br>— 《转型中的地方政府》 · p124	转型中的地方政府 数据 quantitative
填空：`1998年` | 1998年，中国人民银…（1998年相关）	`1998年` | 1998年，中国人民银<br>— 《转型中的地方政府》 · p124	转型中的地方政府 数据 quantitative
填空：`1996年` | 贷，导致经济过热，1993—1996年的严重的通货膨胀就是一个突出的…（1996年相关）	`1996年` | 贷，导致经济过热，1993—1996年的严重的通货膨胀就是一个突出的<br>— 《转型中的地方政府》 · p124	转型中的地方政府 数据 quantitative
填空：`1998年` | 为了打破地方保护主义，为市场竞争提供一个公平的环境，1998年，…（1998年相关）	`1998年` | 为了打破地方保护主义，为市场竞争提供一个公平的环境，1998年，<br>— 《转型中的地方政府》 · p124	转型中的地方政府 数据 quantitative
填空：`2000年` | 2000年，质量技术监督部门和国家药监…（2000年相关）	`2000年` | 2000年，质量技术监督部门和国家药监<br>— 《转型中的地方政府》 · p124	转型中的地方政府 数据 quantitative
填空：`2004年` | 国家统计局自2004年以来开启了一…（2004年相关）	`2004年` | 国家统计局自2004年以来开启了一<br>— 《转型中的地方政府》 · p125	转型中的地方政府 数据 quantitative
填空：`2004年` | 首先，从2004年开始，地方GDP核算之后，需要与国家统…（2004年相关）	`2004年` | 首先，从2004年开始，地方GDP核算之后，需要与国家统<br>— 《转型中的地方政府》 · p125	转型中的地方政府 数据 quantitative
填空：`2004年` | 其次，2004年3月，国家统计局对各级调查队实行垂直管理，使之成为…（2004年相关）	`2004年` | 其次，2004年3月，国家统计局对各级调查队实行垂直管理，使之成为<br>— 《转型中的地方政府》 · p125	转型中的地方政府 数据 quantitative
填空：`2006年` | 2006年初，原属各省、自治区、直辖市…（2006年相关）	`2006年` | 2006年初，原属各省、自治区、直辖市<br>— 《转型中的地方政府》 · p125	转型中的地方政府 数据 quantitative
填空：`2014年` | [7] 2014年底，…（2014年相关）	`2014年` | [7] 2014年底，<br>— 《转型中的地方政府》 · p125	转型中的地方政府 数据 quantitative
填空：`2006年` | 2006年，国家对省以下土地部门实行垂直管理，将省以下的土地审批…（2006年相关）	`2006年` | 2006年，国家对省以下土地部门实行垂直管理，将省以下的土地审批<br>— 《转型中的地方政府》 · p125	转型中的地方政府 数据 quantitative
填空：`2003年` | 2003年上半年，全国各类土地违法行为超过10万起，…（2003年数据）	`2003年` | 2003年上半年，全国各类土地违法行为超过10万起，<br>— 《转型中的地方政府》 · p125	转型中的地方政府 数据 quantitative
填空：`1995年` | 比例从1995年的16%，增加至2005年的三分之一，至2012年进一步增加…（关键百分比数据）	`1995年` | 比例从1995年的16%，增加至2005年的三分之一，至2012年进一步增加<br>— 《转型中的地方政府》 · p129	转型中的地方政府 数据 quantitative
填空：`2007年` | 央财政支出中的比例，2000—2007年美国联邦专项项目支出平均占联…（2007年相关）	`2007年` | 央财政支出中的比例，2000—2007年美国联邦专项项目支出平均占联<br>— 《转型中的地方政府》 · p131	转型中的地方政府 数据 quantitative
填空：`1908年` | 1908年，清廷颁布《城镇乡地方自治章…（1908年相关）	`1908年` | 1908年，清廷颁布《城镇乡地方自治章<br>— 《转型中的地方政府》 · p133	转型中的地方政府 数据 quantitative
填空：`1941年` | 国民党1941年颁布的《乡（镇）组织条例》规定乡设立乡代…（1941年相关）	`1941年` | 国民党1941年颁布的《乡（镇）组织条例》规定乡设立乡代<br>— 《转型中的地方政府》 · p133	转型中的地方政府 数据 quantitative
填空：`1954年` | 1954年取消了区村制和区乡制并存的…（1954年相关）	`1954年` | 1954年取消了区村制和区乡制并存的<br>— 《转型中的地方政府》 · p134	转型中的地方政府 数据 quantitative
填空：`1957年` | 到1957年12月，除台湾…（1957年相关）	`1957年` | 到1957年12月，除台湾<br>— 《转型中的地方政府》 · p135	转型中的地方政府 数据 quantitative
填空：`1956年` | 权对乡村经济和社会的控制，从1956年始，农村开始大力推动合作化…（1956年相关）	`1956年` | 权对乡村经济和社会的控制，从1956年始，农村开始大力推动合作化<br>— 《转型中的地方政府》 · p135	转型中的地方政府 数据 quantitative
填空：`1958年` | 1958年人民公社运动开始，撤乡、镇并大社，人民公社行使乡镇…（1958年相关）	`1958年` | 1958年人民公社运动开始，撤乡、镇并大社，人民公社行使乡镇<br>— 《转型中的地方政府》 · p135	转型中的地方政府 数据 quantitative
填空：`1983年` | 1983年中共中央、国务院发出《关…（1983年相关）	`1983年` | 1983年中共中央、国务院发出《关<br>— 《转型中的地方政府》 · p136	转型中的地方政府 数据 quantitative
填空：`1985年` | 废除人民公社、建立乡政府的工作到1985年基…（1985年相关）	`1985年` | 废除人民公社、建立乡政府的工作到1985年基<br>— 《转型中的地方政府》 · p136	转型中的地方政府 数据 quantitative
填空：`1992年` | 1992年配合全国行政机构改革，乡镇管理体制也进行了一些初步的调…（1992年相关）	`1992年` | 1992年配合全国行政机构改革，乡镇管理体制也进行了一些初步的调<br>— 《转型中的地方政府》 · p136	转型中的地方政府 数据 quantitative
填空：`1998年` | 烈，据统计，1998年山东全省乡镇党政机关平均编制是35人左右，而…（1998年相关）	`1998年` | 烈，据统计，1998年山东全省乡镇党政机关平均编制是35人左右，而<br>— 《转型中的地方政府》 · p136	转型中的地方政府 数据 quantitative
填空：`2000年` | 业特产税及其附加，2000年之后农业税也被取消。…（2000年相关）	`2000年` | 业特产税及其附加，2000年之后农业税也被取消。<br>— 《转型中的地方政府》 · p138	转型中的地方政府 数据 quantitative
填空：`1988年` | 1988年标志着村级组织政治地位的重要变化，由隶属于…（1988年相关）	`1988年` | 1988年标志着村级组织政治地位的重要变化，由隶属于<br>— 《转型中的地方政府》 · p138	转型中的地方政府 数据 quantitative
填空：`1957年` | 他在1957年党的八届三中全会上指…（1957年相关）	`1957年` | 他在1957年党的八届三中全会上指<br>— 《转型中的地方政府》 · p139	转型中的地方政府 数据 quantitative
填空：`2007年` | 新闻网》2007年3月27日。…（2007年相关）	`2007年` | 新闻网》2007年3月27日。<br>— 《转型中的地方政府》 · p139	转型中的地方政府 数据 quantitative
填空：`2016年` | 2016年2月美国、日本、澳大利亚等12个国家正式签署TPP协议。…（2016年相关）	`2016年` | 2016年2月美国、日本、澳大利亚等12个国家正式签署TPP协议。<br>— 《转型中的地方政府》 · p139	转型中的地方政府 数据 quantitative
填空：`2014年` | 世纪经济报道》2014年12月31日。…（2014年相关）	`2014年` | 世纪经济报道》2014年12月31日。<br>— 《转型中的地方政府》 · p139	转型中的地方政府 数据 quantitative
填空：`2004年` | 编：《税费改革背景下的乡镇体制研究》，湖北人民出版社2004年…（2004年相关）	`2004年` | 编：《税费改革背景下的乡镇体制研究》，湖北人民出版社2004年<br>— 《转型中的地方政府》 · p140	转型中的地方政府 数据 quantitative
填空：`2004年` | 改革》，西北大学出版社2004年版，第66页。…（2004年相关）	`2004年` | 改革》，西北大学出版社2004年版，第66页。<br>— 《转型中的地方政府》 · p140	转型中的地方政府 数据 quantitative
填空：`2004年` | 革》，西北大学出版社2004年版，第66页。…（2004年相关）	`2004年` | 革》，西北大学出版社2004年版，第66页。<br>— 《转型中的地方政府》 · p140	转型中的地方政府 数据 quantitative
填空：`1978年` | 们需要了解1978年之前中国财政体制的基本特征及其演变。…（1978年相关）	`1978年` | 们需要了解1978年之前中国财政体制的基本特征及其演变。<br>— 《转型中的地方政府》 · p142	转型中的地方政府 数据 quantitative
填空：`1978年` | 但是，仔细考察1950—1978年中央—地方财政关系…（1978年相关）	`1978年` | 但是，仔细考察1950—1978年中央—地方财政关系<br>— 《转型中的地方政府》 · p143	转型中的地方政府 数据 quantitative
填空：`1951年` | 中央很快意识到这种制度的弊端，1951年便决定做出调整，实施“统…（1951年相关）	`1951年` | 中央很快意识到这种制度的弊端，1951年便决定做出调整，实施“统<br>— 《转型中的地方政府》 · p143	转型中的地方政府 数据 quantitative
填空：`1954年` | “支出包干”体制自1954年提出之后就成为后来中央控制地方预算规…（1954年相关）	`1954年` | “支出包干”体制自1954年提出之后就成为后来中央控制地方预算规<br>— 《转型中的地方政府》 · p144	转型中的地方政府 数据 quantitative
填空：`1954年` | 根据“六条方针”的指导思想，1954年国家预算体制做出了相应的调…（1954年相关）	`1954年` | 根据“六条方针”的指导思想，1954年国家预算体制做出了相应的调<br>— 《转型中的地方政府》 · p144	转型中的地方政府 数据 quantitative
填空：`1953年` | 1953年全国财经会议上提出地方形成的财政结余可以不上…（1953年相关）	`1953年` | 1953年全国财经会议上提出地方形成的财政结余可以不上<br>— 《转型中的地方政府》 · p145	转型中的地方政府 数据 quantitative
填空：`1955年` | 1955年累计的地方年终结余高达30亿元（薄一波，1991，第481页）。…（1955年数据）	`1955年` | 1955年累计的地方年终结余高达30亿元（薄一波，1991，第481页）。<br>— 《转型中的地方政府》 · p146	转型中的地方政府 数据 quantitative
填空：`1955年` | 1955年毛泽东外出视察工作时，安徽省委书记曾希圣反映，淮南两万…（1955年相关）	`1955年` | 1955年毛泽东外出视察工作时，安徽省委书记曾希圣反映，淮南两万<br>— 《转型中的地方政府》 · p146	转型中的地方政府 数据 quantitative
填空：`1958年` | 1958年开始，在划分地方收支项目和分成比例之后，中央承诺五年不…（1958年相关）	`1958年` | 1958年开始，在划分地方收支项目和分成比例之后，中央承诺五年不<br>— 《转型中的地方政府》 · p146	转型中的地方政府 数据 quantitative
填空：`1957年` | 地方正常支出和划分收入的数字均以1957年的预算数作为基数。…（1957年相关）	`1957年` | 地方正常支出和划分收入的数字均以1957年的预算数作为基数。<br>— 《转型中的地方政府》 · p147	转型中的地方政府 数据 quantitative
填空：`1958年` | 1958年的财政改革还涉及税收管理的改革。…（1958年相关）	`1958年` | 1958年的财政改革还涉及税收管理的改革。<br>— 《转型中的地方政府》 · p147	转型中的地方政府 数据 quantitative
填空：`1958年` | 1958年的体制没有执行多久就不得不改弦更张，变成“收支…（1958年相关）	`1958年` | 1958年的体制没有执行多久就不得不改弦更张，变成“收支<br>— 《转型中的地方政府》 · p147	转型中的地方政府 数据 quantitative
填空：`1958年` | 1958年的权力下放推行于经济“大跃进”时期，运行时间不长却酿成…（1958年相关）	`1958年` | 1958年的权力下放推行于经济“大跃进”时期，运行时间不长却酿成<br>— 《转型中的地方政府》 · p148	转型中的地方政府 数据 quantitative
填空：`1958年` | 角度看，1958年的财政下放是改革开放之前最为彻底的一次，其中蕴…（1958年相关）	`1958年` | 角度看，1958年的财政下放是改革开放之前最为彻底的一次，其中蕴<br>— 《转型中的地方政府》 · p148	转型中的地方政府 数据 quantitative
填空：`1954年` | 与1954年相比，1958年的权力下放具有几个鲜明的…（1954年相关）	`1954年` | 与1954年相比，1958年的权力下放具有几个鲜明的<br>— 《转型中的地方政府》 · p148	转型中的地方政府 数据 quantitative
填空：`1961年` | 1961年中央发布《关于调整管理体制的若干暂行规定》，回收了一些…（1961年相关）	`1961年` | 1961年中央发布《关于调整管理体制的若干暂行规定》，回收了一些<br>— 《转型中的地方政府》 · p148	转型中的地方政府 数据 quantitative
填空：`1966年` | 从1966年开始，中国进入长达十年的“文化大革命”。…（1966年相关）	`1966年` | 从1966年开始，中国进入长达十年的“文化大革命”。<br>— 《转型中的地方政府》 · p148	转型中的地方政府 数据 quantitative
填空：`1967年` | 1966—1967年延续过…（1967年相关）	`1967年` | 1966—1967年延续过<br>— 《转型中的地方政府》 · p148	转型中的地方政府 数据 quantitative
填空：`1968年` | 1968年，大批工厂停产，经济…（1968年相关）	`1968年` | 1968年，大批工厂停产，经济<br>— 《转型中的地方政府》 · p148	转型中的地方政府 数据 quantitative
填空：`1969年` | 1969年因生产形势开始好转，财政体制又恢复到…（1969年相关）	`1969年` | 1969年因生产形势开始好转，财政体制又恢复到<br>— 《转型中的地方政府》 · p148	转型中的地方政府 数据 quantitative
填空：`1969年` | 收支指标以1969年12月…（1969年相关）	`1969年` | 收支指标以1969年12月<br>— 《转型中的地方政府》 · p148	转型中的地方政府 数据 quantitative
填空：`1970年` | 1970年，中央规定，在随后的五年内安排一定的专项资金，由省、…（1970年相关）	`1970年` | 1970年，中央规定，在随后的五年内安排一定的专项资金，由省、<br>— 《转型中的地方政府》 · p149	转型中的地方政府 数据 quantitative
填空：`1973年` | 在1971—1973年期间，中央对省、直辖市、自治区实行收支包…（1973年相关）	`1973年` | 在1971—1973年期间，中央对省、直辖市、自治区实行收支包<br>— 《转型中的地方政府》 · p149	转型中的地方政府 数据 quantitative
填空：`1975年` | 服这些问题，1973—1975年，一些地区（华北、东北地区和江苏省）…（1975年相关）	`1975年` | 服这些问题，1973—1975年，一些地区（华北、东北地区和江苏省）<br>— 《转型中的地方政府》 · p149	转型中的地方政府 数据 quantitative
填空：`1976年` | 1976年推行了一个改进方案，即“定收定支，收支挂钩，总额分成，…（1976年相关）	`1976年` | 1976年推行了一个改进方案，即“定收定支，收支挂钩，总额分成，<br>— 《转型中的地方政府》 · p149	转型中的地方政府 数据 quantitative
填空：`1959年` | 支，少收就少支，自求平衡，类似于1959年实行的“总额分成”制…（1959年相关）	`1959年` | 支，少收就少支，自求平衡，类似于1959年实行的“总额分成”制<br>— 《转型中的地方政府》 · p150	转型中的地方政府 数据 quantitative
填空：`1977年` | 图4.1给出了1953—1977年地方财政收入和支出占全国财政收支比例的…（1977年相关）	`1977年` | 图4.1给出了1953—1977年地方财政收入和支出占全国财政收支比例的<br>— 《转型中的地方政府》 · p150	转型中的地方政府 数据 quantitative
填空：`1953年` | 数据始于1953年是因为1950年实行的是高度集中的财政体制，地…（1953年相关）	`1953年` | 数据始于1953年是因为1950年实行的是高度集中的财政体制，地<br>— 《转型中的地方政府》 · p150	转型中的地方政府 数据 quantitative
填空：`1952年` | 方财政体制尚未建立，而1951—1952年，行政大区还未撤销。…（1952年相关）	`1952年` | 方财政体制尚未建立，而1951—1952年，行政大区还未撤销。<br>— 《转型中的地方政府》 · p150	转型中的地方政府 数据 quantitative
填空：`1978年` | 图4.1反映了1978年之前我国中央与地方财政关系的重要变化。…（1978年相关）	`1978年` | 图4.1反映了1978年之前我国中央与地方财政关系的重要变化。<br>— 《转型中的地方政府》 · p150	转型中的地方政府 数据 quantitative
填空：`1957年` | 财政收入还是支出看，1953—1957年代表了中央集权的财政体制，…（1957年相关）	`1957年` | 财政收入还是支出看，1953—1957年代表了中央集权的财政体制，<br>— 《转型中的地方政府》 · p150	转型中的地方政府 数据 quantitative
填空：`1959年` | 1958—1959年则是财政体制从集权走向分权的重要转折点。…（1959年相关）	`1959年` | 1958—1959年则是财政体制从集权走向分权的重要转折点。<br>— 《转型中的地方政府》 · p150	转型中的地方政府 数据 quantitative
填空：`1959年` | 出方面，1958—1959年地方的支出比例从1953—1957年不足30%跳跃到…（关键百分比数据）	`1959年` | 出方面，1958—1959年地方的支出比例从1953—1957年不足30%跳跃到<br>— 《转型中的地方政府》 · p150	转型中的地方政府 数据 quantitative
填空：`1962年` | 50%以上，虽然1961—1962年有所下降，但之后的年份就再也没有回到…（关键百分比数据）	`1962年` | 50%以上，虽然1961—1962年有所下降，但之后的年份就再也没有回到<br>— 《转型中的地方政府》 · p150	转型中的地方政府 数据 quantitative
填空：`1958年` | 1958年之前的水平，而是长期维持在40%左右，1971年之后开始稳步上…（关键百分比数据）	`1958年` | 1958年之前的水平，而是长期维持在40%左右，1971年之后开始稳步上<br>— 《转型中的地方政府》 · p150	转型中的地方政府 数据 quantitative
填空：`1977年` | 升，1977年达到53%。…（关键百分比数据）	`1977年` | 升，1977年达到53%。<br>— 《转型中的地方政府》 · p150	转型中的地方政府 数据 quantitative
填空：`1958年` | 自从1958年进入收入分成体制之后，地方政府承担了筹集国家…（1958年相关）	`1958年` | 自从1958年进入收入分成体制之后，地方政府承担了筹集国家<br>— 《转型中的地方政府》 · p150	转型中的地方政府 数据 quantitative
填空：`1957年` | 财源最重要角色，从1953—1957年的20%升至70%以上，1971年之后高…（关键百分比数据）	`1957年` | 财源最重要角色，从1953—1957年的20%升至70%以上，1971年之后高<br>— 《转型中的地方政府》 · p150	转型中的地方政府 数据 quantitative
填空：`1958年` | 过1958年大规模权力下放之后，中国的整个财政体制不可逆转地朝着…（1958年相关）	`1958年` | 过1958年大规模权力下放之后，中国的整个财政体制不可逆转地朝着<br>— 《转型中的地方政府》 · p151	转型中的地方政府 数据 quantitative
填空：`1951年` | 从1951年开始，中央和地方行政管理权限和预算管理权限的历次…（1951年相关）	`1951年` | 从1951年开始，中央和地方行政管理权限和预算管理权限的历次<br>— 《转型中的地方政府》 · p151	转型中的地方政府 数据 quantitative
填空：`1994年` | 了80年代的财政包干制和1994年之后的分税制改革，这些改革的核心…（1994年相关）	`1994年` | 了80年代的财政包干制和1994年之后的分税制改革，这些改革的核心<br>— 《转型中的地方政府》 · p152	转型中的地方政府 数据 quantitative
填空：`1994年` | [3] 这一体制传统直到1994年分税制改革之后国税…（1994年相关）	`1994年` | [3] 这一体制传统直到1994年分税制改革之后国税<br>— 《转型中的地方政府》 · p152	转型中的地方政府 数据 quantitative
填空：`1976年` | 是1953—1976年期间中国财政预算体制的基本特征。…（1976年相关）	`1976年` | 是1953—1976年期间中国财政预算体制的基本特征。<br>— 《转型中的地方政府》 · p153	转型中的地方政府 数据 quantitative
填空：`1958年` | 比较1958年的财政体制与之前的体制安排，我们可以发现，反映中央…（1958年相关）	`1958年` | 比较1958年的财政体制与之前的体制安排，我们可以发现，反映中央<br>— 《转型中的地方政府》 · p154	转型中的地方政府 数据 quantitative
填空：`1958年` | 越可信，自主性越大，比如1958年的“五年不变”比“一年一定”对…（1958年相关）	`1958年` | 越可信，自主性越大，比如1958年的“五年不变”比“一年一定”对<br>— 《转型中的地方政府》 · p154	转型中的地方政府 数据 quantitative
填空：`1958年` | 1958年和1959年共清理这种挪用资金100亿元，占1958年财…（1958年数据）	`1958年` | 1958年和1959年共清理这种挪用资金100亿元，占1958年财<br>— 《转型中的地方政府》 · p155	转型中的地方政府 数据 quantitative
填空：`1958年` | 这是1958年大规模放权的特点。…（1958年相关）	`1958年` | 这是1958年大规模放权的特点。<br>— 《转型中的地方政府》 · p155	转型中的地方政府 数据 quantitative
填空：`1978年` | 1978年12月党的十一届三中全会召开，决定将全党工作的重心转移到…（1978年相关）	`1978年` | 1978年12月党的十一届三中全会召开，决定将全党工作的重心转移到<br>— 《转型中的地方政府》 · p155	转型中的地方政府 数据 quantitative
填空：`1980年` | 1980年2月，国务院颁发《关于实行“划分收支、分级包干”的财政管…（1980年相关）	`1980年` | 1980年2月，国务院颁发《关于实行“划分收支、分级包干”的财政管<br>— 《转型中的地方政府》 · p155	转型中的地方政府 数据 quantitative
填空：`1979年` | 1979年财政收支的决算数为基数，确定一个固定的上交数或补贴数，…（1979年相关）	`1979年` | 1979年财政收支的决算数为基数，确定一个固定的上交数或补贴数，<br>— 《转型中的地方政府》 · p156	转型中的地方政府 数据 quantitative
填空：`1977年` | 1977年就开始试验固定比例包干的财政管理制度，即根据江苏省历史…（1977年相关）	`1977年` | 1977年就开始试验固定比例包干的财政管理制度，即根据江苏省历史<br>— 《转型中的地方政府》 · p156	转型中的地方政府 数据 quantitative
填空：`1978年` | 1978年至1980年上缴中央的比例为57％，后来又略有…（关键百分比数据）	`1978年` | 1978年至1980年上缴中央的比例为57％，后来又略有<br>— 《转型中的地方政府》 · p156	转型中的地方政府 数据 quantitative
填空：`1979年` | 关系划分和核定中央和地方的收支范围，以1979年的收入预计数字为…（1979年相关）	`1979年` | 关系划分和核定中央和地方的收支范围，以1979年的收入预计数字为<br>— 《转型中的地方政府》 · p156	转型中的地方政府 数据 quantitative
填空：`1979年` | 1979年和1980年两年的财政赤字即高达204亿，接近于1953—1978…（1979年数据）	`1979年` | 1979年和1980年两年的财政赤字即高达204亿，接近于1953—1978<br>— 《转型中的地方政府》 · p157	转型中的地方政府 数据 quantitative
填空：`1980年` | 与传统的财政体制相比，1980年的财政包干改革有何重大突破呢？…（1980年相关）	`1980年` | 与传统的财政体制相比，1980年的财政包干改革有何重大突破呢？<br>— 《转型中的地方政府》 · p157	转型中的地方政府 数据 quantitative
填空：`1980年` | 需要指出的是，1980年的财政包干制的推行并不代表对过去财政体制…（1980年相关）	`1980年` | 需要指出的是，1980年的财政包干制的推行并不代表对过去财政体制<br>— 《转型中的地方政府》 · p157	转型中的地方政府 数据 quantitative
填空：`1975年` | 例包干”模式在1973—1975年期间就被东北、华北和江苏尝试过，第…（1975年相关）	`1975年` | 例包干”模式在1973—1975年期间就被东北、华北和江苏尝试过，第<br>— 《转型中的地方政府》 · p157	转型中的地方政府 数据 quantitative
填空：`1958年` | 1958年的体制推行以来就一直成为中国处理中央和地方财源分配和解…（1958年相关）	`1958年` | 1958年的体制推行以来就一直成为中国处理中央和地方财源分配和解<br>— 《转型中的地方政府》 · p157	转型中的地方政府 数据 quantitative
填空：`1981年` | 1981年和1982年分别借款70亿和40亿。…（1981年数据）	`1981年` | 1981年和1982年分别借款70亿和40亿。<br>— 《转型中的地方政府》 · p158	转型中的地方政府 数据 quantitative
填空：`1983年` | 1983年，中央不再向地方…（1983年相关）	`1983年` | 1983年，中央不再向地方<br>— 《转型中的地方政府》 · p158	转型中的地方政府 数据 quantitative
填空：`1983年` | 如此，1983年财政包干体制还相应地做出了其他调整。…（1983年相关）	`1983年` | 如此，1983年财政包干体制还相应地做出了其他调整。<br>— 《转型中的地方政府》 · p158	转型中的地方政府 数据 quantitative
填空：`1983年` | 自1983年起中国税制进行了改革，企业原来上交的利润改为向国家交…（1983年相关）	`1983年` | 自1983年起中国税制进行了改革，企业原来上交的利润改为向国家交<br>— 《转型中的地方政府》 · p158	转型中的地方政府 数据 quantitative
填空：`1985年` | 与此相适应，从1985年开…（1985年相关）	`1985年` | 与此相适应，从1985年开<br>— 《转型中的地方政府》 · p158	转型中的地方政府 数据 quantitative
填空：`1980年` | 新体制是对1980年初的“分灶吃饭”体制的一次调整。…（1980年相关）	`1980年` | 新体制是对1980年初的“分灶吃饭”体制的一次调整。<br>— 《转型中的地方政府》 · p159	转型中的地方政府 数据 quantitative
填空：`1985年` | 年期间财政收入增长较快的省区在1985年的体制下被重新提高了上交…（1985年相关）	`1985年` | 年期间财政收入增长较快的省区在1985年的体制下被重新提高了上交<br>— 《转型中的地方政府》 · p159	转型中的地方政府 数据 quantitative
填空：`1988年` | 为此，国务院于1988年发布了《关于地方实行财政包干办法的决…（1988年相关）	`1988年` | 为此，国务院于1988年发布了《关于地方实行财政包干办法的决<br>— 《转型中的地方政府》 · p159	转型中的地方政府 数据 quantitative
填空：`1987年` | 二是“收入递增包干”：以1987年的决算收入…（1987年相关）	`1987年` | 二是“收入递增包干”：以1987年的决算收入<br>— 《转型中的地方政府》 · p159	转型中的地方政府 数据 quantitative
填空：`1987年` | 三是“上缴额递增包干”：以1987年上缴的中央…（1987年相关）	`1987年` | 三是“上缴额递增包干”：以1987年上缴的中央<br>— 《转型中的地方政府》 · p159	转型中的地方政府 数据 quantitative
填空：`1993年` | 回顾1980—1993年的财政体制改革，我们需要指出，以分灶吃饭为特…（1993年相关）	`1993年` | 回顾1980—1993年的财政体制改革，我们需要指出，以分灶吃饭为特<br>— 《转型中的地方政府》 · p159	转型中的地方政府 数据 quantitative
填空：`1994年` | 1994年的分税制改革是新中国成立以来最重要的财政和税制改革之…（1994年相关）	`1994年` | 1994年的分税制改革是新中国成立以来最重要的财政和税制改革之<br>— 《转型中的地方政府》 · p160	转型中的地方政府 数据 quantitative
填空：`1994年` | 这主要表现在两个方面：一是确保各省1994年的…（1994年相关）	`1994年` | 这主要表现在两个方面：一是确保各省1994年的<br>— 《转型中的地方政府》 · p161	转型中的地方政府 数据 quantitative
填空：`1993年` | 基本财政收入不低于1993年的水平。…（1993年相关）	`1993年` | 基本财政收入不低于1993年的水平。<br>— 《转型中的地方政府》 · p161	转型中的地方政府 数据 quantitative
填空：`1993年` | 的留成收入—该省的基年（即1993年）的地方税收入—0.25×增值税…（1993年相关）	`1993年` | 的留成收入—该省的基年（即1993年）的地方税收入—0.25×增值税<br>— 《转型中的地方政府》 · p161	转型中的地方政府 数据 quantitative
填空：`1994年` | 这种方式可以确保各省在1994年的基本收入不会低于1993年的…（1994年相关）	`1994年` | 这种方式可以确保各省在1994年的基本收入不会低于1993年的<br>— 《转型中的地方政府》 · p161	转型中的地方政府 数据 quantitative
填空：`1994年` | 1994年之后中央每年的转移支付中有很大的比例是履行基…（1994年相关）	`1994年` | 1994年之后中央每年的转移支付中有很大的比例是履行基<br>— 《转型中的地方政府》 · p161	转型中的地方政府 数据 quantitative
填空：`1994年` | 当时各省已经提前预期到1994年要…（1994年相关）	`1994年` | 当时各省已经提前预期到1994年要<br>— 《转型中的地方政府》 · p161	转型中的地方政府 数据 quantitative
填空：`1993年` | 推行基数返还政策，于是为了抬高1993年的基期收入而采取了所有可…（1993年相关）	`1993年` | 推行基数返还政策，于是为了抬高1993年的基期收入而采取了所有可<br>— 《转型中的地方政府》 · p161	转型中的地方政府 数据 quantitative
填空：`1994年` | 1994年分税制改革之后（黄佩华，2003）。…（1994年相关）	`1994年` | 1994年分税制改革之后（黄佩华，2003）。<br>— 《转型中的地方政府》 · p162	转型中的地方政府 数据 quantitative
填空：`1994年` | 1994年的分税制改革主要调整了中央和地方的财政收入的分…（1994年相关）	`1994年` | 1994年的分税制改革主要调整了中央和地方的财政收入的分<br>— 《转型中的地方政府》 · p162	转型中的地方政府 数据 quantitative
填空：`1993年` | 达地区在1993年的财政既得利益，中央每年需要拨付巨额的税收返…（1993年相关）	`1993年` | 达地区在1993年的财政既得利益，中央每年需要拨付巨额的税收返<br>— 《转型中的地方政府》 · p163	转型中的地方政府 数据 quantitative
填空：`1998年` | 1998年开始我国从建设型财政向公共财政转变，启动了预算管理体制…（1998年相关）	`1998年` | 1998年开始我国从建设型财政向公共财政转变，启动了预算管理体制<br>— 《转型中的地方政府》 · p163	转型中的地方政府 数据 quantitative
填空：`1999年` | 1999年以来各地区、各部门不断推进“收支两条线”的改革。…（1999年相关）	`1999年` | 1999年以来各地区、各部门不断推进“收支两条线”的改革。<br>— 《转型中的地方政府》 · p164	转型中的地方政府 数据 quantitative
填空：`1998年` | 1998年以来国家三令五申严加禁止，但多年来屡禁不绝。…（1998年相关）	`1998年` | 1998年以来国家三令五申严加禁止，但多年来屡禁不绝。<br>— 《转型中的地方政府》 · p164	转型中的地方政府 数据 quantitative
填空：`1998年` | 计署有关负责人透露，1998年至2006年上半年，全国审计机关共查出…（1998年相关）	`1998年` | 计署有关负责人透露，1998年至2006年上半年，全国审计机关共查出<br>— 《转型中的地方政府》 · p164	转型中的地方政府 数据 quantitative
填空：`2005年` | 中2005年审计机关发现“小金库”资金高达312亿元，2006年上半年高…（2005年数据）	`2005年` | 中2005年审计机关发现“小金库”资金高达312亿元，2006年上半年高<br>— 《转型中的地方政府》 · p164	转型中的地方政府 数据 quantitative
填空：`1998年` | 盖面约为20%计算，1998年至2006年上半年期间，全国所有国家机关和…（关键百分比数据）	`1998年` | 盖面约为20%计算，1998年至2006年上半年期间，全国所有国家机关和<br>— 《转型中的地方政府》 · p164	转型中的地方政府 数据 quantitative
填空：`2016年` | 2016年8月24日，国务院发布了《关于推进中央与地方财政事权和支出…（2016年相关）	`2016年` | 2016年8月24日，国务院发布了《关于推进中央与地方财政事权和支出<br>— 《转型中的地方政府》 · p166	转型中的地方政府 数据 quantitative
填空：`1958年` | 1958年之前预算外…（1958年相关）	`1958年` | 1958年之前预算外<br>— 《转型中的地方政府》 · p167	转型中的地方政府 数据 quantitative
填空：`1960年` | 膨胀，1960年高达20％（《中国统计年鉴（1991）》）。…（关键百分比数据）	`1960年` | 膨胀，1960年高达20％（《中国统计年鉴（1991）》）。<br>— 《转型中的地方政府》 · p167	转型中的地方政府 数据 quantitative
填空：`1960年` | 模开始下降，预算外资金占预算内收入的比例由1960年的20.6%降到…（关键百分比数据）	`1960年` | 模开始下降，预算外资金占预算内收入的比例由1960年的20.6%降到<br>— 《转型中的地方政府》 · p167	转型中的地方政府 数据 quantitative
填空：`1965年` | 1965年的16％。…（关键百分比数据）	`1965年` | 1965年的16％。<br>— 《转型中的地方政府》 · p167	转型中的地方政府 数据 quantitative
填空：`1996年` | 管理较为混乱的局面，中央从1996年开始对预算外资金的管理进行了…（1996年相关）	`1996年` | 管理较为混乱的局面，中央从1996年开始对预算外资金的管理进行了<br>— 《转型中的地方政府》 · p167	转型中的地方政府 数据 quantitative
填空：`1999年` | 第二个阶段，从1999年开始对行政事业单位的收费和罚没收入实行…（1999年相关）	`1999年` | 第二个阶段，从1999年开始对行政事业单位的收费和罚没收入实行<br>— 《转型中的地方政府》 · p168	转型中的地方政府 数据 quantitative
填空：`2001年` | 自2001年始，公安、司…（2001年相关）	`2001年` | 自2001年始，公安、司<br>— 《转型中的地方政府》 · p168	转型中的地方政府 数据 quantitative
填空：`2010年` | 表4.1列举了自1982—2010年以来中国地方政府预算外收入历年的数额…（2010年相关）	`2010年` | 表4.1列举了自1982—2010年以来中国地方政府预算外收入历年的数额<br>— 《转型中的地方政府》 · p168	转型中的地方政府 数据 quantitative
填空：`1982年` | 为标准衡量预算外收入的重要性，它从1982年的61％一路攀升到1988…（关键百分比数据）	`1982年` | 为标准衡量预算外收入的重要性，它从1982年的61％一路攀升到1988<br>— 《转型中的地方政府》 · p169	转型中的地方政府 数据 quantitative
填空：`1993年` | 趋势，除了1993年的35％比较特殊以外 [14] ，这一比例长时期仍然维持…（关键百分比数据）	`1993年` | 趋势，除了1993年的35％比较特殊以外 [14] ，这一比例长时期仍然维持<br>— 《转型中的地方政府》 · p169	转型中的地方政府 数据 quantitative
填空：`2005年` | 在一个较高的水平，到2005年才降到三分之一略强。…（2005年相关）	`2005年` | 在一个较高的水平，到2005年才降到三分之一略强。<br>— 《转型中的地方政府》 · p169	转型中的地方政府 数据 quantitative
填空：`1993年` | 80年代增长迅速，80年代中期以后甚至超过预算内收入，但1993年之…（1993年相关）	`1993年` | 80年代增长迅速，80年代中期以后甚至超过预算内收入，但1993年之<br>— 《转型中的地方政府》 · p169	转型中的地方政府 数据 quantitative
填空：`1993年` | 外收入的比例先是从接近于两倍的水平逐渐下降，在1993年猛然上升…（1993年相关）	`1993年` | 外收入的比例先是从接近于两倍的水平逐渐下降，在1993年猛然上升<br>— 《转型中的地方政府》 · p169	转型中的地方政府 数据 quantitative
填空：`2005年` | 2005年地方预算外收入的…（2005年相关）	`2005年` | 2005年地方预算外收入的<br>— 《转型中的地方政府》 · p169	转型中的地方政府 数据 quantitative
填空：`2005年` | 2005年之后预算外收入占预算内收入的…（2005年相关）	`2005年` | 2005年之后预算外收入占预算内收入的<br>— 《转型中的地方政府》 · p169	转型中的地方政府 数据 quantitative
填空：`2010年` | 比例逐年下降，到2010年已降至13%。…（关键百分比数据）	`2010年` | 比例逐年下降，到2010年已降至13%。<br>— 《转型中的地方政府》 · p169	转型中的地方政府 数据 quantitative
填空：`2010年` | 1987—2010年的预算外收入数据，可以发现，各省在此期间平均的预…（2010年相关）	`2010年` | 1987—2010年的预算外收入数据，可以发现，各省在此期间平均的预<br>— 《转型中的地方政府》 · p169	转型中的地方政府 数据 quantitative
填空：`1986年` | 从1986年开始，我国政府明文将完整的财政资金切割为预算内、…（1986年相关）	`1986年` | 从1986年开始，我国政府明文将完整的财政资金切割为预算内、<br>— 《转型中的地方政府》 · p170	转型中的地方政府 数据 quantitative
填空：`2014年` | 2014年新预算法的颁布确立了政府全口径预…（2014年相关）	`2014年` | 2014年新预算法的颁布确立了政府全口径预<br>— 《转型中的地方政府》 · p172	转型中的地方政府 数据 quantitative
填空：`1985年` | 在1980—1985年“划分收支、分级包干”时期，实行“划分收支、分…（1985年相关）	`1985年` | 在1980—1985年“划分收支、分级包干”时期，实行“划分收支、分<br>— 《转型中的地方政府》 · p172	转型中的地方政府 数据 quantitative
填空：`1979年` | 的包干基数以1979年执行数为基础，经过适当调整后计算确定。…（1979年相关）	`1979年` | 的包干基数以1979年执行数为基础，经过适当调整后计算确定。<br>— 《转型中的地方政府》 · p173	转型中的地方政府 数据 quantitative
填空：`1979年` | 中央对贵州省是以1979年的预算数作为预算收入基…（1979年相关）	`1979年` | 中央对贵州省是以1979年的预算数作为预算收入基<br>— 《转型中的地方政府》 · p173	转型中的地方政府 数据 quantitative
填空：`1979年` | 数的，而省对各地是以1979年的实际完成数为基数。…（1979年相关）	`1979年` | 数的，而省对各地是以1979年的实际完成数为基数。<br>— 《转型中的地方政府》 · p173	转型中的地方政府 数据 quantitative
填空：`1979年` | 算支出基数的确定是以1979年预算支出数压缩10%后确定的，而省对各…（关键百分比数据）	`1979年` | 算支出基数的确定是以1979年预算支出数压缩10%后确定的，而省对各<br>— 《转型中的地方政府》 · p173	转型中的地方政府 数据 quantitative
填空：`1979年` | 地则是根据1979年预算支出数压缩5%后确定的。…（关键百分比数据）	`1979年` | 地则是根据1979年预算支出数压缩5%后确定的。<br>— 《转型中的地方政府》 · p173	转型中的地方政府 数据 quantitative
填空：`1988年` | 1985—1988年，中央对省原打算实行“划分税种，核定收支，分级包…（1988年相关）	`1988年` | 1985—1988年，中央对省原打算实行“划分税种，核定收支，分级包<br>— 《转型中的地方政府》 · p173	转型中的地方政府 数据 quantitative
填空：`1986年` | 1986年，暂时实行“总额分成”的办法。…（1986年相关）	`1986年` | 1986年，暂时实行“总额分成”的办法。<br>— 《转型中的地方政府》 · p173	转型中的地方政府 数据 quantitative
填空：`1987年` | 例如，山东省1987年对部分省实行“定额上缴加增长分档分…（1987年相关）	`1987年` | 例如，山东省1987年对部分省实行“定额上缴加增长分档分<br>— 《转型中的地方政府》 · p173	转型中的地方政府 数据 quantitative
填空：`1985年` | 例如，安徽省1985年对涡…（1985年相关）	`1985年` | 例如，安徽省1985年对涡<br>— 《转型中的地方政府》 · p173	转型中的地方政府 数据 quantitative
填空：`1988年` | 1988年，中央对安徽省继续实行“总额分成”的办法，总额留成比例…（1988年相关）	`1988年` | 1988年，中央对安徽省继续实行“总额分成”的办法，总额留成比例<br>— 《转型中的地方政府》 · p173	转型中的地方政府 数据 quantitative
填空：`1993年` | 张闫龙（2006）提供了财政包干制时期（1980—1993年）某个省以下…（1993年相关）	`1993年` | 张闫龙（2006）提供了财政包干制时期（1980—1993年）某个省以下<br>— 《转型中的地方政府》 · p174	转型中的地方政府 数据 quantitative
填空：`1982年` | 一个市政府从1982年开始实行“收支挂钩，总额分成，比例包干”的…（1982年相关）	`1982年` | 一个市政府从1982年开始实行“收支挂钩，总额分成，比例包干”的<br>— 《转型中的地方政府》 · p174	转型中的地方政府 数据 quantitative
填空：`1987年` | 包干”制，即以1987年财政决算参与分成的收入为基数，每年递增…（1987年相关）	`1987年` | 包干”制，即以1987年财政决算参与分成的收入为基数，每年递增<br>— 《转型中的地方政府》 · p174	转型中的地方政府 数据 quantitative
填空：`1994年` | 1994年中央决定结束之前运行十几年的“财政包干制”，开始实行分…（1994年相关）	`1994年` | 1994年中央决定结束之前运行十几年的“财政包干制”，开始实行分<br>— 《转型中的地方政府》 · p175	转型中的地方政府 数据 quantitative
填空：`2012年` | 方面的一个尝试，下面我们基于这项研究对中国1994—2012年省、…（2012年相关）	`2012年` | 方面的一个尝试，下面我们基于这项研究对中国1994—2012年省、<br>— 《转型中的地方政府》 · p175	转型中的地方政府 数据 quantitative
填空：`2000年` | 2000年前后，各地县乡财政困难的问题集中爆发，地方…（2000年相关）	`2000年` | 2000年前后，各地县乡财政困难的问题集中爆发，地方<br>— 《转型中的地方政府》 · p175	转型中的地方政府 数据 quantitative
填空：`2002年` | 院于2002年12月印发了《国务院批转财政部关于完善省以下财政管理…（2002年相关）	`2002年` | 院于2002年12月印发了《国务院批转财政部关于完善省以下财政管理<br>— 《转型中的地方政府》 · p175	转型中的地方政府 数据 quantitative
填空：`2006年` | 截至2006年，除了福建采用的是总额分成制、江苏和浙江采用…（2006年相关）	`2006年` | 截至2006年，除了福建采用的是总额分成制、江苏和浙江采用<br>— 《转型中的地方政府》 · p176	转型中的地方政府 数据 quantitative
填空：`2002年` | 2002年1月开始的所得税收入分享改革也为各地完善省以下财政管理体…（2002年相关）	`2002年` | 2002年1月开始的所得税收入分享改革也为各地完善省以下财政管理体<br>— 《转型中的地方政府》 · p176	转型中的地方政府 数据 quantitative
填空：`2002年` | 知》，从2002年1月1日起将按企业隶属关系等划分中央与地方所得税…（2002年相关）	`2002年` | 知》，从2002年1月1日起将按企业隶属关系等划分中央与地方所得税<br>— 《转型中的地方政府》 · p176	转型中的地方政府 数据 quantitative
填空：`2001年` | 中央保证各地区2001年…（2001年相关）	`2001年` | 中央保证各地区2001年<br>— 《转型中的地方政府》 · p176	转型中的地方政府 数据 quantitative
填空：`2002年` | 2002年所得税收入中央分享…（2002年相关）	`2002年` | 2002年所得税收入中央分享<br>— 《转型中的地方政府》 · p176	转型中的地方政府 数据 quantitative
填空：`2003年` | 2003年所得税收入中央分享60%，地方分享40%。…（关键百分比数据）	`2003年` | 2003年所得税收入中央分享60%，地方分享40%。<br>— 《转型中的地方政府》 · p176	转型中的地方政府 数据 quantitative
填空：`2004年` | 《通知》和所得税分享改革之后，各地在2002—2004年间结合实际情…（2004年相关）	`2004年` | 《通知》和所得税分享改革之后，各地在2002—2004年间结合实际情<br>— 《转型中的地方政府》 · p176	转型中的地方政府 数据 quantitative
填空：`2006年` | 至2006年，各省的财政体制可以概括为“总额分成”、“增收分…（2006年相关）	`2006年` | 至2006年，各省的财政体制可以概括为“总额分成”、“增收分<br>— 《转型中的地方政府》 · p176	转型中的地方政府 数据 quantitative
填空：`2001年` | 江苏省2001年规定，以2000年为基期年，核定各市地方…（2001年相关）	`2001年` | 江苏省2001年规定，以2000年为基期年，核定各市地方<br>— 《转型中的地方政府》 · p176	转型中的地方政府 数据 quantitative
填空：`2003年` | 浙江省2003年出台进一步完善地方财政体制的通知规定，2003年…（2003年相关）	`2003年` | 浙江省2003年出台进一步完善地方财政体制的通知规定，2003年<br>— 《转型中的地方政府》 · p177	转型中的地方政府 数据 quantitative
填空：`2002年` | 以后，杭州及其他市、县（市）地方财政收入超过2002年收入基数的…（2002年相关）	`2002年` | 以后，杭州及其他市、县（市）地方财政收入超过2002年收入基数的<br>— 《转型中的地方政府》 · p177	转型中的地方政府 数据 quantitative
填空：`2005年` | 东省2005年下发的关于进一步完善省以下财政管理体制有关问题的通…（2005年相关）	`2005年` | 东省2005年下发的关于进一步完善省以下财政管理体制有关问题的通<br>— 《转型中的地方政府》 · p177	转型中的地方政府 数据 quantitative
填空：`1994年` | 湖南省早在1994年就规定，递增…（1994年相关）	`1994年` | 湖南省早在1994年就规定，递增<br>— 《转型中的地方政府》 · p177	转型中的地方政府 数据 quantitative
填空：`1993年` | 改按以1993年应上缴省财政数额为基数递增上缴。…（1993年相关）	`1993年` | 改按以1993年应上缴省财政数额为基数递增上缴。<br>— 《转型中的地方政府》 · p177	转型中的地方政府 数据 quantitative
填空：`2012年` | 图4.2分别给出了1995—2012年从中央到省本级、市三级政府一般预算…（2012年相关）	`2012年` | 图4.2分别给出了1995—2012年从中央到省本级、市三级政府一般预算<br>— 《转型中的地方政府》 · p178	转型中的地方政府 数据 quantitative
填空：`2012年` | 1995—2012年省本级分享的一般预算收入基本…（2012年相关）	`2012年` | 1995—2012年省本级分享的一般预算收入基本<br>— 《转型中的地方政府》 · p178	转型中的地方政府 数据 quantitative
填空：`2004年` | 1997—2004年中央的收入分享比例从49%逐渐上升到…（关键百分比数据）	`2004年` | 1997—2004年中央的收入分享比例从49%逐渐上升到<br>— 《转型中的地方政府》 · p178	转型中的地方政府 数据 quantitative
填空：`2012年` | 55%，随后稳中有降，到2012年下降为48%。…（关键百分比数据）	`2012年` | 55%，随后稳中有降，到2012年下降为48%。<br>— 《转型中的地方政府》 · p178	转型中的地方政府 数据 quantitative
填空：`1997年` | 历了相反的过程，从1997年的41%逐年下降到2004年的34%，随后逐年…（关键百分比数据）	`1997年` | 历了相反的过程，从1997年的41%逐年下降到2004年的34%，随后逐年<br>— 《转型中的地方政府》 · p178	转型中的地方政府 数据 quantitative
填空：`2012年` | 上升，到2012年上升到42%。…（关键百分比数据）	`2012年` | 上升，到2012年上升到42%。<br>— 《转型中的地方政府》 · p178	转型中的地方政府 数据 quantitative
填空：`2000年` | 以2000年为界，中央分担的支出比例经历了先上升再下降…（2000年相关）	`2000年` | 以2000年为界，中央分担的支出比例经历了先上升再下降<br>— 《转型中的地方政府》 · p178	转型中的地方政府 数据 quantitative
填空：`2000年` | —2000年中央的支出比例从29%上升到35%，各市的支出比例从53%下降…（关键百分比数据）	`2000年` | —2000年中央的支出比例从29%上升到35%，各市的支出比例从53%下降<br>— 《转型中的地方政府》 · p178	转型中的地方政府 数据 quantitative
填空：`2012年` | 2001—2012年中央的支出比例从31%下降到15%，各市的支出比…（关键百分比数据）	`2012年` | 2001—2012年中央的支出比例从31%下降到15%，各市的支出比<br>— 《转型中的地方政府》 · p178	转型中的地方政府 数据 quantitative
填空：`2009年` | 度的数据尚未公开，市本级和区县的数据只到2009年，所以我们进行…（2009年相关）	`2009年` | 度的数据尚未公开，市本级和区县的数据只到2009年，所以我们进行<br>— 《转型中的地方政府》 · p178	转型中的地方政府 数据 quantitative
填空：`2009年` | 描述统计的时间区间为1995—2009年。…（2009年相关）	`2009年` | 描述统计的时间区间为1995—2009年。<br>— 《转型中的地方政府》 · p178	转型中的地方政府 数据 quantitative
填空：`2009年` | 1995—2009年市本级的收入分享比例从17%…（关键百分比数据）	`2009年` | 1995—2009年市本级的收入分享比例从17%<br>— 《转型中的地方政府》 · p178	转型中的地方政府 数据 quantitative
填空：`2000年` | 并且2000年之后，支出比例基本稳定在17%左右。…（关键百分比数据）	`2000年` | 并且2000年之后，支出比例基本稳定在17%左右。<br>— 《转型中的地方政府》 · p179	转型中的地方政府 数据 quantitative
填空：`2000年` | 2000年区县的支出比例从29%下降到27%，2000年以后该比例逐年上…（关键百分比数据）	`2000年` | 2000年区县的支出比例从29%下降到27%，2000年以后该比例逐年上<br>— 《转型中的地方政府》 · p179	转型中的地方政府 数据 quantitative
填空：`2009年` | 到2009年，区县的支出比例达到了42%。…（关键百分比数据）	`2009年` | 到2009年，区县的支出比例达到了42%。<br>— 《转型中的地方政府》 · p179	转型中的地方政府 数据 quantitative
填空：`2007年` | 图4.4描绘了1998—2007年中央、省本级、市本级、区县四级政府间增…（2007年相关）	`2007年` | 图4.4描绘了1998—2007年中央、省本级、市本级、区县四级政府间增<br>— 《转型中的地方政府》 · p179	转型中的地方政府 数据 quantitative
填空：`2004年` | 从图中可以看出，与前后年份相比，2004年的分成…（2004年相关）	`2004年` | 从图中可以看出，与前后年份相比，2004年的分成<br>— 《转型中的地方政府》 · p179	转型中的地方政府 数据 quantitative
填空：`2004年` | 由于2004年出口退税负担机制改革所致。…（2004年相关）	`2004年` | 由于2004年出口退税负担机制改革所致。<br>— 《转型中的地方政府》 · p179	转型中的地方政府 数据 quantitative
填空：`2004年` | 担出口退税的新机制，中央决定从2004年开始以2003年出口退税实退…（2004年相关）	`2004年` | 担出口退税的新机制，中央决定从2004年开始以2003年出口退税实退<br>— 《转型中的地方政府》 · p179	转型中的地方政府 数据 quantitative
填空：`2005年` | 于是中央决定自2005年1月1日起，超基数部分中央与地方按照…（2005年相关）	`2005年` | 于是中央决定自2005年1月1日起，超基数部分中央与地方按照<br>— 《转型中的地方政府》 · p179	转型中的地方政府 数据 quantitative
填空：`2004年` | 除了2004年之外，中央始终分享全部增值税收入的77%左右，之所以略…（关键百分比数据）	`2004年` | 除了2004年之外，中央始终分享全部增值税收入的77%左右，之所以略<br>— 《转型中的地方政府》 · p180	转型中的地方政府 数据 quantitative
填空：`2005年` | 例大约稳定在8%，2005年之后略有下降。…（关键百分比数据）	`2005年` | 例大约稳定在8%，2005年之后略有下降。<br>— 《转型中的地方政府》 · p180	转型中的地方政府 数据 quantitative
填空：`2005年` | 稳定在10%，2005年之后略有上升。…（关键百分比数据）	`2005年` | 稳定在10%，2005年之后略有上升。<br>— 《转型中的地方政府》 · p180	转型中的地方政府 数据 quantitative
填空：`2007年` | 图4.5描绘了1998—2007年中央、省本级、市本级、区县四级政府间营…（2007年相关）	`2007年` | 图4.5描绘了1998—2007年中央、省本级、市本级、区县四级政府间营<br>— 《转型中的地方政府》 · p180	转型中的地方政府 数据 quantitative
填空：`2001年` | 1998—2001年中央平均每年分享全国营业税的15%，…（关键百分比数据）	`2001年` | 1998—2001年中央平均每年分享全国营业税的15%，<br>— 《转型中的地方政府》 · p180	转型中的地方政府 数据 quantitative
填空：`2001年` | 2001年之后中央分享的营业税比例逐渐降低，2003年以后该比例基本…（2001年相关）	`2001年` | 2001年之后中央分享的营业税比例逐渐降低，2003年以后该比例基本<br>— 《转型中的地方政府》 · p180	转型中的地方政府 数据 quantitative
填空：`2005年` | 省本级的分享比例基本稳定在30%左右，2005年之后该…（关键百分比数据）	`2005年` | 省本级的分享比例基本稳定在30%左右，2005年之后该<br>— 《转型中的地方政府》 · p180	转型中的地方政府 数据 quantitative
填空：`2007年` | 到2007年，省本级营业税的分享比例为33%。…（关键百分比数据）	`2007年` | 到2007年，省本级营业税的分享比例为33%。<br>— 《转型中的地方政府》 · p180	转型中的地方政府 数据 quantitative
填空：`2007年` | 2007年市本级分享的营业税比例经历了先上升再下降的过程，1999—…（2007年相关）	`2007年` | 2007年市本级分享的营业税比例经历了先上升再下降的过程，1999—<br>— 《转型中的地方政府》 · p180	转型中的地方政府 数据 quantitative
填空：`2003年` | 2003年市本级营业税的分享比例从25%上升到28%，但2004—2007年该…（关键百分比数据）	`2003年` | 2003年市本级营业税的分享比例从25%上升到28%，但2004—2007年该<br>— 《转型中的地方政府》 · p180	转型中的地方政府 数据 quantitative
填空：`1998年` | 区县分享的营业税比例从1998年的24%逐年上升…（关键百分比数据）	`1998年` | 区县分享的营业税比例从1998年的24%逐年上升<br>— 《转型中的地方政府》 · p180	转型中的地方政府 数据 quantitative
填空：`2007年` | 到2007年的41%。…（关键百分比数据）	`2007年` | 到2007年的41%。<br>— 《转型中的地方政府》 · p180	转型中的地方政府 数据 quantitative
填空：`2007年` | 图4.6描绘了2001—2007年中央、省本级、市本级、区县四级政府间企…（2007年相关）	`2007年` | 图4.6描绘了2001—2007年中央、省本级、市本级、区县四级政府间企<br>— 《转型中的地方政府》 · p180	转型中的地方政府 数据 quantitative
填空：`2001年` | 在所得税分享改革还未进行的2001年，中央分…（2001年相关）	`2001年` | 在所得税分享改革还未进行的2001年，中央分<br>— 《转型中的地方政府》 · p180	转型中的地方政府 数据 quantitative
填空：`2002年` | 享了企业所得税收入的40%，2002年中央分享了企业所得税收入的…（关键百分比数据）	`2002年` | 享了企业所得税收入的40%，2002年中央分享了企业所得税收入的<br>— 《转型中的地方政府》 · p180	转型中的地方政府 数据 quantitative
填空：`2007年` | 图4.7描绘了2001—2007年中央、省本级、市本级、区县四级政府间个…（2007年相关）	`2007年` | 图4.7描绘了2001—2007年中央、省本级、市本级、区县四级政府间个<br>— 《转型中的地方政府》 · p181	转型中的地方政府 数据 quantitative
填空：`2001年` | 2001年中央分享了个人所得税收入的33%，2002…（关键百分比数据）	`2001年` | 2001年中央分享了个人所得税收入的33%，2002<br>— 《转型中的地方政府》 · p181	转型中的地方政府 数据 quantitative
填空：`2007年` | 年分享了54%，2003—2007年的分享比例一直维持在65%左右。…（关键百分比数据）	`2007年` | 年分享了54%，2003—2007年的分享比例一直维持在65%左右。<br>— 《转型中的地方政府》 · p181	转型中的地方政府 数据 quantitative
填空：`2001年` | 政府在2001年分享了11%，2002年分享了18%，2003年之后分享比例基…（关键百分比数据）	`2001年` | 政府在2001年分享了11%，2002年分享了18%，2003年之后分享比例基<br>— 《转型中的地方政府》 · p181	转型中的地方政府 数据 quantitative
填空：`2001年` | 市本级政府在2001年分享了22%，2002年分享了…（关键百分比数据）	`2001年` | 市本级政府在2001年分享了22%，2002年分享了<br>— 《转型中的地方政府》 · p181	转型中的地方政府 数据 quantitative
填空：`2001年` | 区县政府在2001年分享了33%，2002…（关键百分比数据）	`2001年` | 区县政府在2001年分享了33%，2002<br>— 《转型中的地方政府》 · p181	转型中的地方政府 数据 quantitative
填空：`1985年` | 1985年国家财政部根据中央关于建立乡级财政的精神，颁发…（1985年相关）	`1985年` | 1985年国家财政部根据中央关于建立乡级财政的精神，颁发<br>— 《转型中的地方政府》 · p181	转型中的地方政府 数据 quantitative
填空：`1996年` | 镇企业就业由1996年的1.35亿减为2001年的1.28亿人，这种就业下降…（1996年数据）	`1996年` | 镇企业就业由1996年的1.35亿减为2001年的1.28亿人，这种就业下降<br>— 《转型中的地方政府》 · p182	转型中的地方政府 数据 quantitative
填空：`2000年` | 2000年以来中央陆续推出了一系列措施…（2000年相关）	`2000年` | 2000年以来中央陆续推出了一系列措施<br>— 《转型中的地方政府》 · p183	转型中的地方政府 数据 quantitative
填空：`2005年` | 2005年起，中央对各困难县实行“三奖一补”政策，即对…（2005年相关）	`2005年` | 2005年起，中央对各困难县实行“三奖一补”政策，即对<br>— 《转型中的地方政府》 · p183	转型中的地方政府 数据 quantitative
填空：`2011年` | 截至2011年底，全国实行乡财县管的乡镇2.93万个，约占全国…（2011年数据）	`2011年` | 截至2011年底，全国实行乡财县管的乡镇2.93万个，约占全国<br>— 《转型中的地方政府》 · p184	转型中的地方政府 数据 quantitative
填空：`1978年` | [1] 关于1978年之前中国财政管理体制安排的基本特征和几次重要…（1978年相关）	`1978年` | [1] 关于1978年之前中国财政管理体制安排的基本特征和几次重要<br>— 《转型中的地方政府》 · p185	转型中的地方政府 数据 quantitative
填空：`2000年` | 的种类，比如2000年以后中央将原来属于地方税的企业所得税变成了…（2000年相关）	`2000年` | 的种类，比如2000年以后中央将原来属于地方税的企业所得税变成了<br>— 《转型中的地方政府》 · p185	转型中的地方政府 数据 quantitative
填空：`1958年` | [6] 在1958年改革财政管理体制时，开始中央规定“以支定收，三…（1958年相关）	`1958年` | [6] 在1958年改革财政管理体制时，开始中央规定“以支定收，三<br>— 《转型中的地方政府》 · p185	转型中的地方政府 数据 quantitative
填空：`2000年` | [10] Tsui（2005）使用中国1994—2000年全国2000多个县级行…（2000年相关）	`2000年` | [10] Tsui（2005）使用中国1994—2000年全国2000多个县级行政区<br>— 《转型中的地方政府》 · p186	转型中的地方政府 数据 quantitative
填空：`2016年` | 报》2016年9月5日。…（2016年相关）	`2016年` | 报》2016年9月5日。<br>— 《转型中的地方政府》 · p186	转型中的地方政府 数据 quantitative
填空：`2014年` | 2014年8月11日。…（2014年相关）	`2014年` | 2014年8月11日。<br>— 《转型中的地方政府》 · p186	转型中的地方政府 数据 quantitative
填空：`2010年` | [13] 2010年财政部发布了《关于将安预算外资金管理的收入纳入预…（2010年相关）	`2010年` | [13] 2010年财政部发布了《关于将安预算外资金管理的收入纳入预<br>— 《转型中的地方政府》 · p186	转型中的地方政府 数据 quantitative
填空：`2011年` | 该通知规定，从2011年开始，除教育收费纳入财政…（2011年相关）	`2011年` | 该通知规定，从2011年开始，除教育收费纳入财政<br>— 《转型中的地方政府》 · p186	转型中的地方政府 数据 quantitative
填空：`1993年` | [14] 1993年的比例骤然下降到35％，有两个因素使然：一是从1993…（关键百分比数据）	`1993年` | [14] 1993年的比例骤然下降到35％，有两个因素使然：一是从1993<br>— 《转型中的地方政府》 · p186	转型中的地方政府 数据 quantitative
填空：`2006年` | [19] 张立承（2011）主要研究了2006年以前全国各地省以下税收分…（2006年相关）	`2006年` | [19] 张立承（2011）主要研究了2006年以前全国各地省以下税收分<br>— 《转型中的地方政府》 · p187	转型中的地方政府 数据 quantitative
填空：`2012年` | [25] 《省直管县改革出现“疲劳症”》，《南方周末》2012年2月3…（2012年相关）	`2012年` | [25] 《省直管县改革出现“疲劳症”》，《南方周末》2012年2月3<br>— 《转型中的地方政府》 · p187	转型中的地方政府 数据 quantitative
填空：`1984年` | 1984年中央决定适当下放干部管理…（1984年相关）	`1984年` | 1984年中央决定适当下放干部管理<br>— 《转型中的地方政府》 · p192	转型中的地方政府 数据 quantitative
填空：`2013年` | 中央要求各级地方政府考核党政领导不再以GDP为主要指标，如2013年…（2013年相关）	`2013年` | 中央要求各级地方政府考核党政领导不再以GDP为主要指标，如2013年<br>— 《转型中的地方政府》 · p193	转型中的地方政府 数据 quantitative
填空：`2013年` | 2013年12月经中共中央批准、中央组织部印发的《关于改…（2013年相关）	`2013年` | 2013年12月经中共中央批准、中央组织部印发的《关于改<br>— 《转型中的地方政府》 · p193	转型中的地方政府 数据 quantitative
填空：`2014年` | 2014年1月新华网也再次指明不要再进行GDP竞赛。…（2014年相关）	`2014年` | 2014年1月新华网也再次指明不要再进行GDP竞赛。<br>— 《转型中的地方政府》 · p193	转型中的地方政府 数据 quantitative
填空：`1976年` | 算的相对经济绩效与官员升迁可能性之间的关系，他们利用1976年至…（1976年相关）	`1976年` | 算的相对经济绩效与官员升迁可能性之间的关系，他们利用1976年至<br>— 《转型中的地方政府》 · p193	转型中的地方政府 数据 quantitative
填空：`1986年` | 1986年省级官员的数据发现，各省的经济增长率在全国排名的提高会…（1986年相关）	`1986年` | 1986年省级官员的数据发现，各省的经济增长率在全国排名的提高会<br>— 《转型中的地方政府》 · p193	转型中的地方政府 数据 quantitative
填空：`1978年` | 与1978年以来至本任官员的GDP平均增长率的相对绩效，重新考察省级…（1978年相关）	`1978年` | 与1978年以来至本任官员的GDP平均增长率的相对绩效，重新考察省级<br>— 《转型中的地方政府》 · p193	转型中的地方政府 数据 quantitative
填空：`2010年` | 实，利用1994—2010年25个省区的地级市数据，首先由多期GDP增长绩…（2010年相关）	`2010年` | 实，利用1994—2010年25个省区的地级市数据，首先由多期GDP增长绩<br>— 《转型中的地方政府》 · p194	转型中的地方政府 数据 quantitative
填空：`2013年` | 然而，2013年以来中央强调…（2013年相关）	`2013年` | 然而，2013年以来中央强调<br>— 《转型中的地方政府》 · p195	转型中的地方政府 数据 quantitative
填空：`2005年` | 究利用2000—2005年300多个地级市的官员（市长和书记）和地区经济…（2005年相关）	`2005年` | 究利用2000—2005年300多个地级市的官员（市长和书记）和地区经济<br>— 《转型中的地方政府》 · p197	转型中的地方政府 数据 quantitative
填空：`2009年` | 2009年又宣布将这一炼油厂的生产能力提升至1000万吨。…（2009年数据）	`2009年` | 2009年又宣布将这一炼油厂的生产能力提升至1000万吨。<br>— 《转型中的地方政府》 · p199	转型中的地方政府 数据 quantitative
填空：`2001年` | [12] 苏荣与蒋洁敏在仕途上曾经有过交集，2001年当苏荣担任青海省委…（2001年相关）	`2001年` | [12] 苏荣与蒋洁敏在仕途上曾经有过交集，2001年当苏荣担任青海省委<br>— 《转型中的地方政府》 · p199	转型中的地方政府 数据 quantitative
填空：`2000年` | 至2000年5月担任中国石油天然气集团公司董事、副总裁，2000年6月…（2000年相关）	`2000年` | 至2000年5月担任中国石油天然气集团公司董事、副总裁，2000年6月<br>— 《转型中的地方政府》 · p199	转型中的地方政府 数据 quantitative
填空：`2004年` | 从中石油调往青海，2004年4月又调回中国石油天然气集团公司任副总…（2004年相关）	`2004年` | 从中石油调往青海，2004年4月又调回中国石油天然气集团公司任副总<br>— 《转型中的地方政府》 · p199	转型中的地方政府 数据 quantitative
填空：`2003年` | 因为这段交集，蒋洁敏很快就给2003年转任甘肃省委书记的苏…（2003年相关）	`2003年` | 因为这段交集，蒋洁敏很快就给2003年转任甘肃省委书记的苏<br>— 《转型中的地方政府》 · p199	转型中的地方政府 数据 quantitative
填空：`2005年` | 这就是2005年4月兰州石化大乙烯工程的…（2005年相关）	`2005年` | 这就是2005年4月兰州石化大乙烯工程的<br>— 《转型中的地方政府》 · p199	转型中的地方政府 数据 quantitative
填空：`1992年` | 中国的体制背景下，1980—1992年中央与省签订的财政包干合约就是…（1992年相关）	`1992年` | 中国的体制背景下，1980—1992年中央与省签订的财政包干合约就是<br>— 《转型中的地方政府》 · p203	转型中的地方政府 数据 quantitative
填空：`2011年` | 2011年市县（市）区党委换届时规定，年满50周岁不进区县常委班…（2011年相关）	`2011年` | 2011年市县（市）区党委换届时规定，年满50周岁不进区县常委班<br>— 《转型中的地方政府》 · p209	转型中的地方政府 数据 quantitative
填空：`1979年` | 1979年9—10月中央组织部召开了全国组织工作座…（1979年相关）	`1979年` | 1979年9—10月中央组织部召开了全国组织工作座<br>— 《转型中的地方政府》 · p211	转型中的地方政府 数据 quantitative
填空：`1981年` | 1981年，党的十一届六中全会通过了…（1981年相关）	`1981年` | 1981年，党的十一届六中全会通过了<br>— 《转型中的地方政府》 · p211	转型中的地方政府 数据 quantitative
填空：`1965年` | 据统计，1965年，国家机关…（1965年相关）	`1965年` | 据统计，1965年，国家机关<br>— 《转型中的地方政府》 · p212	转型中的地方政府 数据 quantitative
填空：`1980年` | 而到了1980年，平均年龄变成了63岁，…（1980年相关）	`1980年` | 而到了1980年，平均年龄变成了63岁，<br>— 《转型中的地方政府》 · p212	转型中的地方政府 数据 quantitative
填空：`1982年` | 1982年中共中央颁布了《关于建立老干部退休制度的决…（1982年相关）	`1982年` | 1982年中共中央颁布了《关于建立老干部退休制度的决<br>— 《转型中的地方政府》 · p212	转型中的地方政府 数据 quantitative
填空：`1982年` | 1982年10月省级领导班子开始进行…（1982年相关）	`1982年` | 1982年10月省级领导班子开始进行<br>— 《转型中的地方政府》 · p212	转型中的地方政府 数据 quantitative
填空：`1983年` | 班子的调整从1983年2月份开始，调整之后，党政领导班子的平均年龄…（1983年相关）	`1983年` | 班子的调整从1983年2月份开始，调整之后，党政领导班子的平均年龄<br>— 《转型中的地方政府》 · p213	转型中的地方政府 数据 quantitative
填空：`1982年` | 1982年初到1984年夏，全国一共提拔了200多万中青年干部，到1985年…（1982年相关）	`1982年` | 1982年初到1984年夏，全国一共提拔了200多万中青年干部，到1985年<br>— 《转型中的地方政府》 · p213	转型中的地方政府 数据 quantitative
填空：`1986年` | 1986年，邓小平又提出党的十三大领导层年轻化的目标还要前进一…（1986年相关）	`1986年` | 1986年，邓小平又提出党的十三大领导层年轻化的目标还要前进一<br>— 《转型中的地方政府》 · p213	转型中的地方政府 数据 quantitative
填空：`1993年` | 央就提出1993年省级党政领导班子成员的平均年龄要保持55岁左右，…（1993年相关）	`1993年` | 央就提出1993年省级党政领导班子成员的平均年龄要保持55岁左右，<br>— 《转型中的地方政府》 · p213	转型中的地方政府 数据 quantitative
填空：`1993年` | 据统计，到1993年底，四川省地县（市）党政领导班子以40岁左右的…（1993年相关）	`1993年` | 据统计，到1993年底，四川省地县（市）党政领导班子以40岁左右的<br>— 《转型中的地方政府》 · p213	转型中的地方政府 数据 quantitative
填空：`1995年` | 到了1995年，中央又提出，在中央、国家机关…（1995年相关）	`1995年` | 到了1995年，中央又提出，在中央、国家机关<br>— 《转型中的地方政府》 · p213	转型中的地方政府 数据 quantitative
填空：`1978年` | 第102页）1978年12月13日，在中央工作会议上邓小平又提出：“因为…（1978年相关）	`1978年` | 第102页）1978年12月13日，在中央工作会议上邓小平又提出：“因为<br>— 《转型中的地方政府》 · p214	转型中的地方政府 数据 quantitative
填空：`1979年` | 1979年11月，中央组织部下发了《关于实行干部考核制度的意见》，…（1979年相关）	`1979年` | 1979年11月，中央组织部下发了《关于实行干部考核制度的意见》，<br>— 《转型中的地方政府》 · p214	转型中的地方政府 数据 quantitative
填空：`1983年` | 1983年，全国组织工作座…（1983年相关）	`1983年` | 1983年，全国组织工作座<br>— 《转型中的地方政府》 · p214	转型中的地方政府 数据 quantitative
填空：`1986年` | 1986年经中央批准，中央组织部…（1986年相关）	`1986年` | 1986年经中央批准，中央组织部<br>— 《转型中的地方政府》 · p214	转型中的地方政府 数据 quantitative
填空：`1988年` | 1988年开始全国试行对地方党政领导干部的年度工作考核制度，考核…（1988年相关）	`1988年` | 1988年开始全国试行对地方党政领导干部的年度工作考核制度，考核<br>— 《转型中的地方政府》 · p214	转型中的地方政府 数据 quantitative
填空：`1988年` | 至1988年交流的县级党政干部469人，占全省县（市）党政正副职总数…（1988年相关）	`1988年` | 至1988年交流的县级党政干部469人，占全省县（市）党政正副职总数<br>— 《转型中的地方政府》 · p218	转型中的地方政府 数据 quantitative
填空：`1986年` | 山西省截至1986年，一共交流地市党政干部51人，占总数的…（1986年相关）	`1986年` | 山西省截至1986年，一共交流地市党政干部51人，占总数的<br>— 《转型中的地方政府》 · p218	转型中的地方政府 数据 quantitative
填空：`1988年` | 到1988年，全国近十个省市初步建立了党政干部的交流制度。…（1988年相关）	`1988年` | 到1988年，全国近十个省市初步建立了党政干部的交流制度。<br>— 《转型中的地方政府》 · p218	转型中的地方政府 数据 quantitative
填空：`1991年` | 1991年初，江苏省委与陕西省委共同协商，决定对口双向选派…（1991年相关）	`1991年` | 1991年初，江苏省委与陕西省委共同协商，决定对口双向选派<br>— 《转型中的地方政府》 · p218	转型中的地方政府 数据 quantitative
填空：`1993年` | 到1993年底，全国共有29个省市…（1993年相关）	`1993年` | 到1993年底，全国共有29个省市<br>— 《转型中的地方政府》 · p218	转型中的地方政府 数据 quantitative
填空：`1999年` | 1999年中组部下发《党政领导干部交流工作暂行…（1999年相关）	`1999年` | 1999年中组部下发《党政领导干部交流工作暂行<br>— 《转型中的地方政府》 · p219	转型中的地方政府 数据 quantitative
填空：`1995年` | 据统计，1995年至2000年5月，全国96％的县（市、区）委书记、…（关键百分比数据）	`1995年` | 据统计，1995年至2000年5月，全国96％的县（市、区）委书记、<br>— 《转型中的地方政府》 · p219	转型中的地方政府 数据 quantitative
填空：`2002年` | 周黎安等（2005）利用中国1979—2002年省级水平的数据发现，省委…（2002年相关）	`2002年` | 周黎安等（2005）利用中国1979—2002年省级水平的数据发现，省委<br>— 《转型中的地方政府》 · p222	转型中的地方政府 数据 quantitative
填空：`2001年` | 2001年正式加入世贸组织更是让中国的对外开放进入了一个崭新…（2001年相关）	`2001年` | 2001年正式加入世贸组织更是让中国的对外开放进入了一个崭新<br>— 《转型中的地方政府》 · p223	转型中的地方政府 数据 quantitative
填空：`2007年` | 的发展阶段，对外依存度（进出口贸易占GDP的比重）2007年达到64%…（关键百分比数据）	`2007年` | 的发展阶段，对外依存度（进出口贸易占GDP的比重）2007年达到64%<br>— 《转型中的地方政府》 · p223	转型中的地方政府 数据 quantitative
填空：`1993年` | [6] 退居二线具体始于何时已不可考，有一种说法是1993年大规模…（1993年相关）	`1993年` | [6] 退居二线具体始于何时已不可考，有一种说法是1993年大规模<br>— 《转型中的地方政府》 · p230	转型中的地方政府 数据 quantitative
填空：`2011年` | 评析》，《市县领导参阅》2011年第15期。…（2011年相关）	`2011年` | 评析》，《市县领导参阅》2011年第15期。<br>— 《转型中的地方政府》 · p231	转型中的地方政府 数据 quantitative
填空：`2006年` | 报》2006年4月14日。…（2006年相关）	`2006年` | 报》2006年4月14日。<br>— 《转型中的地方政府》 · p231	转型中的地方政府 数据 quantitative
填空：`2002年` | 计，在1979—2002年涉及28省区直辖市在位的187位省（市）委书记和…（2002年相关）	`2002年` | 计，在1979—2002年涉及28省区直辖市在位的187位省（市）委书记和<br>— 《转型中的地方政府》 · p231	转型中的地方政府 数据 quantitative
填空：`2013年` | 报道》2013年9月3日。…（2013年相关）	`2013年` | 报道》2013年9月3日。<br>— 《转型中的地方政府》 · p231	转型中的地方政府 数据 quantitative
填空：`2014年` | [13] 参见2014年6月19日搜狐财经《今日主角》第311期《苏荣与蒋…（2014年相关）	`2014年` | [13] 参见2014年6月19日搜狐财经《今日主角》第311期《苏荣与蒋<br>— 《转型中的地方政府》 · p231	转型中的地方政府 数据 quantitative
填空：`2008年` | 念》，浙江人民出版社2008年版，第216页。…（2008年相关）	`2008年` | 念》，浙江人民出版社2008年版，第216页。<br>— 《转型中的地方政府》 · p232	转型中的地方政府 数据 quantitative
填空：`1994年` | [19] 1994年分税制改革之后省以下的财政体制还是以财政包干制为…（1994年相关）	`1994年` | [19] 1994年分税制改革之后省以下的财政体制还是以财政包干制为<br>— 《转型中的地方政府》 · p232	转型中的地方政府 数据 quantitative
填空：`2011年` | 阅》2011年第13期；…（2011年相关）	`2011年` | 阅》2011年第13期；<br>— 《转型中的地方政府》 · p233	转型中的地方政府 数据 quantitative
填空：`2011年` | 县领导参阅》2011年第13期。…（2011年相关）	`2011年` | 县领导参阅》2011年第13期。<br>— 《转型中的地方政府》 · p233	转型中的地方政府 数据 quantitative
填空：`1994年` | 年7月29日），《邓小平文选》第二卷，人民出版社1994年版，第…（1994年相关）	`1994年` | 年7月29日），《邓小平文选》第二卷，人民出版社1994年版，第<br>— 《转型中的地方政府》 · p233	转型中的地方政府 数据 quantitative
填空：`2006年` | [27] 阿玛蒂亚·森：《人类发展与健康》，《二十—世纪》2006年…（2006年相关）	`2006年` | [27] 阿玛蒂亚·森：《人类发展与健康》，《二十—世纪》2006年<br>— 《转型中的地方政府》 · p233	转型中的地方政府 数据 quantitative
填空：`1957年` | [28] 在1957年9月至1958年1月举行的南宁会议上，毛泽东发起了一…（1957年相关）	`1957年` | [28] 在1957年9月至1958年1月举行的南宁会议上，毛泽东发起了一<br>— 《转型中的地方政府》 · p233	转型中的地方政府 数据 quantitative
填空：`1956年` | 人因为1956年反冒进的观点而不断做检查和自我批评。…（1956年相关）	`1956年` | 人因为1956年反冒进的观点而不断做检查和自我批评。<br>— 《转型中的地方政府》 · p233	转型中的地方政府 数据 quantitative
填空：`1959年` | [29] 当1959年和1960年各地已经出现大面积粮食短缺和饿死人的情…（1959年相关）	`1959年` | [29] 当1959年和1960年各地已经出现大面积粮食短缺和饿死人的情<br>— 《转型中的地方政府》 · p234	转型中的地方政府 数据 quantitative
填空：`2010年` | （2015a）列出了2003—2010年省市两级政府的目标和实际完成的GDP…（2010年相关）	`2010年` | （2015a）列出了2003—2010年省市两级政府的目标和实际完成的GDP<br>— 《转型中的地方政府》 · p237	转型中的地方政府 数据 quantitative
填空：`2008年` | 在实际完成方面，除2008年…（2008年相关）	`2008年` | 在实际完成方面，除2008年<br>— 《转型中的地方政府》 · p237	转型中的地方政府 数据 quantitative
填空：`2010年` | 如果我们对2003—2010年分年、分省的…（2010年相关）	`2010年` | 如果我们对2003—2010年分年、分省的<br>— 《转型中的地方政府》 · p237	转型中的地方政府 数据 quantitative
填空：`2008年` | 首先我们想利用层层加码的现象解释在2008年金融危机冲击之下中国…（2008年相关）	`2008年` | 首先我们想利用层层加码的现象解释在2008年金融危机冲击之下中国<br>— 《转型中的地方政府》 · p239	转型中的地方政府 数据 quantitative
填空：`2008年` | 2008年下半年金融危机爆发之后，全球经济陷入严…（2008年相关）	`2008年` | 2008年下半年金融危机爆发之后，全球经济陷入严<br>— 《转型中的地方政府》 · p239	转型中的地方政府 数据 quantitative
填空：`2009年` | 经过不到两年的努力，中国经济在世界范围内率先企稳复苏，2009年…（2009年相关）	`2009年` | 经过不到两年的努力，中国经济在世界范围内率先企稳复苏，2009年<br>— 《转型中的地方政府》 · p239	转型中的地方政府 数据 quantitative
填空：`2010年` | 的GDP增长率达到8.7%，2010年超过10%，与此相对照的是，西方主要…（关键百分比数据）	`2010年` | 的GDP增长率达到8.7%，2010年超过10%，与此相对照的是，西方主要<br>— 《转型中的地方政府》 · p239	转型中的地方政府 数据 quantitative
填空：`2008年` | 国政府在2008年11月份出台了4万亿人民币的经济刺激方案及其他一系…（2008年数据）	`2008年` | 国政府在2008年11月份出台了4万亿人民币的经济刺激方案及其他一系<br>— 《转型中的地方政府》 · p239	转型中的地方政府 数据 quantitative
填空：`1958年` | 新中国建立之初的“合作化”运动、1958年的“大跃进”和…（1958年相关）	`1958年` | 新中国建立之初的“合作化”运动、1958年的“大跃进”和<br>— 《转型中的地方政府》 · p241	转型中的地方政府 数据 quantitative
填空：`2010年` | 单位GDP能耗只下降了14.38%，2010年上半年单位能耗不降反升，使得…（关键百分比数据）	`2010年` | 单位GDP能耗只下降了14.38%，2010年上半年单位能耗不降反升，使得<br>— 《转型中的地方政府》 · p241	转型中的地方政府 数据 quantitative
填空：`2010年` | 2010年下半年的节能任务极为艰巨。…（2010年相关）	`2010年` | 2010年下半年的节能任务极为艰巨。<br>— 《转型中的地方政府》 · p241	转型中的地方政府 数据 quantitative
填空：`2010年` | 2010年7月起，浙江、江苏、山西、河北、海南等地都对高耗能企业采…（2010年相关）	`2010年` | 2010年7月起，浙江、江苏、山西、河北、海南等地都对高耗能企业采<br>— 《转型中的地方政府》 · p241	转型中的地方政府 数据 quantitative
填空：`2010年` | 据国家能源局2010年的规划，到2020年，风电的装机容量将达1亿千瓦…（2010年数据）	`2010年` | 据国家能源局2010年的规划，到2020年，风电的装机容量将达1亿千瓦<br>— 《转型中的地方政府》 · p241	转型中的地方政府 数据 quantitative
填空：`2020年` | 政府上报到中央的2020年的风电总装机已经超过2.5亿千瓦，而按照落…（2020年数据）	`2020年` | 政府上报到中央的2020年的风电总装机已经超过2.5亿千瓦，而按照落<br>— 《转型中的地方政府》 · p242	转型中的地方政府 数据 quantitative
填空：`2011年` | 我们的研究使用地市级书记和市长1999—2011年的面板数据，从动态…（2011年相关）	`2011年` | 我们的研究使用地市级书记和市长1999—2011年的面板数据，从动态<br>— 《转型中的地方政府》 · p242	转型中的地方政府 数据 quantitative
填空：`2007年` | 企业调查数据可以获得一个地市1999—2007年每年加总的制造业新进…（2007年相关）	`2007年` | 企业调查数据可以获得一个地市1999—2007年每年加总的制造业新进<br>— 《转型中的地方政府》 · p244	转型中的地方政府 数据 quantitative
填空：`2008年` | 发现，1978—2008年间，中国的全社会固定资产投资增长率在-7.2%和…（关键百分比数据）	`2008年` | 发现，1978—2008年间，中国的全社会固定资产投资增长率在-7.2%和<br>— 《转型中的地方政府》 · p246	转型中的地方政府 数据 quantitative
填空：`2008年` | 2008年间省级面板数据，探讨省级主要官员的任期与固定资产投资和…（2008年相关）	`2008年` | 2008年间省级面板数据，探讨省级主要官员的任期与固定资产投资和<br>— 《转型中的地方政府》 · p247	转型中的地方政府 数据 quantitative
填空：`2007年` | 这项研究采用的数据来自1998—2007年中国工业企业数据和地级层面…（2007年相关）	`2007年` | 这项研究采用的数据来自1998—2007年中国工业企业数据和地级层面<br>— 《转型中的地方政府》 · p247	转型中的地方政府 数据 quantitative
填空：`2002年` | 峰，例如2001—2002年党代会期间有41.6%的市委书记被替换，因此党…（关键百分比数据）	`2002年` | 峰，例如2001—2002年党代会期间有41.6%的市委书记被替换，因此党<br>— 《转型中的地方政府》 · p248	转型中的地方政府 数据 quantitative
填空：`1995年` | 1995年国务院发布的《城市商业银行暂行…（1995年相关）	`1995年` | 1995年国务院发布的《城市商业银行暂行<br>— 《转型中的地方政府》 · p251	转型中的地方政府 数据 quantitative
填空：`1998年` | 制银行虽然市场份额较大，但1998年银行体系改革后，地方政府直接…（1998年相关）	`1998年` | 制银行虽然市场份额较大，但1998年银行体系改革后，地方政府直接<br>— 《转型中的地方政府》 · p251	转型中的地方政府 数据 quantitative
填空：`1982年` | 自1982年引入领导干部强制退休规定以来，政府官员年龄成为…（1982年相关）	`1982年` | 自1982年引入领导干部强制退休规定以来，政府官员年龄成为<br>— 《转型中的地方政府》 · p251	转型中的地方政府 数据 quantitative
填空：`1994年` | 1994年全国开始试点福利房“私有化”，即允许国有企…（1994年相关）	`1994年` | 1994年全国开始试点福利房“私有化”，即允许国有企<br>— 《转型中的地方政府》 · p253	转型中的地方政府 数据 quantitative
填空：`1998年` | 1998年中国正式废…（1998年相关）	`1998年` | 1998年中国正式废<br>— 《转型中的地方政府》 · p253	转型中的地方政府 数据 quantitative
填空：`1994年` | 按照1994年的《预算法》地…（1994年相关）	`1994年` | 按照1994年的《预算法》地<br>— 《转型中的地方政府》 · p253	转型中的地方政府 数据 quantitative
填空：`2003年` | 根据这项实地调查研究，绍兴、金华和义乌在2001—2003年…（2003年相关）	`2003年` | 根据这项实地调查研究，绍兴、金华和义乌在2001—2003年<br>— 《转型中的地方政府》 · p253	转型中的地方政府 数据 quantitative
填空：`2011年` | —2011年，中国城市土地出让收入占预算内收入的比例平均维持在50%…（关键百分比数据）	`2011年` | —2011年，中国城市土地出让收入占预算内收入的比例平均维持在50%<br>— 《转型中的地方政府》 · p253	转型中的地方政府 数据 quantitative
填空：`1998年` | “经营城市”这个用语的最早起源，学界比较一致的看法是：1998年9…（1998年相关）	`1998年` | “经营城市”这个用语的最早起源，学界比较一致的看法是：1998年9<br>— 《转型中的地方政府》 · p254	转型中的地方政府 数据 quantitative
填空：`1982年` | 政府经营城市的行为可以追溯到1982年深圳最早实行的城市…（1982年相关）	`1982年` | 政府经营城市的行为可以追溯到1982年深圳最早实行的城市<br>— 《转型中的地方政府》 · p255	转型中的地方政府 数据 quantitative
填空：`1990年` | 营来说，最重要的法律基础是1990年5月19日国务院颁布的两个关于土…（1990年相关）	`1990年` | 营来说，最重要的法律基础是1990年5月19日国务院颁布的两个关于土<br>— 《转型中的地方政府》 · p255	转型中的地方政府 数据 quantitative
填空：`1997年` | 地管理和供应的问题，杭州市于1997年8月成立了土地收购储备管理委…（1997年相关）	`1997年` | 地管理和供应的问题，杭州市于1997年8月成立了土地收购储备管理委<br>— 《转型中的地方政府》 · p256	转型中的地方政府 数据 quantitative
填空：`1992年` | 1992年成立了上海城市建设投资总公…（1992年相关）	`1992年` | 1992年成立了上海城市建设投资总公<br>— 《转型中的地方政府》 · p256	转型中的地方政府 数据 quantitative
填空：`1992年` | 司，专门负责城市开发，仅这一家公司在1992年至2004年间就通过各…（1992年相关）	`1992年` | 司，专门负责城市开发，仅这一家公司在1992年至2004年间就通过各<br>— 《转型中的地方政府》 · p256	转型中的地方政府 数据 quantitative
填空：`2000年` | 值，到2000年，土地批租就为上海带来了1000多亿元的基础设施投资…（2000年相关）	`2000年` | 值，到2000年，土地批租就为上海带来了1000多亿元的基础设施投资<br>— 《转型中的地方政府》 · p257	转型中的地方政府 数据 quantitative
填空：`1998年` | 都匀市，在贵州九个州市中属于相对落后的地区，在1998年明确提出…（1998年相关）	`1998年` | 都匀市，在贵州九个州市中属于相对落后的地区，在1998年明确提出<br>— 《转型中的地方政府》 · p257	转型中的地方政府 数据 quantitative
填空：`1998年` | 计，都匀市1998年共调动市内各种形式的社会资金2.5亿元，其中投入…（1998年数据）	`1998年` | 计，都匀市1998年共调动市内各种形式的社会资金2.5亿元，其中投入<br>— 《转型中的地方政府》 · p257	转型中的地方政府 数据 quantitative
填空：`1997年` | 1997年都匀市全市财政赤字高达1100万元，是贵州七个州市中唯一有…（1997年数据）	`1997年` | 1997年都匀市全市财政赤字高达1100万元，是贵州七个州市中唯一有<br>— 《转型中的地方政府》 · p257	转型中的地方政府 数据 quantitative
填空：`2004年` | 接导致2004年国家决定对土地实行省内垂直管理。…（2004年相关）	`2004年` | 接导致2004年国家决定对土地实行省内垂直管理。<br>— 《转型中的地方政府》 · p258	转型中的地方政府 数据 quantitative
填空：`2010年` | 我的一项合作研究基于中国1990—2010年…（2010年相关）	`2010年` | 我的一项合作研究基于中国1990—2010年<br>— 《转型中的地方政府》 · p259	转型中的地方政府 数据 quantitative
填空：`2012年` | 基于2000—2012年的中国200多个城市的数据，我…（2012年相关）	`2012年` | 基于2000—2012年的中国200多个城市的数据，我<br>— 《转型中的地方政府》 · p259	转型中的地方政府 数据 quantitative
填空：`2010年` | 该计划需要两年（2009和2010年）完成，也就是说，…（2010年相关）	`2010年` | 该计划需要两年（2009和2010年）完成，也就是说，<br>— 《转型中的地方政府》 · p262	转型中的地方政府 数据 quantitative
填空：`2009年` | 2009年和2010年每年的银行贷款只需1.15万亿就可完成原先的目标；…（2009年数据）	`2009年` | 2009年和2010年每年的银行贷款只需1.15万亿就可完成原先的目标；<br>— 《转型中的地方政府》 · p262	转型中的地方政府 数据 quantitative
填空：`2009年` | 但是2009年头八个月，银行贷款增加已经超过8万亿，其中4万亿为中…（2009年数据）	`2009年` | 但是2009年头八个月，银行贷款增加已经超过8万亿，其中4万亿为中<br>— 《转型中的地方政府》 · p262	转型中的地方政府 数据 quantitative
填空：`2007年` | 度量行业间的关联程度，利用统计局公布的1997、2002和2007年投入…（2007年相关）	`2007年` | 度量行业间的关联程度，利用统计局公布的1997、2002和2007年投入<br>— 《转型中的地方政府》 · p262	转型中的地方政府 数据 quantitative
填空：`2011年` | [9] 基于2005—2011年35个大中城市面板数据，郑思齐等（2012）…（2011年相关）	`2011年` | [9] 基于2005—2011年35个大中城市面板数据，郑思齐等（2012）<br>— 《转型中的地方政府》 · p263	转型中的地方政府 数据 quantitative
填空：`1987年` | 一项国际学者的研究结果（Poncet，2003），在1987年至1997年间，…（1987年相关）	`1987年` | 一项国际学者的研究结果（Poncet，2003），在1987年至1997年间，<br>— 《转型中的地方政府》 · p265	转型中的地方政府 数据 quantitative
填空：`1997年` | 却不断走向区域封锁，1997年消费者从省内生产者购买的商品额要27…（1997年相关）	`1997年` | 却不断走向区域封锁，1997年消费者从省内生产者购买的商品额要27<br>— 《转型中的地方政府》 · p265	转型中的地方政府 数据 quantitative
填空：`1992年` | 倍于从外省生产者购买的商品额，这一数值在1992年和1987年分别为…（1992年相关）	`1992年` | 倍于从外省生产者购买的商品额，这一数值在1992年和1987年分别为<br>— 《转型中的地方政府》 · p265	转型中的地方政府 数据 quantitative
填空：`1987年` | 这相当于省际贸易的关税税率从1987年的37％上升到…（关键百分比数据）	`1987年` | 这相当于省际贸易的关税税率从1987年的37％上升到<br>— 《转型中的地方政府》 · p265	转型中的地方政府 数据 quantitative
填空：`1985年` | 1985年至1986年，由于羊绒和羊毛…（1985年相关）	`1985年` | 1985年至1986年，由于羊绒和羊毛<br>— 《转型中的地方政府》 · p266	转型中的地方政府 数据 quantitative
填空：`1985年` | 1985年仅内蒙古赤峰市在与辽宁、河北交界…（1985年相关）	`1985年` | 1985年仅内蒙古赤峰市在与辽宁、河北交界<br>— 《转型中的地方政府》 · p266	转型中的地方政府 数据 quantitative
填空：`1986年` | 地区就设立了106个，1986年又增加了70多个(张可云，2001)。…（1986年相关）	`1986年` | 地区就设立了106个，1986年又增加了70多个(张可云，2001)。<br>— 《转型中的地方政府》 · p266	转型中的地方政府 数据 quantitative
填空：`1997年` | 例如1997年辽宁省盖州市强行要求全市45家…（1997年相关）	`1997年` | 例如1997年辽宁省盖州市强行要求全市45家<br>— 《转型中的地方政府》 · p266	转型中的地方政府 数据 quantitative
填空：`2000年` | 策，2000年7月17日的《中国汽车报》对此进行了大幅报道。…（2000年相关）	`2000年` | 策，2000年7月17日的《中国汽车报》对此进行了大幅报道。<br>— 《转型中的地方政府》 · p266	转型中的地方政府 数据 quantitative
填空：`1999年` | 某省政府办公厅与1999年4月下放政府文件，规定凡购买本省生产的汽…（1999年相关）	`1999年` | 某省政府办公厅与1999年4月下放政府文件，规定凡购买本省生产的汽<br>— 《转型中的地方政府》 · p266	转型中的地方政府 数据 quantitative
填空：`2004年` | 2004年开始凸显的沿海…（2004年相关）	`2004年` | 2004年开始凸显的沿海<br>— 《转型中的地方政府》 · p267	转型中的地方政府 数据 quantitative
填空：`2003年` | 根据一项基于2003年3月—6月大规模问卷调查的研究（李善同等，…（2003年相关）	`2003年` | 根据一项基于2003年3月—6月大规模问卷调查的研究（李善同等，<br>— 《转型中的地方政府》 · p267	转型中的地方政府 数据 quantitative
填空：`1986年` | 1986年4月国务院正式颁布了《关于进…（1986年相关）	`1986年` | 1986年4月国务院正式颁布了《关于进<br>— 《转型中的地方政府》 · p268	转型中的地方政府 数据 quantitative
填空：`1989年` | 至1989年，跨省经济协作区有62个之多，比如闽西南、粤东、赣东南…（1989年相关）	`1989年` | 至1989年，跨省经济协作区有62个之多，比如闽西南、粤东、赣东南<br>— 《转型中的地方政府》 · p268	转型中的地方政府 数据 quantitative
填空：`2001年` | 2001年4月21日，国务院颁布了…（2001年相关）	`2001年` | 2001年4月21日，国务院颁布了<br>— 《转型中的地方政府》 · p268	转型中的地方政府 数据 quantitative
填空：`2000年` | 据媒体报道，进入2000年以来，长三角展开新一轮经济发展的角逐，…（2000年相关）	`2000年` | 据媒体报道，进入2000年以来，长三角展开新一轮经济发展的角逐，<br>— 《转型中的地方政府》 · p269	转型中的地方政府 数据 quantitative
填空：`2004年` | [3] 有人做过统计，截至2004年…（2004年相关）	`2004年` | [3] 有人做过统计，截至2004年<br>— 《转型中的地方政府》 · p269	转型中的地方政府 数据 quantitative
填空：`2004年` | 据统计，2004年中国民用航空定期航班通航机场133座（不…（2004年相关）	`2004年` | 据统计，2004年中国民用航空定期航班通航机场133座（不<br>— 《转型中的地方政府》 · p269	转型中的地方政府 数据 quantitative
填空：`2014年` | 据报道，以2014年下半年至2015年上半年民航机…（2014年相关）	`2014年` | 据报道，以2014年下半年至2015年上半年民航机<br>— 《转型中的地方政府》 · p269	转型中的地方政府 数据 quantitative
填空：`2014年` | 截至2014年底，全国大约190多…（2014年相关）	`2014年` | 截至2014年底，全国大约190多<br>— 《转型中的地方政府》 · p269	转型中的地方政府 数据 quantitative
填空：`1843年` | 大小洋山港的弊端之一是台风问题，它是台风的长年登陆口，1843年…（1843年相关）	`1843年` | 大小洋山港的弊端之一是台风问题，它是台风的长年登陆口，1843年<br>— 《转型中的地方政府》 · p270	转型中的地方政府 数据 quantitative
填空：`1993年` | 1993年7月，北京市政府与唐山市政府签订合同，投资数十…（1993年相关）	`1993年` | 1993年7月，北京市政府与唐山市政府签订合同，投资数十<br>— 《转型中的地方政府》 · p270	转型中的地方政府 数据 quantitative
填空：`2002年` | 这个耗资巨大的京唐港到了2002年的货物吞吐量…（2002年相关）	`2002年` | 这个耗资巨大的京唐港到了2002年的货物吞吐量<br>— 《转型中的地方政府》 · p270	转型中的地方政府 数据 quantitative
填空：`2008年` | 然而利用1998—2008年中…（2008年相关）	`2008年` | 然而利用1998—2008年中<br>— 《转型中的地方政府》 · p273	转型中的地方政府 数据 quantitative
填空：`2010年` | 2010年环保部的水污染行业分类标准从30个工业行业中定义了7个污染…（2010年相关）	`2010年` | 2010年环保部的水污染行业分类标准从30个工业行业中定义了7个污染<br>— 《转型中的地方政府》 · p273	转型中的地方政府 数据 quantitative
填空：`2005年` | 而第十个五年计划提出2005年的污染指标比2001年降低10%的目标只是…（关键百分比数据）	`2005年` | 而第十个五年计划提出2005年的污染指标比2001年降低10%的目标只是<br>— 《转型中的地方政府》 · p273	转型中的地方政府 数据 quantitative
填空：`1982年` | 1982年交通部在原有公路基础上规划了…（1982年相关）	`1982年` | 1982年交通部在原有公路基础上规划了<br>— 《转型中的地方政府》 · p274	转型中的地方政府 数据 quantitative
填空：`1995年` | 的计委就联合批准了该合作项目，1995年4月三门峡市、运城市（原运…（1995年相关）	`1995年` | 的计委就联合批准了该合作项目，1995年4月三门峡市、运城市（原运<br>— 《转型中的地方政府》 · p275	转型中的地方政府 数据 quantitative
填空：`1996年` | 1996年10月三省计…（1996年相关）	`1996年` | 1996年10月三省计<br>— 《转型中的地方政府》 · p275	转型中的地方政府 数据 quantitative
填空：`1999年` | 照的是，1999年10月才开始蓄水的黄河小浪底库区，在2000年8月5日…（1999年相关）	`1999年` | 照的是，1999年10月才开始蓄水的黄河小浪底库区，在2000年8月5日<br>— 《转型中的地方政府》 · p275	转型中的地方政府 数据 quantitative
填空：`2001年` | 就试航成功，截止至2001年5月7日，共运送旅客23.4万人次，占河南…（2001年数据）	`2001年` | 就试航成功，截止至2001年5月7日，共运送旅客23.4万人次，占河南<br>— 《转型中的地方政府》 · p275	转型中的地方政府 数据 quantitative
填空：`2005年` | 2005年亚洲开发银行公布了一份研究《河北省经济发展战略研究》，…（2005年相关）	`2005年` | 2005年亚洲开发银行公布了一份研究《河北省经济发展战略研究》，<br>— 《转型中的地方政府》 · p275	转型中的地方政府 数据 quantitative
填空：`2001年` | 2001年，河北省的贫困人口发生率接近5％，远高于我国东部沿海地区…（关键百分比数据）	`2001年` | 2001年，河北省的贫困人口发生率接近5％，远高于我国东部沿海地区<br>— 《转型中的地方政府》 · p275	转型中的地方政府 数据 quantitative
填空：`2001年` | 2001年，环京津贫困带24县的农民人均纯收入、人均GDP、县均地方财…（2001年相关）	`2001年` | 2001年，环京津贫困带24县的农民人均纯收入、人均GDP、县均地方财<br>— 《转型中的地方政府》 · p275	转型中的地方政府 数据 quantitative
填空：`2003年` | 省、自治区和直辖市1997—2003年县级面板数据，接近2万个样本观察…（2003年数据）	`2003年` | 省、自治区和直辖市1997—2003年县级面板数据，接近2万个样本观察<br>— 《转型中的地方政府》 · p276	转型中的地方政府 数据 quantitative
填空：`1990年` | 1990年的文盲率更高，更不可能处于丘陵地区，但属于山区地带的可…（1990年相关）	`1990年` | 1990年的文盲率更高，更不可能处于丘陵地区，但属于山区地带的可<br>— 《转型中的地方政府》 · p277	转型中的地方政府 数据 quantitative
填空：`2006年` | 用了一个非常重要的制度背景，即2006年第十一个五年规划明确提…（2006年相关）	`2006年` | 用了一个非常重要的制度背景，即2006年第十一个五年规划明确提<br>— 《转型中的地方政府》 · p278	转型中的地方政府 数据 quantitative
填空：`2010年` | 出，2010年中国的二氧化硫的排放量比2005年减少10%，而且，这个减…（关键百分比数据）	`2010年` | 出，2010年中国的二氧化硫的排放量比2005年减少10%，而且，这个减<br>— 《转型中的地方政府》 · p278	转型中的地方政府 数据 quantitative
填空：`2005年` | 到，“十五”计划虽然也提出2005年的排污量比2001年减少10%，但这…（关键百分比数据）	`2005年` | 到，“十五”计划虽然也提出2005年的排污量比2001年减少10%，但这<br>— 《转型中的地方政府》 · p278	转型中的地方政府 数据 quantitative
填空：`2010年` | Kahn，Li和Zhao（2015）利用2004—2010年499个环境监测点…（2010年相关）	`2010年` | Kahn，Li和Zhao（2015）利用2004—2010年499个环境监测点<br>— 《转型中的地方政府》 · p278	转型中的地方政府 数据 quantitative
填空：`2005年` | 的面板数据发现，2005年之后省交界地带的水污染明显下降，说明省…（2005年相关）	`2005年` | 的面板数据发现，2005年之后省交界地带的水污染明显下降，说明省<br>— 《转型中的地方政府》 · p278	转型中的地方政府 数据 quantitative
填空：`2004年` | 在2004年的全国“两会”上，一位东北的人大代表在谈及振兴大东北…（2004年相关）	`2004年` | 在2004年的全国“两会”上，一位东北的人大代表在谈及振兴大东北<br>— 《转型中的地方政府》 · p279	转型中的地方政府 数据 quantitative
填空：`2004年` | 2004年国家发改委着手编制《京津冀都市圈区域规划》，试图统筹协…（2004年相关）	`2004年` | 2004年国家发改委着手编制《京津冀都市圈区域规划》，试图统筹协<br>— 《转型中的地方政府》 · p287	转型中的地方政府 数据 quantitative
填空：`2014年` | 京津冀一体化的真正突破是2014年2月…（2014年相关）	`2014年` | 京津冀一体化的真正突破是2014年2月<br>— 《转型中的地方政府》 · p287	转型中的地方政府 数据 quantitative
填空：`2008年` | 期以来集中度偏低，企业产品竞争力不强，2008年7月唐钢集团和邯钢…（2008年相关）	`2008年` | 期以来集中度偏低，企业产品竞争力不强，2008年7月唐钢集团和邯钢<br>— 《转型中的地方政府》 · p288	转型中的地方政府 数据 quantitative
填空：`1983年` | 1983年3月，上海经济区规划办公室正式成立，同年8月建立经济区省…（1983年相关）	`1983年` | 1983年3月，上海经济区规划办公室正式成立，同年8月建立经济区省<br>— 《转型中的地方政府》 · p292	转型中的地方政府 数据 quantitative
填空：`1992年` | [23] 1992年召开了长江三角洲的区域合作协调…（1992年相关）	`1992年` | [23] 1992年召开了长江三角洲的区域合作协调<br>— 《转型中的地方政府》 · p292	转型中的地方政府 数据 quantitative
填空：`1997年` | 1997年升格为长江三角洲城市经济…（1997年相关）	`1997年` | 1997年升格为长江三角洲城市经济<br>— 《转型中的地方政府》 · p292	转型中的地方政府 数据 quantitative
填空：`2001年` | 自2001年5月始，由苏浙沪三地的常务…（2001年相关）	`2001年` | 自2001年5月始，由苏浙沪三地的常务<br>— 《转型中的地方政府》 · p292	转型中的地方政府 数据 quantitative
填空：`2004年` | 2004年11月2日在上…（2004年相关）	`2004年` | 2004年11月2日在上<br>— 《转型中的地方政府》 · p292	转型中的地方政府 数据 quantitative
填空：`2007年` | 2007年12月1日，新上任不久的沪江浙三…（2007年相关）	`2007年` | 2007年12月1日，新上任不久的沪江浙三<br>— 《转型中的地方政府》 · p292	转型中的地方政府 数据 quantitative
填空：`1992年` | 1992年，从南京经…（1992年相关）	`1992年` | 1992年，从南京经<br>— 《转型中的地方政府》 · p293	转型中的地方政府 数据 quantitative
填空：`1997年` | 江没有把嘉兴与上海的高速公路连接起来，直到1997年才连通松江。…（1997年相关）	`1997年` | 江没有把嘉兴与上海的高速公路连接起来，直到1997年才连通松江。<br>— 《转型中的地方政府》 · p293	转型中的地方政府 数据 quantitative
填空：`2004年` | 际金融报》2004年3月8日。…（2004年相关）	`2004年` | 际金融报》2004年3月8日。<br>— 《转型中的地方政府》 · p294	转型中的地方政府 数据 quantitative
填空：`2004年` | 国青年报》2004年5月10日。…（2004年相关）	`2004年` | 国青年报》2004年5月10日。<br>— 《转型中的地方政府》 · p294	转型中的地方政府 数据 quantitative
填空：`2015年` | [5] 《2015年民航中小机场生存现状调查：亏损比例超八成》，…（2015年相关）	`2015年` | [5] 《2015年民航中小机场生存现状调查：亏损比例超八成》，<br>— 《转型中的地方政府》 · p294	转型中的地方政府 数据 quantitative
填空：`2015年` | 《证券日报》2015年12月2日。…（2015年相关）	`2015年` | 《证券日报》2015年12月2日。<br>— 《转型中的地方政府》 · p294	转型中的地方政府 数据 quantitative
填空：`2005年` | 望东方周刊》2005年8月3日。…（2005年相关）	`2005年` | 望东方周刊》2005年8月3日。<br>— 《转型中的地方政府》 · p294	转型中的地方政府 数据 quantitative
填空：`2003年` | 社2003年11月11日电。…（2003年相关）	`2003年` | 社2003年11月11日电。<br>— 《转型中的地方政府》 · p294	转型中的地方政府 数据 quantitative
填空：`2014年` | 济报道》2014年3月7日。…（2014年相关）	`2014年` | 济报道》2014年3月7日。<br>— 《转型中的地方政府》 · p295	转型中的地方政府 数据 quantitative
填空：`2005年` | 报》2005年8月18日。…（2005年相关）	`2005年` | 报》2005年8月18日。<br>— 《转型中的地方政府》 · p295	转型中的地方政府 数据 quantitative
填空：`2004年` | 社2004年3月11日电。…（2004年相关）	`2004年` | 社2004年3月11日电。<br>— 《转型中的地方政府》 · p295	转型中的地方政府 数据 quantitative
填空：`2014年` | [18] 蔡如鹏：《了解京津冀》，《中国新闻周刊》2014年5月4日。…（2014年相关）	`2014年` | [18] 蔡如鹏：《了解京津冀》，《中国新闻周刊》2014年5月4日。<br>— 《转型中的地方政府》 · p296	转型中的地方政府 数据 quantitative
填空：`2008年` | 新闻网2008年7月5日。…（2008年相关）	`2008年` | 新闻网2008年7月5日。<br>— 《转型中的地方政府》 · p296	转型中的地方政府 数据 quantitative
填空：`2007年` | 经济周刊》2007年6月11日。…（2007年相关）	`2007年` | 经济周刊》2007年6月11日。<br>— 《转型中的地方政府》 · p296	转型中的地方政府 数据 quantitative
填空：`2003年` | 市，2003年浙江的台州加入，变成16个城市。…（2003年相关）	`2003年` | 市，2003年浙江的台州加入，变成16个城市。<br>— 《转型中的地方政府》 · p296	转型中的地方政府 数据 quantitative
填空：`1958年` | 从1958年权力下放运动开始，…（1958年相关）	`1958年` | 从1958年权力下放运动开始，<br>— 《转型中的地方政府》 · p298	转型中的地方政府 数据 quantitative
填空：`1978年` | 济时期政企关系的几次调整及其影响，然后再详细讨论1978年之后的…（1978年相关）	`1978年` | 济时期政企关系的几次调整及其影响，然后再详细讨论1978年之后的<br>— 《转型中的地方政府》 · p298	转型中的地方政府 数据 quantitative
填空：`1958年` | 于是就有了1958年大规模的“体制下放”的改革，其核心是把大量原…（1958年相关）	`1958年` | 于是就有了1958年大规模的“体制下放”的改革，其核心是把大量原<br>— 《转型中的地方政府》 · p299	转型中的地方政府 数据 quantitative
填空：`1958年` | 显然，1958年的权力下放体现了当时中央领导人对于改革计划体制弊…（1958年相关）	`1958年` | 显然，1958年的权力下放体现了当时中央领导人对于改革计划体制弊<br>— 《转型中的地方政府》 · p299	转型中的地方政府 数据 quantitative
填空：`1957年` | 因此赫鲁晓夫1957年发动的经济改革决定在全国范围内对工业和建筑…（1957年相关）	`1957年` | 因此赫鲁晓夫1957年发动的经济改革决定在全国范围内对工业和建筑<br>— 《转型中的地方政府》 · p299	转型中的地方政府 数据 quantitative
填空：`1959年` | 到1959年中央紧急刹车，决定回…（1959年相关）	`1959年` | 到1959年中央紧急刹车，决定回<br>— 《转型中的地方政府》 · p300	转型中的地方政府 数据 quantitative
填空：`1963年` | 经过1961—1963年的国民经济的恢复与调整，1958年经济“大跃进”…（1963年相关）	`1963年` | 经过1961—1963年的国民经济的恢复与调整，1958年经济“大跃进”<br>— 《转型中的地方政府》 · p300	转型中的地方政府 数据 quantitative
填空：`1966年` | 结果从1966年开始，中央又开始…（1966年相关）	`1966年` | 结果从1966年开始，中央又开始<br>— 《转型中的地方政府》 · p300	转型中的地方政府 数据 quantitative
填空：`1970年` | 酝酿新一轮的放权改革，1970年正式实施。…（1970年相关）	`1970年` | 酝酿新一轮的放权改革，1970年正式实施。<br>— 《转型中的地方政府》 · p300	转型中的地方政府 数据 quantitative
填空：`1970年` | 也类似，1970年的放权造成接下来的几年里全国范围内基建投资失…（1970年相关）	`1970年` | 也类似，1970年的放权造成接下来的几年里全国范围内基建投资失<br>— 《转型中的地方政府》 · p300	转型中的地方政府 数据 quantitative
填空：`1958年` | 从1958年至1978年这段时期，中国的政企关系的调整就在“放权—收…（1958年相关）	`1958年` | 从1958年至1978年这段时期，中国的政企关系的调整就在“放权—收<br>— 《转型中的地方政府》 · p300	转型中的地方政府 数据 quantitative
填空：`1979年` | 1978—1979年在四川省、北京、天津、上海等…（1979年相关）	`1979年` | 1978—1979年在四川省、北京、天津、上海等<br>— 《转型中的地方政府》 · p300	转型中的地方政府 数据 quantitative
填空：`1980年` | 1980年中国出现了严重的财政赤字。…（1980年相关）	`1980年` | 1980年中国出现了严重的财政赤字。<br>— 《转型中的地方政府》 · p301	转型中的地方政府 数据 quantitative
填空：`1981年` | 1981年初，一些地方政府为了稳定…（1981年相关）	`1981年` | 1981年初，一些地方政府为了稳定<br>— 《转型中的地方政府》 · p301	转型中的地方政府 数据 quantitative
填空：`1981年` | 到1981年底，实行这种“盈亏包干”经济责任制的国营企业达到了6.3…（1981年相关）	`1981年` | 到1981年底，实行这种“盈亏包干”经济责任制的国营企业达到了6.3<br>— 《转型中的地方政府》 · p301	转型中的地方政府 数据 quantitative
填空：`1982年` | 万家，到1982年底，在县属以上国有企业中，实行工业经济责任制的…（1982年相关）	`1982年` | 万家，到1982年底，在县属以上国有企业中，实行工业经济责任制的<br>— 《转型中的地方政府》 · p301	转型中的地方政府 数据 quantitative
填空：`1983年` | 从1983年开始，鉴于经济责任制带来的经济秩序混乱、财政连年赤字…（1983年相关）	`1983年` | 从1983年开始，鉴于经济责任制带来的经济秩序混乱、财政连年赤字<br>— 《转型中的地方政府》 · p301	转型中的地方政府 数据 quantitative
填空：`1983年` | 第一步利改税改革于1983年6月实施，将以前国有…（1983年相关）	`1983年` | 第一步利改税改革于1983年6月实施，将以前国有<br>— 《转型中的地方政府》 · p301	转型中的地方政府 数据 quantitative
填空：`1984年` | 1984年10月又进行了第二步利改税改革，即不再实行企业与…（1984年相关）	`1984年` | 1984年10月又进行了第二步利改税改革，即不再实行企业与<br>— 《转型中的地方政府》 · p301	转型中的地方政府 数据 quantitative
填空：`1985年` | 重下滑，从1985年8月一直到1987年3月持续了20个月（汪海波，…（1985年相关）	`1985年` | 重下滑，从1985年8月一直到1987年3月持续了20个月（汪海波，<br>— 《转型中的地方政府》 · p302	转型中的地方政府 数据 quantitative
填空：`1986年` | 院在1986年进行承包经营责任制试点的基础上，于1987年5月决定全国…（1986年相关）	`1986年` | 院在1986年进行承包经营责任制试点的基础上，于1987年5月决定全国<br>— 《转型中的地方政府》 · p302	转型中的地方政府 数据 quantitative
填空：`1988年` | 等，1988年国务院又颁布了新的条例加以完善和发展，强调了两方面…（1988年相关）	`1988年` | 等，1988年国务院又颁布了新的条例加以完善和发展，强调了两方面<br>— 《转型中的地方政府》 · p302	转型中的地方政府 数据 quantitative
填空：`1987年` | 1987年以后的承包制与1981—1983年第一轮的承包制相比有一些差异…（1987年相关）	`1987年` | 1987年以后的承包制与1981—1983年第一轮的承包制相比有一些差异<br>— 《转型中的地方政府》 · p302	转型中的地方政府 数据 quantitative
填空：`1984年` | 比如1984年上海电声总…（1984年相关）	`1984年` | 比如1984年上海电声总<br>— 《转型中的地方政府》 · p303	转型中的地方政府 数据 quantitative
填空：`1992年` | 股份制成为国有企业改革的主要形式是在1992年党的十…（1992年相关）	`1992年` | 股份制成为国有企业改革的主要形式是在1992年党的十<br>— 《转型中的地方政府》 · p303	转型中的地方政府 数据 quantitative
填空：`1993年` | 1993年中央明确提出了建立社会主义市场经济体制的改革目标。…（1993年相关）	`1993年` | 1993年中央明确提出了建立社会主义市场经济体制的改革目标。<br>— 《转型中的地方政府》 · p303	转型中的地方政府 数据 quantitative
填空：`1994年` | 1994年11月国务院选择…（1994年相关）	`1994年` | 1994年11月国务院选择<br>— 《转型中的地方政府》 · p303	转型中的地方政府 数据 quantitative
填空：`1999年` | 中共十五大，特别是1999年中共十五届四中全会进一步明确公司化改…（1999年相关）	`1999年` | 中共十五大，特别是1999年中共十五届四中全会进一步明确公司化改<br>— 《转型中的地方政府》 · p303	转型中的地方政府 数据 quantitative
填空：`1978年` | 从1978年到1996年，经历了18年的改革之…（1978年相关）	`1978年` | 从1978年到1996年，经历了18年的改革之<br>— 《转型中的地方政府》 · p304	转型中的地方政府 数据 quantitative
填空：`1978年` | 后，国有企业在中国工业产值的份额从1978年的接近78％下降到1996…（关键百分比数据）	`1978年` | 后，国有企业在中国工业产值的份额从1978年的接近78％下降到1996<br>— 《转型中的地方政府》 · p304	转型中的地方政府 数据 quantitative
填空：`1996年` | 年的29％，与此同时，截至1996年，国有企业拥有57％的城市职工，…（关键百分比数据）	`1996年` | 年的29％，与此同时，截至1996年，国有企业拥有57％的城市职工，<br>— 《转型中的地方政府》 · p304	转型中的地方政府 数据 quantitative
填空：`1993年` | 1993年开始尤其是1997年之后，国有企业改革进入了一个新的阶段。…（1993年相关）	`1993年` | 1993年开始尤其是1997年之后，国有企业改革进入了一个新的阶段。<br>— 《转型中的地方政府》 · p309	转型中的地方政府 数据 quantitative
填空：`1993年` | 1993年山东的诸城和广东的南海率先尝试国有企业的…（1993年相关）	`1993年` | 1993年山东的诸城和广东的南海率先尝试国有企业的<br>— 《转型中的地方政府》 · p310	转型中的地方政府 数据 quantitative
填空：`1958年` | 截至1958年底，全国兴办社办工业企业602…（1958年相关）	`1958年` | 截至1958年底，全国兴办社办工业企业602<br>— 《转型中的地方政府》 · p311	转型中的地方政府 数据 quantitative
填空：`1962年` | 体财产，中央逐渐限制公社和大队办企业，到了1962年底，规定公社…（1962年相关）	`1962年` | 体财产，中央逐渐限制公社和大队办企业，到了1962年底，规定公社<br>— 《转型中的地方政府》 · p311	转型中的地方政府 数据 quantitative
填空：`1976年` | 据统计，1970—1976年，社队企业产值从92.5亿元增…（1976年数据）	`1976年` | 据统计，1970—1976年，社队企业产值从92.5亿元增<br>— 《转型中的地方政府》 · p311	转型中的地方政府 数据 quantitative
填空：`1978年` | 到1978年社队企业数目达到152…（1978年相关）	`1978年` | 到1978年社队企业数目达到152<br>— 《转型中的地方政府》 · p311	转型中的地方政府 数据 quantitative
填空：`1987年` | 1987年邓小平感叹…（1987年相关）	`1987年` | 1987年邓小平感叹<br>— 《转型中的地方政府》 · p312	转型中的地方政府 数据 quantitative
填空：`1978年` | 从1978年至1993…（1978年相关）	`1978年` | 从1978年至1993<br>— 《转型中的地方政府》 · p312	转型中的地方政府 数据 quantitative
填空：`1988年` | 据估计，从1988年至1992年，国有部门的全要素生产率年度增…（1988年相关）	`1988年` | 据估计，从1988年至1992年，国有部门的全要素生产率年度增<br>— 《转型中的地方政府》 · p312	转型中的地方政府 数据 quantitative
填空：`1980年` | 起和1979—1980年全国农村悄悄试行联产承包责任制有些类似。…（1980年相关）	`1980年` | 起和1979—1980年全国农村悄悄试行联产承包责任制有些类似。<br>— 《转型中的地方政府》 · p312	转型中的地方政府 数据 quantitative
填空：`1990年` | 比如以1990年的天津市为例，市属国有企业有3251个，而县…（1990年相关）	`1990年` | 比如以1990年的天津市为例，市属国有企业有3251个，而县<br>— 《转型中的地方政府》 · p315	转型中的地方政府 数据 quantitative
填空：`1981年` | 金、争原料”，1981年发展速度降为10.5％。…（关键百分比数据）	`1981年` | 金、争原料”，1981年发展速度降为10.5％。<br>— 《转型中的地方政府》 · p316	转型中的地方政府 数据 quantitative
填空：`1986年` | 在1985—1986年和1989—1990年…（1986年相关）	`1986年` | 在1985—1986年和1989—1990年，其中最严重的是1989—1990年，中<br>— 《转型中的地方政府》 · p316	转型中的地方政府 数据 quantitative
填空：`2000年` | 2000年，在乡镇企业对国内生…（2000年相关）	`2000年` | 2000年，在乡镇企业对国内生<br>— 《转型中的地方政府》 · p318	转型中的地方政府 数据 quantitative
填空：`1978年` | 题研究，在1978年至1996年间，浙江省一级政府就几乎未曾就鼓励私…（1978年相关）	`1978年` | 题研究，在1978年至1996年间，浙江省一级政府就几乎未曾就鼓励私<br>— 《转型中的地方政府》 · p318	转型中的地方政府 数据 quantitative
填空：`1996年` | 1996年宁波市开始对集…（1996年相关）	`1996年` | 1996年宁波市开始对集<br>— 《转型中的地方政府》 · p318	转型中的地方政府 数据 quantitative
填空：`1980年` | 1980年，温州苍南县金星大队率先…（1980年相关）	`1980年` | 1980年，温州苍南县金星大队率先<br>— 《转型中的地方政府》 · p319	转型中的地方政府 数据 quantitative
填空：`1986年` | 计，至1986年，温州全市各种形式的合股工业企业已达1万余家，其产…（1986年数据）	`1986年` | 计，至1986年，温州全市各种形式的合股工业企业已达1万余家，其产<br>— 《转型中的地方政府》 · p319	转型中的地方政府 数据 quantitative
填空：`1986年` | 1986年有戴红帽子的企业因为合伙分掉了所…（1986年相关）	`1986年` | 1986年有戴红帽子的企业因为合伙分掉了所<br>— 《转型中的地方政府》 · p319	转型中的地方政府 数据 quantitative
填空：`1987年` | 展，温州市政府在1987年11月颁布了《关于农村股份合作企业若干问…（1987年相关）	`1987年` | 展，温州市政府在1987年11月颁布了《关于农村股份合作企业若干问<br>— 《转型中的地方政府》 · p319	转型中的地方政府 数据 quantitative
填空：`2000年` | 非常有意思的现象是，苏南在2000年以后又进入经济高速增长时期，…（2000年相关）	`2000年` | 非常有意思的现象是，苏南在2000年以后又进入经济高速增长时期，<br>— 《转型中的地方政府》 · p320	转型中的地方政府 数据 quantitative
填空：`2006年` | 利用外资132亿美元，2006年为174亿美元，连续四年居全国首位，创…（2006年数据）	`2006年` | 利用外资132亿美元，2006年为174亿美元，连续四年居全国首位，创<br>— 《转型中的地方政府》 · p320	转型中的地方政府 数据 quantitative
填空：`2006年` | 苏州是江苏吸引外资的重镇，截至2006年世…（2006年相关）	`2006年` | 苏州是江苏吸引外资的重镇，截至2006年世<br>— 《转型中的地方政府》 · p321	转型中的地方政府 数据 quantitative
填空：`2004年` | 逐渐进入了衰落期，到2004年，乡镇企业创造的增加值在农村非农部…（2004年相关）	`2004年` | 逐渐进入了衰落期，到2004年，乡镇企业创造的增加值在农村非农部<br>— 《转型中的地方政府》 · p321	转型中的地方政府 数据 quantitative
填空：`2013年` | 自2013年以来新一届政府大力推动“简政放…（2013年相关）	`2013年` | 自2013年以来新一届政府大力推动“简政放<br>— 《转型中的地方政府》 · p324	转型中的地方政府 数据 quantitative
填空：`1995年` | 人，李书福1995年决定进入中国的汽车市场，发誓造“中华第一…（1995年相关）	`1995年` | 人，李书福1995年决定进入中国的汽车市场，发誓造“中华第一<br>— 《转型中的地方政府》 · p327	转型中的地方政府 数据 quantitative
填空：`2009年` | 当全球金融海啸冲击发达国家之时，2009年吉利公司借势…（2009年相关）	`2009年` | 当全球金融海啸冲击发达国家之时，2009年吉利公司借势<br>— 《转型中的地方政府》 · p328	转型中的地方政府 数据 quantitative
填空：`2010年` | 的资金、土地甚至供应链配套的许诺，在2010年成功收购了沃尔沃。…（2010年相关）	`2010年` | 的资金、土地甚至供应链配套的许诺，在2010年成功收购了沃尔沃。<br>— 《转型中的地方政府》 · p328	转型中的地方政府 数据 quantitative
填空：`1987年` | 万达集团早年是大连的一家房地产企业，1987年成立，…（1987年相关）	`1987年` | 万达集团早年是大连的一家房地产企业，1987年成立，<br>— 《转型中的地方政府》 · p328	转型中的地方政府 数据 quantitative
填空：`2000年` | 主要从事住宅的开发，2000年把总部迁入北京，开始转向商业地产。…（2000年相关）	`2000年` | 主要从事住宅的开发，2000年把总部迁入北京，开始转向商业地产。<br>— 《转型中的地方政府》 · p328	转型中的地方政府 数据 quantitative
填空：`2012年` | 近年来万达集团进入文化旅游产业，2012年斥资26亿美元收购美国第…（2012年数据）	`2012年` | 近年来万达集团进入文化旅游产业，2012年斥资26亿美元收购美国第<br>— 《转型中的地方政府》 · p329	转型中的地方政府 数据 quantitative
填空：`2012年` | 截至2012年底，万达…（2012年相关）	`2012年` | 截至2012年底，万达<br>— 《转型中的地方政府》 · p329	转型中的地方政府 数据 quantitative
填空：`2009年` | 2009年开工的楚河汉街就耗资500亿元，因为和中央强调的做大文化产…（2009年数据）	`2009年` | 2009年开工的楚河汉街就耗资500亿元，因为和中央强调的做大文化产<br>— 《转型中的地方政府》 · p329	转型中的地方政府 数据 quantitative
填空：`1998年` | 幸福华夏创立于1998年，早期从事…（1998年相关）	`1998年` | 幸福华夏创立于1998年，早期从事<br>— 《转型中的地方政府》 · p330	转型中的地方政府 数据 quantitative
填空：`2002年` | 2002年转入产业地产，与固安县政府合作建立固安工业园，…（2002年相关）	`2002年` | 2002年转入产业地产，与固安县政府合作建立固安工业园，<br>— 《转型中的地方政府》 · p330	转型中的地方政府 数据 quantitative
填空：`2006年` | 50公里，2006年正式批准为省级工业园。…（2006年相关）	`2006年` | 50公里，2006年正式批准为省级工业园。<br>— 《转型中的地方政府》 · p330	转型中的地方政府 数据 quantitative
填空：`2002年` | 2002年当华夏幸福投资固安…（2002年相关）	`2002年` | 2002年当华夏幸福投资固安<br>— 《转型中的地方政府》 · p330	转型中的地方政府 数据 quantitative
填空：`2014年` | 2014年，华夏幸福在固安已经累计引入签约项目482个，投资额达638…（2014年相关）	`2014年` | 2014年，华夏幸福在固安已经累计引入签约项目482个，投资额达638<br>— 《转型中的地方政府》 · p330	转型中的地方政府 数据 quantitative
填空：`2014年` | 2014年固安县财政收入跃升40亿，增长30倍，经济指标从廊坊…（2014年数据）	`2014年` | 2014年固安县财政收入跃升40亿，增长30倍，经济指标从廊坊<br>— 《转型中的地方政府》 · p330	转型中的地方政府 数据 quantitative
填空：`2015年` | 末位升至前列，固安工业园2015年被国家发改委列为新型城镇化样…（2015年相关）	`2015年` | 末位升至前列，固安工业园2015年被国家发改委列为新型城镇化样<br>— 《转型中的地方政府》 · p330	转型中的地方政府 数据 quantitative
填空：`2006年` | 2006年至今华夏幸福累计投入160亿。…（2006年数据）	`2006年` | 2006年至今华夏幸福累计投入160亿。<br>— 《转型中的地方政府》 · p330	转型中的地方政府 数据 quantitative
填空：`2011年` | 华夏幸福2011年上市，截至2016年5月份公司资产规模达到1860亿。…（2011年数据）	`2011年` | 华夏幸福2011年上市，截至2016年5月份公司资产规模达到1860亿。<br>— 《转型中的地方政府》 · p331	转型中的地方政府 数据 quantitative
填空：`2007年` | 2007年4月7日河南华林塑料集团及下属4家子公司被法院…（2007年相关）	`2007年` | 2007年4月7日河南华林塑料集团及下属4家子公司被法院<br>— 《转型中的地方政府》 · p331	转型中的地方政府 数据 quantitative
填空：`2004年` | 该集团原董事长孙树华2004年跻身《福布斯》中…（2004年相关）	`2004年` | 该集团原董事长孙树华2004年跻身《福布斯》中<br>— 《转型中的地方政府》 · p331	转型中的地方政府 数据 quantitative
填空：`2001年` | 本生意起家，于2001年成立华林集团。…（2001年相关）	`2001年` | 本生意起家，于2001年成立华林集团。<br>— 《转型中的地方政府》 · p331	转型中的地方政府 数据 quantitative
填空：`2004年` | 华林的第一次危机发生在2004年6月，当交通银行郑州银行要求…（2004年相关）	`2004年` | 华林的第一次危机发生在2004年6月，当交通银行郑州银行要求<br>— 《转型中的地方政府》 · p331	转型中的地方政府 数据 quantitative
填空：`2005年` | 2005年2月，河南省银监局发出针对华林集团的风险提示，提醒省内各…（2005年相关）	`2005年` | 2005年2月，河南省银监局发出针对华林集团的风险提示，提醒省内各<br>— 《转型中的地方政府》 · p331	转型中的地方政府 数据 quantitative
填空：`2006年` | 政府办公厅2006年2月下发一份文件，建议华林的债权银行不要单独起…（2006年相关）	`2006年` | 政府办公厅2006年2月下发一份文件，建议华林的债权银行不要单独起<br>— 《转型中的地方政府》 · p331	转型中的地方政府 数据 quantitative
填空：`2005年` | 持彭小峰购买关键性技术和设备，彭小峰2005年创立了赛维，并把赛…（2005年相关）	`2005年` | 持彭小峰购买关键性技术和设备，彭小峰2005年创立了赛维，并把赛<br>— 《转型中的地方政府》 · p332	转型中的地方政府 数据 quantitative
填空：`2007年` | 2007年在纽交所上市，彭小峰当时身价400亿，曾经名列中国首富。…（2007年数据）	`2007年` | 2007年在纽交所上市，彭小峰当时身价400亿，曾经名列中国首富。<br>— 《转型中的地方政府》 · p332	转型中的地方政府 数据 quantitative
填空：`2005年` | 2005年以来赛维与新余市政府荣辱与共，休戚相关。…（2005年相关）	`2005年` | 2005年以来赛维与新余市政府荣辱与共，休戚相关。<br>— 《转型中的地方政府》 · p332	转型中的地方政府 数据 quantitative
填空：`2011年` | 到2011年底，围线在赛维身边的上下游光伏企业近百家，…（2011年相关）	`2011年` | 到2011年底，围线在赛维身边的上下游光伏企业近百家，<br>— 《转型中的地方政府》 · p332	转型中的地方政府 数据 quantitative
填空：`2011年` | 猛增长，2011年新余市新能源的产值达421.67亿元。…（2011年数据）	`2011年` | 猛增长，2011年新余市新能源的产值达421.67亿元。<br>— 《转型中的地方政府》 · p332	转型中的地方政府 数据 quantitative
填空：`2011年` | 到2011年，仅赛维一…（2011年相关）	`2011年` | 到2011年，仅赛维一<br>— 《转型中的地方政府》 · p332	转型中的地方政府 数据 quantitative
填空：`2011年` | 2011年底，围线在赛维身边的上…（2011年相关）	`2011年` | 2011年底，围线在赛维身边的上<br>— 《转型中的地方政府》 · p332	转型中的地方政府 数据 quantitative
填空：`2011年` | 市，到2011年的财政总收入达111.3亿元，一跃成为江西的经济强市。…（2011年数据）	`2011年` | 市，到2011年的财政总收入达111.3亿元，一跃成为江西的经济强市。<br>— 《转型中的地方政府》 · p332	转型中的地方政府 数据 quantitative
填空：`2011年` | 2011年欧美国家对原产于中国的晶硅光伏电池做出反倾销和反补贴诉…（2011年相关）	`2011年` | 2011年欧美国家对原产于中国的晶硅光伏电池做出反倾销和反补贴诉<br>— 《转型中的地方政府》 · p333	转型中的地方政府 数据 quantitative
填空：`2012年` | 2012年陷入困境的赛维LDK面临资金链断裂的危险，对此地方政…（2012年相关）	`2012年` | 2012年陷入困境的赛维LDK面临资金链断裂的危险，对此地方政<br>— 《转型中的地方政府》 · p333	转型中的地方政府 数据 quantitative
填空：`2012年` | 江西省政府2012年5月筹措20亿元成立“赛维稳定…（2012年数据）	`2012年` | 江西省政府2012年5月筹措20亿元成立“赛维稳定<br>— 《转型中的地方政府》 · p333	转型中的地方政府 数据 quantitative
填空：`2012年` | 2012年6月29日，赛维LDK三年前向华融国际信托有限责任公…（2012年相关）	`2012年` | 2012年6月29日，赛维LDK三年前向华融国际信托有限责任公<br>— 《转型中的地方政府》 · p333	转型中的地方政府 数据 quantitative
填空：`2012年` | 新余市政府2012年7月宣布准备启用财政资金为赛维…（2012年相关）	`2012年` | 新余市政府2012年7月宣布准备启用财政资金为赛维<br>— 《转型中的地方政府》 · p333	转型中的地方政府 数据 quantitative
填空：`2013年` | 截至2013年9月30日，赛维总负债为48亿美元，负债率在…（2013年数据）	`2013年` | 截至2013年9月30日，赛维总负债为48亿美元，负债率在<br>— 《转型中的地方政府》 · p333	转型中的地方政府 数据 quantitative
填空：`2014年` | 2014年5月，赛维获得了“救命…（2014年相关）	`2014年` | 2014年5月，赛维获得了“救命<br>— 《转型中的地方政府》 · p333	转型中的地方政府 数据 quantitative
填空：`2003年` | 据长虹2003年年度报告，截至2003年…（2003年相关）	`2003年` | 据长虹2003年年度报告，截至2003年<br>— 《转型中的地方政府》 · p333	转型中的地方政府 数据 quantitative
填空：`1992年` | 在上世纪90年代初迷上了汽车制造，1992年收购沈阳金杯汽车厂，组…（1992年相关）	`1992年` | 在上世纪90年代初迷上了汽车制造，1992年收购沈阳金杯汽车厂，组<br>— 《转型中的地方政府》 · p334	转型中的地方政府 数据 quantitative
填空：`2001年` | 经过多年的苦心经营，到2001年前后，仰融的华…（2001年相关）	`2001年` | 经过多年的苦心经营，到2001年前后，仰融的华<br>— 《转型中的地方政府》 · p334	转型中的地方政府 数据 quantitative
填空：`2001年` | 生在2001年初，他与英国著名的百年汽车品牌罗孚谈合作，计划合资…（2001年相关）	`2001年` | 生在2001年初，他与英国著名的百年汽车品牌罗孚谈合作，计划合资<br>— 《转型中的地方政府》 · p334	转型中的地方政府 数据 quantitative
填空：`1993年` | Zhang（2006）利用中国1993年和2000年2000多个县级地区…（1993年相关）	`1993年` | Zhang（2006）利用中国1993年和2000年2000多个县级地区<br>— 《转型中的地方政府》 · p337	转型中的地方政府 数据 quantitative
填空：`1949年` | 区1949年以后国家的农业税赋一直非常沉重，必须依靠乡镇集体领导…（1949年相关）	`1949年` | 区1949年以后国家的农业税赋一直非常沉重，必须依靠乡镇集体领导<br>— 《转型中的地方政府》 · p338	转型中的地方政府 数据 quantitative
填空：`2001年` | 《黄河边的中国》（上海文艺出版社2001年版）一书中详细记录了他…（2001年相关）	`2001年` | 《黄河边的中国》（上海文艺出版社2001年版）一书中详细记录了他<br>— 《转型中的地方政府》 · p339	转型中的地方政府 数据 quantitative
填空：`1992年` | [16] 1992年邓小平南方谈话之后全国各地开始了“摘帽子工程”，…（1992年相关）	`1992年` | [16] 1992年邓小平南方谈话之后全国各地开始了“摘帽子工程”，<br>— 《转型中的地方政府》 · p340	转型中的地方政府 数据 quantitative
填空：`2007年` | 李书福》，中信出版社2007年版。…（2007年相关）	`2007年` | 李书福》，中信出版社2007年版。<br>— 《转型中的地方政府》 · p341	转型中的地方政府 数据 quantitative
填空：`2010年` | 纪经济报道》2010年3月30日。…（2010年相关）	`2010年` | 纪经济报道》2010年3月30日。<br>— 《转型中的地方政府》 · p341	转型中的地方政府 数据 quantitative
填空：`2012年` | 王》，《中国企业家》2012年10月11日。…（2012年相关）	`2012年` | 王》，《中国企业家》2012年10月11日。<br>— 《转型中的地方政府》 · p341	转型中的地方政府 数据 quantitative
填空：`2016年` | [24] 冷楠：《固安工业园PPP模式研究》，北京大学2016年硕士研…（2016年相关）	`2016年` | [24] 冷楠：《固安工业园PPP模式研究》，北京大学2016年硕士研<br>— 《转型中的地方政府》 · p341	转型中的地方政府 数据 quantitative
填空：`2015年` | 《长江网》2015年7月29日。…（2015年相关）	`2015年` | 《长江网》2015年7月29日。<br>— 《转型中的地方政府》 · p341	转型中的地方政府 数据 quantitative
填空：`2007年` | [26] 《“河南首富”孙树华忽兴速亡》，《瞭望东方周刊》2007年…（2007年相关）	`2007年` | [26] 《“河南首富”孙树华忽兴速亡》，《瞭望东方周刊》2007年<br>— 《转型中的地方政府》 · p341	转型中的地方政府 数据 quantitative
填空：`2008年` | [27] 《一座城市的“豪赌”》，《中国青年报》2008年12月19日。…（2008年相关）	`2008年` | [27] 《一座城市的“豪赌”》，《中国青年报》2008年12月19日。<br>— 《转型中的地方政府》 · p341	转型中的地方政府 数据 quantitative
填空：`2012年` | [28] 《尚德与赛维：光伏双雄早衰》，《中国企业家》杂志2012年…（2012年相关）	`2012年` | [28] 《尚德与赛维：光伏双雄早衰》，《中国企业家》杂志2012年<br>— 《转型中的地方政府》 · p341	转型中的地方政府 数据 quantitative
填空：`2012年` | 政府最终决定放弃救助，尚德于2012年进入破产重组。…（2012年相关）	`2012年` | 政府最终决定放弃救助，尚德于2012年进入破产重组。<br>— 《转型中的地方政府》 · p341	转型中的地方政府 数据 quantitative
填空：`2012年` | 可参见《尚德与赛维：光伏双雄早衰》（《中国企业家》2012年10月…（2012年相关）	`2012年` | 可参见《尚德与赛维：光伏双雄早衰》（《中国企业家》2012年10月<br>— 《转型中的地方政府》 · p341	转型中的地方政府 数据 quantitative
填空：`2014年` | 2014年5月4日。…（2014年相关）	`2014年` | 2014年5月4日。<br>— 《转型中的地方政府》 · p342	转型中的地方政府 数据 quantitative
填空：`2004年` | 工商时报》2004年7月22日。…（2004年相关）	`2004年` | 工商时报》2004年7月22日。<br>— 《转型中的地方政府》 · p342	转型中的地方政府 数据 quantitative
填空：`2008年` | 年：中国企业》，中信出版社2008年版。…（2008年相关）	`2008年` | 年：中国企业》，中信出版社2008年版。<br>— 《转型中的地方政府》 · p342	转型中的地方政府 数据 quantitative
填空：`2003年` | 第一个例子是2003年的…（2003年相关）	`2003年` | 第一个例子是2003年的<br>— 《转型中的地方政府》 · p345	转型中的地方政府 数据 quantitative
填空：`2005年` | 灾害的及时反应和全国范围内的迅速动员与美国政府在2005年的卡特…（2005年相关）	`2005年` | 灾害的及时反应和全国范围内的迅速动员与美国政府在2005年的卡特<br>— 《转型中的地方政府》 · p346	转型中的地方政府 数据 quantitative
填空：`1958年` | 1958年之后各种形式的“支出包干”“自收自支”的安排经常出…（1958年相关）	`1958年` | 1958年之后各种形式的“支出包干”“自收自支”的安排经常出<br>— 《转型中的地方政府》 · p347	转型中的地方政府 数据 quantitative
填空：`1958年` | 的增强，如1958年“大跃进”时期以及1970—1971年的放权；…（1958年相关）	`1958年` | 的增强，如1958年“大跃进”时期以及1970—1971年的放权；<br>— 《转型中的地方政府》 · p348	转型中的地方政府 数据 quantitative
填空：`1994年` | 1994年之后，中央和省内垂直化收权浪潮（即银行、国税、质…（1994年相关）	`1994年` | 1994年之后，中央和省内垂直化收权浪潮（即银行、国税、质<br>— 《转型中的地方政府》 · p348	转型中的地方政府 数据 quantitative
填空：`1958年` | 1958年为了实施钢铁和粮食产量的“大跃进”，展开了政治锦标赛，…（1958年相关）	`1958年` | 1958年为了实施钢铁和粮食产量的“大跃进”，展开了政治锦标赛，<br>— 《转型中的地方政府》 · p352	转型中的地方政府 数据 quantitative
填空：`1958年` | 果更为明显，1958年同时进行了大规模的经济放权。…（1958年相关）	`1958年` | 果更为明显，1958年同时进行了大规模的经济放权。<br>— 《转型中的地方政府》 · p352	转型中的地方政府 数据 quantitative
填空：`1989年` | 低，从1989年至2006年…（关键百分比数据）	`1989年` | 低，从1989年至2006年，最高值（1989年）只有1.68%，1998年国家机<br>— 《转型中的地方政府》 · p353	转型中的地方政府 数据 quantitative
填空：`2007年` | 在节能方面，国家发改委2007年…（2007年相关）	`2007年` | 在节能方面，国家发改委2007年<br>— 《转型中的地方政府》 · p361	转型中的地方政府 数据 quantitative
填空：`2008年` | 正如一位参加2008年两会的代表所指出的那样：“正是由于各级党委…（2008年相关）	`2008年` | 正如一位参加2008年两会的代表所指出的那样：“正是由于各级党委<br>— 《转型中的地方政府》 · p363	转型中的地方政府 数据 quantitative
填空：`2006年` | 上的‘官帽子’挂在烟囱上，才实现了全国节能减排工作从2006年全…（2006年相关）	`2006年` | 上的‘官帽子’挂在烟囱上，才实现了全国节能减排工作从2006年全<br>— 《转型中的地方政府》 · p363	转型中的地方政府 数据 quantitative
填空：`2007年` | 面‘飘红’到2007年的‘双下降’的突破性进展。…（2007年相关）	`2007年` | 面‘飘红’到2007年的‘双下降’的突破性进展。<br>— 《转型中的地方政府》 · p363	转型中的地方政府 数据 quantitative
填空：`2006年` | 山东省作为中国的能耗和排污大省，2006年拒绝批准高能耗、高污染…（2006年相关）	`2006年` | 山东省作为中国的能耗和排污大省，2006年拒绝批准高能耗、高污染<br>— 《转型中的地方政府》 · p363	转型中的地方政府 数据 quantitative
填空：`2006年` | 法，2006年在山西全省对500多家企业因强行排污而采取了断贷、断…（2006年相关）	`2006年` | 法，2006年在山西全省对500多家企业因强行排污而采取了断贷、断<br>— 《转型中的地方政府》 · p363	转型中的地方政府 数据 quantitative
填空：`2003年` | 1970—2003年间，有报道的与环境保护有关的公民诉讼就超过了1500…（2003年相关）	`2003年` | 1970—2003年间，有报道的与环境保护有关的公民诉讼就超过了1500<br>— 《转型中的地方政府》 · p364	转型中的地方政府 数据 quantitative
填空：`2008年` | 2008年，食品价格上涨迅速，通货膨胀的威胁日益加重，引起社会的…（2008年相关）	`2008年` | 2008年，食品价格上涨迅速，通货膨胀的威胁日益加重，引起社会的<br>— 《转型中的地方政府》 · p364	转型中的地方政府 数据 quantitative
填空：`1996年` | 这种做法在1996年治理通货膨胀时也曾采用过。…（1996年相关）	`1996年` | 这种做法在1996年治理通货膨胀时也曾采用过。<br>— 《转型中的地方政府》 · p364	转型中的地方政府 数据 quantitative
填空：`1953年` | 在改革之前，1953年至1978年国民…（1953年相关）	`1953年` | 在改革之前，1953年至1978年国民<br>— 《转型中的地方政府》 · p365	转型中的地方政府 数据 quantitative
填空：`1958年` | 从1958年之后中国开始了经济体制改革的尝试，…（1958年相关）	`1958年` | 从1958年之后中国开始了经济体制改革的尝试，<br>— 《转型中的地方政府》 · p365	转型中的地方政府 数据 quantitative
填空：`1994年` | 地方分权、财政分成制（包括80年代的财政包干制和1994年之后的分…（1994年相关）	`1994年` | 地方分权、财政分成制（包括80年代的财政包干制和1994年之后的分<br>— 《转型中的地方政府》 · p368	转型中的地方政府 数据 quantitative
填空：`1980年` | 1980年开始实施的财政包干改革就是解决地方政府的收益权问…（1980年相关）	`1980年` | 1980年开始实施的财政包干改革就是解决地方政府的收益权问<br>— 《转型中的地方政府》 · p369	转型中的地方政府 数据 quantitative
填空：`1998年` | 1998年有78%的县长处在任期的第一年或第二年。…（关键百分比数据）	`1998年` | 1998年有78%的县长处在任期的第一年或第二年。<br>— 《转型中的地方政府》 · p373	转型中的地方政府 数据 quantitative
填空：`2002年` | 是在1998—2002年间，平均每年有超过80%的县长处在任期的前三年，…（关键百分比数据）	`2002年` | 是在1998—2002年间，平均每年有超过80%的县长处在任期的前三年，<br>— 《转型中的地方政府》 · p373	转型中的地方政府 数据 quantitative
填空：`2006年` | Tsai（2013）使用1980—2006年中国的省级数据，考察了党代会召开…（2006年相关）	`2006年` | Tsai（2013）使用1980—2006年中国的省级数据，考察了党代会召开<br>— 《转型中的地方政府》 · p374	转型中的地方政府 数据 quantitative
填空：`2006年` | 察1994—2006年官员特征对政府财政支出偏向时将省委书记的任期作…（2006年相关）	`2006年` | 察1994—2006年官员特征对政府财政支出偏向时将省委书记的任期作<br>— 《转型中的地方政府》 · p374	转型中的地方政府 数据 quantitative
填空：`2011年` | 高楠、梁平汉（2014）使用1991—2011年的省级…（2011年相关）	`2011年` | 高楠、梁平汉（2014）使用1991—2011年的省级<br>— 《转型中的地方政府》 · p374	转型中的地方政府 数据 quantitative
填空：`2010年` | 用1999—2010年的数据，发现党代会召开前一年支出增长率显著增…（2010年相关）	`2010年` | 用1999—2010年的数据，发现党代会召开前一年支出增长率显著增<br>— 《转型中的地方政府》 · p374	转型中的地方政府 数据 quantitative
填空：`2002年` | [21] 以2001、2002年的省级党代会为例，在2002年4—6月…（2002年相关）	`2002年` | [21] 以2001、2002年的省级党代会为例，在2002年4—6月<br>— 《转型中的地方政府》 · p375	转型中的地方政府 数据 quantitative
填空：`2001年` | 召开党代会的省有17个，在2001年9—12月召开党代会的省有14个。…（2001年相关）	`2001年` | 召开党代会的省有17个，在2001年9—12月召开党代会的省有14个。<br>— 《转型中的地方政府》 · p375	转型中的地方政府 数据 quantitative
填空：`2002年` | 2002年召开党代会的省和在2001年召开党代会的省平均分布在我国的…（2002年相关）	`2002年` | 2002年召开党代会的省和在2001年召开党代会的省平均分布在我国的<br>— 《转型中的地方政府》 · p375	转型中的地方政府 数据 quantitative
填空：`2006年` | 例如，江西省2006年党代会在12月召开，2011年党代会在10月召开；…（2006年相关）	`2006年` | 例如，江西省2006年党代会在12月召开，2011年党代会在10月召开；<br>— 《转型中的地方政府》 · p375	转型中的地方政府 数据 quantitative
填空：`2002年` | 天津市2002年党代会在4月召开，2007年党代会在5月召开等。…（2002年相关）	`2002年` | 天津市2002年党代会在4月召开，2007年党代会在5月召开等。<br>— 《转型中的地方政府》 · p375	转型中的地方政府 数据 quantitative
填空：`1994年` | 我们收集了1994年以来地级市市委书记和市长的任职时间、受教育程…（1994年相关）	`1994年` | 我们收集了1994年以来地级市市委书记和市长的任职时间、受教育程<br>— 《转型中的地方政府》 · p375	转型中的地方政府 数据 quantitative
填空：`2009年` | 根据1994—2009年间发生市委书记和…（2009年相关）	`2009年` | 根据1994—2009年间发生市委书记和<br>— 《转型中的地方政府》 · p375	转型中的地方政府 数据 quantitative
填空：`2012年` | 据1994—2012年市委书记和市长任期的频率分布情况，可以看出，分…（2012年相关）	`2012年` | 据1994—2012年市委书记和市长任期的频率分布情况，可以看出，分<br>— 《转型中的地方政府》 · p376	转型中的地方政府 数据 quantitative
填空：`1997年` | 现大区制之前，地方政府可以直接影响银行贷款，1997年之后银行系…（1997年相关）	`1997年` | 现大区制之前，地方政府可以直接影响银行贷款，1997年之后银行系<br>— 《转型中的地方政府》 · p379	转型中的地方政府 数据 quantitative
填空：`2005年` | 截至2005年3月，财政部认定…（2005年相关）	`2005年` | 截至2005年3月，财政部认定<br>— 《转型中的地方政府》 · p379	转型中的地方政府 数据 quantitative
填空：`2013年` | 国家审计署2013年12月30日公布了全国政…（2013年相关）	`2013年` | 国家审计署2013年12月30日公布了全国政<br>— 《转型中的地方政府》 · p379	转型中的地方政府 数据 quantitative
填空：`2013年` | 截至2013年6月底，全国各级政府负有偿还责任…（2013年相关）	`2013年` | 截至2013年6月底，全国各级政府负有偿还责任<br>— 《转型中的地方政府》 · p380	转型中的地方政府 数据 quantitative
填空：`2000年` | 2000年国家药品食品监管管理总局成立，药品食…（2000年相关）	`2000年` | 2000年国家药品食品监管管理总局成立，药品食<br>— 《转型中的地方政府》 · p385	转型中的地方政府 数据 quantitative
填空：`2000年` | 品的质量事件2000年之后并没有得到有效治理，国家药品食品监督管…（2000年相关）	`2000年` | 品的质量事件2000年之后并没有得到有效治理，国家药品食品监督管<br>— 《转型中的地方政府》 · p385	转型中的地方政府 数据 quantitative
填空：`2008年` | 2008年中央决定放弃垂直管理，使之彻底回归原来的“属地发包管…（2008年相关）	`2008年` | 2008年中央决定放弃垂直管理，使之彻底回归原来的“属地发包管<br>— 《转型中的地方政府》 · p385	转型中的地方政府 数据 quantitative
填空：`2010年` | 2010年3月底中央部署新一轮促进新疆稳定和发展工作，出台了对口支…（2010年相关）	`2010年` | 2010年3月底中央部署新一轮促进新疆稳定和发展工作，出台了对口支<br>— 《转型中的地方政府》 · p387	转型中的地方政府 数据 quantitative
填空：`2010年` | 口支援新疆，植入汶川援建模式》，人民网2010年4月27日。…（2010年相关）	`2010年` | 口支援新疆，植入汶川援建模式》，人民网2010年4月27日。<br>— 《转型中的地方政府》 · p388	转型中的地方政府 数据 quantitative
填空：`2006年` | 世纪经济报道》2006年8月7日。…（2006年相关）	`2006年` | 世纪经济报道》2006年8月7日。<br>— 《转型中的地方政府》 · p388	转型中的地方政府 数据 quantitative
填空：`2007年` | 报》2007年11月26日。…（2007年相关）	`2007年` | 报》2007年11月26日。<br>— 《转型中的地方政府》 · p388	转型中的地方政府 数据 quantitative
填空：`2008年` | 社北京2008年3月11日。…（2008年相关）	`2008年` | 社北京2008年3月11日。<br>— 《转型中的地方政府》 · p388	转型中的地方政府 数据 quantitative
填空：`2007年` | 报》2007年11月28日。…（2007年相关）	`2007年` | 报》2007年11月28日。<br>— 《转型中的地方政府》 · p389	转型中的地方政府 数据 quantitative
填空：`2008年` | [15] 《中国2008年节能减排问责风暴正在酝酿》，《工人日报》…（2008年相关）	`2008年` | [15] 《中国2008年节能减排问责风暴正在酝酿》，《工人日报》<br>— 《转型中的地方政府》 · p389	转型中的地方政府 数据 quantitative
填空：`2008年` | 2008年3月13日。…（2008年相关）	`2008年` | 2008年3月13日。<br>— 《转型中的地方政府》 · p389	转型中的地方政府 数据 quantitative
填空：`2007年` | 网2007年3月4日。…（2007年相关）	`2007年` | 网2007年3月4日。<br>— 《转型中的地方政府》 · p389	转型中的地方政府 数据 quantitative
填空：`2008年` | 出版社2008年版。…（2008年相关）	`2008年` | 出版社2008年版。<br>— 《转型中的地方政府》 · p389	转型中的地方政府 数据 quantitative
填空：`2005年` | 《财经》2005年3月8日。…（2005年相关）	`2005年` | 《财经》2005年3月8日。<br>— 《转型中的地方政府》 · p389	转型中的地方政府 数据 quantitative
填空：`2006年` | 远》，《中国青年报》2006年6月29日。…（2006年相关）	`2006年` | 远》，《中国青年报》2006年6月29日。<br>— 《转型中的地方政府》 · p390	转型中的地方政府 数据 quantitative
填空：`1998年` | 系在1998年之前是属地管理，1998年之后才变成了中央垂直管理。…（1998年相关）	`1998年` | 系在1998年之前是属地管理，1998年之后才变成了中央垂直管理。<br>— 《转型中的地方政府》 · p390	转型中的地方政府 数据 quantitative
填空：`2009年` | 2009年4月国务院发布的《中共中央…（2009年相关）	`2009年` | 2009年4月国务院发布的《中共中央<br>— 《转型中的地方政府》 · p394	转型中的地方政府 数据 quantitative
填空：`2013年` | 2013年8月国务院发布《促进信息消费扩大内需的…（2013年相关）	`2013年` | 2013年8月国务院发布《促进信息消费扩大内需的<br>— 《转型中的地方政府》 · p394	转型中的地方政府 数据 quantitative
填空：`2016年` | 2016年大多数省份开始推…（2016年相关）	`2016年` | 2016年大多数省份开始推<br>— 《转型中的地方政府》 · p394	转型中的地方政府 数据 quantitative
填空：`1986年` | 起步于1986年，1999年《失业保险条例》颁布，标志着这项制度进入…（1986年相关）	`1986年` | 起步于1986年，1999年《失业保险条例》颁布，标志着这项制度进入<br>— 《转型中的地方政府》 · p394	转型中的地方政府 数据 quantitative
填空：`2014年` | 发展年度报告 2014》，2014年参保人数约1.7亿，占城镇就业人数的…（2014年数据）	`2014年` | 发展年度报告 2014》，2014年参保人数约1.7亿，占城镇就业人数的<br>— 《转型中的地方政府》 · p395	转型中的地方政府 数据 quantitative
填空：`2009年` | 43.3%，只比2009年的参保率提高了3个百分点，失业保障制度覆盖面…（关键百分比数据）	`2009年` | 43.3%，只比2009年的参保率提高了3个百分点，失业保障制度覆盖面<br>— 《转型中的地方政府》 · p395	转型中的地方政府 数据 quantitative
填空：`2013年` | 虽然在2013年中央就…（2013年相关）	`2013年` | 虽然在2013年中央就<br>— 《转型中的地方政府》 · p395	转型中的地方政府 数据 quantitative
填空：`2015年` | 2015年广东结余超过6000亿元，北京结余2783亿元，浙江3009…（2015年数据）	`2015年` | 2015年广东结余超过6000亿元，北京结余2783亿元，浙江3009<br>— 《转型中的地方政府》 · p395	转型中的地方政府 数据 quantitative
填空：`2014年` | 以2014年最新公布的数据看，上海市的标准是每人每月540…（2014年相关）	`2014年` | 以2014年最新公布的数据看，上海市的标准是每人每月540<br>— 《转型中的地方政府》 · p395	转型中的地方政府 数据 quantitative
填空：`2009年` | 元，吉林、河北、安徽等省份则还是维持在2009年的55元，两者相差…（2009年相关）	`2009年` | 元，吉林、河北、安徽等省份则还是维持在2009年的55元，两者相差<br>— 《转型中的地方政府》 · p395	转型中的地方政府 数据 quantitative
填空：`1998年` | 早在1998年中央就提出财政体制需…（1998年相关）	`1998年` | 早在1998年中央就提出财政体制需<br>— 《转型中的地方政府》 · p396	转型中的地方政府 数据 quantitative
填空：`2000年` | 比如在1990—2000年，中国维持了大约10%的增长率，其中资本投…（关键百分比数据）	`2000年` | 比如在1990—2000年，中国维持了大约10%的增长率，其中资本投<br>— 《转型中的地方政府》 · p397	转型中的地方政府 数据 quantitative
填空：`2000年` | 进入2000年以后，资本投入的作用…（2000年相关）	`2000年` | 进入2000年以后，资本投入的作用<br>— 《转型中的地方政府》 · p397	转型中的地方政府 数据 quantitative
填空：`2007年` | 研究发现，1979—2007年中国扣除要素投入增长之后的生产效率年平…（2007年相关）	`2007年` | 研究发现，1979—2007年中国扣除要素投入增长之后的生产效率年平<br>— 《转型中的地方政府》 · p397	转型中的地方政府 数据 quantitative
填空：`2013年` | 均改善速度约为3.78%，而2008—2013年间生产效率的年平均改善速度…（关键百分比数据）	`2013年` | 均改善速度约为3.78%，而2008—2013年间生产效率的年平均改善速度<br>— 《转型中的地方政府》 · p397	转型中的地方政府 数据 quantitative
填空：`1998年` | 1998年人民银行撤销省级分…（1998年相关）	`1998年` | 1998年人民银行撤销省级分<br>— 《转型中的地方政府》 · p399	转型中的地方政府 数据 quantitative
填空：`1993年` | 1993年的财政体制是包干制，分税制改革之后省以下还是实行财政包…（1993年相关）	`1993年` | 1993年的财政体制是包干制，分税制改革之后省以下还是实行财政包<br>— 《转型中的地方政府》 · p400	转型中的地方政府 数据 quantitative
填空：`1998年` | 从1998年开始，中央正式提出从建设型财…（1998年相关）	`1998年` | 从1998年开始，中央正式提出从建设型财<br>— 《转型中的地方政府》 · p400	转型中的地方政府 数据 quantitative
填空：`2006年` | 早在2006年，中共中央组织部下发了《体现科学发展观要…（2006年相关）	`2006年` | 早在2006年，中共中央组织部下发了《体现科学发展观要<br>— 《转型中的地方政府》 · p401	转型中的地方政府 数据 quantitative
填空：`2006年` | 2006年，山东省青岛市应用计算机辅助电话调查技术，…（2006年相关）	`2006年` | 2006年，山东省青岛市应用计算机辅助电话调查技术，<br>— 《转型中的地方政府》 · p401	转型中的地方政府 数据 quantitative
填空：`2008年` | 2008年5月德州和青岛两市的市长…（2008年相关）	`2008年` | 2008年5月德州和青岛两市的市长<br>— 《转型中的地方政府》 · p401	转型中的地方政府 数据 quantitative
填空：`2004年` | 2004年底，甘肃省政府委托兰州大学…（2004年相关）	`2004年` | 2004年底，甘肃省政府委托兰州大学<br>— 《转型中的地方政府》 · p401	转型中的地方政府 数据 quantitative
填空：`2008年` | 从2008年7月起，中央组织部委托国家统计局每年在全国31个省区市以…（2008年相关）	`2008年` | 从2008年7月起，中央组织部委托国家统计局每年在全国31个省区市以<br>— 《转型中的地方政府》 · p401	转型中的地方政府 数据 quantitative
填空：`2008年` | 查，2008年7月组织实施了第一次问卷调查，至2011年连续四年实施了…（2008年相关）	`2008年` | 查，2008年7月组织实施了第一次问卷调查，至2011年连续四年实施了<br>— 《转型中的地方政府》 · p402	转型中的地方政府 数据 quantitative
填空：`2013年` | 2013年12月9日中组部发布《关于改进地方党政领导和领导干部政绩考…（2013年相关）	`2013年` | 2013年12月9日中组部发布《关于改进地方党政领导和领导干部政绩考<br>— 《转型中的地方政府》 · p402	转型中的地方政府 数据 quantitative
填空：`2000年` | 2000年药品食品监督由…（2000年相关）	`2000年` | 2000年药品食品监督由<br>— 《转型中的地方政府》 · p406	转型中的地方政府 数据 quantitative
填空：`2008年` | 属地管理改为垂直管理，2008年又回归于属地管理。…（2008年相关）	`2008年` | 属地管理改为垂直管理，2008年又回归于属地管理。<br>— 《转型中的地方政府》 · p406	转型中的地方政府 数据 quantitative
填空：`2004年` | 2004年3月由国家环保总局和…（2004年相关）	`2004年` | 2004年3月由国家环保总局和<br>— 《转型中的地方政府》 · p411	转型中的地方政府 数据 quantitative
填空：`2005年` | 该项目于2005年在全…（2005年相关）	`2005年` | 该项目于2005年在全<br>— 《转型中的地方政府》 · p411	转型中的地方政府 数据 quantitative
填空：`2006年` | 2006年9月国家环保局和国家统计局联合发布…（2006年相关）	`2006年` | 2006年9月国家环保局和国家统计局联合发布<br>— 《转型中的地方政府》 · p411	转型中的地方政府 数据 quantitative
填空：`2016年` | 破》，《21世纪经济报道》2016年8月24日。…（2016年相关）	`2016年` | 破》，《21世纪经济报道》2016年8月24日。<br>— 《转型中的地方政府》 · p413	转型中的地方政府 数据 quantitative
填空：`2014年` | 考报》2014年11月28日。…（2014年相关）	`2014年` | 考报》2014年11月28日。<br>— 《转型中的地方政府》 · p413	转型中的地方政府 数据 quantitative
填空：`2008年` | 日报》2008年7月4日。…（2008年相关）	`2008年` | 日报》2008年7月4日。<br>— 《转型中的地方政府》 · p413	转型中的地方政府 数据 quantitative
填空：`2008年` | 一财经日报》2008年5月26日。…（2008年相关）	`2008年` | 一财经日报》2008年5月26日。<br>— 《转型中的地方政府》 · p413	转型中的地方政府 数据 quantitative
填空：`1980年` | 法玛（Fama）在1980年的一篇论文中提出，在企业内部，委托—代理…（1980年相关）	`1980年` | 法玛（Fama）在1980年的一篇论文中提出，在企业内部，委托—代理<br>— 《转型中的地方政府》 · p422	转型中的地方政府 数据 quantitative
填空：`2009年` | 研究（黄晓春、周黎安，2016）发现，2009年之后该城市的街道孵化…（2009年相关）	`2009年` | 研究（黄晓春、周黎安，2016）发现，2009年之后该城市的街道孵化<br>— 《转型中的地方政府》 · p432	转型中的地方政府 数据 quantitative
填空：`2006年` | 斯，2006年，第12—13页）。…（2006年相关）	`2006年` | 斯，2006年，第12—13页）。<br>— 《转型中的地方政府》 · p434	转型中的地方政府 数据 quantitative
填空：`2006年` | 阿玛蒂亚·森：《人类发展与健康》，《二十一世纪》2006年12月号…（2006年相关）	`2006年` | 阿玛蒂亚·森：《人类发展与健康》，《二十一世纪》2006年12月号<br>— 《转型中的地方政府》 · p442	转型中的地方政府 数据 quantitative
填空：`2004年` | 安树伟：《行政区边缘经济论》，中国经济出版社2004年版。…（2004年相关）	`2004年` | 安树伟：《行政区边缘经济论》，中国经济出版社2004年版。<br>— 《转型中的地方政府》 · p442	转型中的地方政府 数据 quantitative
填空：`2004年` | 和变动趋势》，《经济研究》2004年第4期。…（2004年相关）	`2004年` | 和变动趋势》，《经济研究》2004年第4期。<br>— 《转型中的地方政府》 · p442	转型中的地方政府 数据 quantitative
填空：`2014年` | 白重恩、张琼：《中国经济减速的生产率解释》，《比较》2014年第4…（2014年相关）	`2014年` | 白重恩、张琼：《中国经济减速的生产率解释》，《比较》2014年第4<br>— 《转型中的地方政府》 · p442	转型中的地方政府 数据 quantitative
填空：`1993年` | 1991、1993年版。…（1993年相关）	`1993年` | 1991、1993年版。<br>— 《转型中的地方政府》 · p443	转型中的地方政府 数据 quantitative
填空：`1989年` | 布坎南：《自由、市场与国家》，中译本，上海三联书店1989年版。…（1989年相关）	`1989年` | 布坎南：《自由、市场与国家》，中译本，上海三联书店1989年版。<br>— 《转型中的地方政府》 · p443	转型中的地方政府 数据 quantitative
填空：`2008年` | 明清时期徽商与晋商的比较研究》，《管理世界》2008年第3期。…（2008年相关）	`2008年` | 明清时期徽商与晋商的比较研究》，《管理世界》2008年第3期。<br>— 《转型中的地方政府》 · p443	转型中的地方政府 数据 quantitative
填空：`1998年` | 曹锦清：《黄河边的中国》，上海文艺出版社1998年版。…（1998年相关）	`1998年` | 曹锦清：《黄河边的中国》，上海文艺出版社1998年版。<br>— 《转型中的地方政府》 · p443	转型中的地方政府 数据 quantitative
填空：`2014年` | 比较》，《社会》2014年第6期。…（2014年相关）	`2014年` | 比较》，《社会》2014年第6期。<br>— 《转型中的地方政府》 · p443	转型中的地方政府 数据 quantitative
填空：`2011年` | 究》2011年第1期。…（2011年相关）	`2011年` | 究》2011年第1期。<br>— 《转型中的地方政府》 · p443	转型中的地方政府 数据 quantitative
填空：`2013年` | 建设项目实行中央审批制的原因》，《社会学研究》2013年第1期。…（2013年相关）	`2013年` | 建设项目实行中央审批制的原因》，《社会学研究》2013年第1期。<br>— 《转型中的地方政府》 · p443	转型中的地方政府 数据 quantitative
填空：`2002年` | 陈东琪、银温泉：《打破地方市场分割》，中国计划出版社2002年…（2002年相关）	`2002年` | 陈东琪、银温泉：《打破地方市场分割》，中国计划出版社2002年<br>— 《转型中的地方政府》 · p443	转型中的地方政府 数据 quantitative
填空：`2003年` | 陈凤楼：《中国共产党干部工作史纲》，党建读物出版社2003年版。…（2003年相关）	`2003年` | 陈凤楼：《中国共产党干部工作史纲》，党建读物出版社2003年版。<br>— 《转型中的地方政府》 · p443	转型中的地方政府 数据 quantitative
填空：`2005年` | 有化》，华中科技大学出版社2005年版。…（2005年相关）	`2005年` | 有化》，华中科技大学出版社2005年版。<br>— 《转型中的地方政府》 · p443	转型中的地方政府 数据 quantitative
填空：`2008年` | 2008年第34期。…（2008年相关）	`2008年` | 2008年第34期。<br>— 《转型中的地方政府》 · p443	转型中的地方政府 数据 quantitative
填空：`1942年` | ［美］杜赞奇：《文化、权力和国家：1900—1942年的华北农村》，…（1942年相关）	`1942年` | ［美］杜赞奇：《文化、权力和国家：1900—1942年的华北农村》，<br>— 《转型中的地方政府》 · p444	转型中的地方政府 数据 quantitative
填空：`1995年` | 中译本，江苏人民出版社1995年版。…（1995年相关）	`1995年` | 中译本，江苏人民出版社1995年版。<br>— 《转型中的地方政府》 · p444	转型中的地方政府 数据 quantitative
填空：`1994年` | 邓小平：《邓小平文选》，人民出版社1994年版。…（1994年相关）	`1994年` | 邓小平：《邓小平文选》，人民出版社1994年版。<br>— 《转型中的地方政府》 · p444	转型中的地方政府 数据 quantitative
填空：`1994年` | 《邓小平文选》第2卷，人民出版社1994年版。…（1994年相关）	`1994年` | 《邓小平文选》第2卷，人民出版社1994年版。<br>— 《转型中的地方政府》 · p444	转型中的地方政府 数据 quantitative
填空：`2008年` | 1978～2008年中国省级官员的经验证据》，《金融研究》2012年第2…（2008年相关）	`2008年` | 1978～2008年中国省级官员的经验证据》，《金融研究》2012年第2<br>— 《转型中的地方政府》 · p444	转型中的地方政府 数据 quantitative
填空：`2001年` | 中国友谊出版公司2001年版。…（2001年相关）	`2001年` | 中国友谊出版公司2001年版。<br>— 《转型中的地方政府》 · p444	转型中的地方政府 数据 quantitative
填空：`2014年` | 包制理论》，《社会》2014年第6期。…（2014年相关）	`2014年` | 包制理论》，《社会》2014年第6期。<br>— 《转型中的地方政府》 · p444	转型中的地方政府 数据 quantitative
填空：`2008年` | 冯友兰：《三松堂自序》，人民出版社2008年版。…（2008年相关）	`2008年` | 冯友兰：《三松堂自序》，人民出版社2008年版。<br>— 《转型中的地方政府》 · p444	转型中的地方政府 数据 quantitative
填空：`2007年` | 价》，《管理世界》2007年第3期。…（2007年相关）	`2007年` | 价》，《管理世界》2007年第3期。<br>— 《转型中的地方政府》 · p444	转型中的地方政府 数据 quantitative
填空：`2014年` | 经济文汇》2014年第4期。…（2014年相关）	`2014年` | 经济文汇》2014年第4期。<br>— 《转型中的地方政府》 · p444	转型中的地方政府 数据 quantitative
填空：`1993年` | 郭荣星：《中国省级边界地区经济发展研究》，海洋出版社1993年…（1993年相关）	`1993年` | 郭荣星：《中国省级边界地区经济发展研究》，海洋出版社1993年<br>— 《转型中的地方政府》 · p444	转型中的地方政府 数据 quantitative
填空：`2004年` | 何增科等：《中国政治体制改革研究》，中央编译出版社2004年版。…（2004年相关）	`2004年` | 何增科等：《中国政治体制改革研究》，中央编译出版社2004年版。<br>— 《转型中的地方政府》 · p444	转型中的地方政府 数据 quantitative
填空：`2010年` | 的调查》，《市县领导参阅》2010年第3期。…（2010年相关）	`2010年` | 的调查》，《市县领导参阅》2010年第3期。<br>— 《转型中的地方政府》 · p444	转型中的地方政府 数据 quantitative
填空：`2003年` | ［美］ 黄佩华：《中国地方财政问题研究》，中国检察出版社2003年…（2003年相关）	`2003年` | ［美］ 黄佩华：《中国地方财政问题研究》，中国检察出版社2003年<br>— 《转型中的地方政府》 · p445	转型中的地方政府 数据 quantitative
填空：`2001年` | 新知三联书店2001年版。…（2001年相关）	`2001年` | 新知三联书店2001年版。<br>— 《转型中的地方政府》 · p445	转型中的地方政府 数据 quantitative
填空：`2016年` | 京大学出版社2016年版。…（2016年相关）	`2016年` | 京大学出版社2016年版。<br>— 《转型中的地方政府》 · p445	转型中的地方政府 数据 quantitative
填空：`2016年` | 2016年工作论文。…（2016年相关）	`2016年` | 2016年工作论文。<br>— 《转型中的地方政府》 · p445	转型中的地方政府 数据 quantitative
填空：`2014年` | ——来自中国地市商业银行的经验证据》，《金融研究》2014年第1…（2014年相关）	`2014年` | ——来自中国地市商业银行的经验证据》，《金融研究》2014年第1<br>— 《转型中的地方政府》 · p445	转型中的地方政府 数据 quantitative
填空：`2005年` | 界》2005年第8期。…（2005年相关）	`2005年` | 界》2005年第8期。<br>— 《转型中的地方政府》 · p445	转型中的地方政府 数据 quantitative
填空：`2003年` | 瞿同祖：《清代地方政府》，法律出版社2003年版。…（2003年相关）	`2003年` | 瞿同祖：《清代地方政府》，法律出版社2003年版。<br>— 《转型中的地方政府》 · p445	转型中的地方政府 数据 quantitative
填空：`2006年` | 中国经济周期研究报告，社会科学文献出版社2006年版。…（2006年相关）	`2006年` | 中国经济周期研究报告，社会科学文献出版社2006年版。<br>— 《转型中的地方政府》 · p445	转型中的地方政府 数据 quantitative
填空：`2004年` | 李德水：《关于GDP的几点思考》，《经济研究》2004年第4期。…（2004年相关）	`2004年` | 李德水：《关于GDP的几点思考》，《经济研究》2004年第4期。<br>— 《转型中的地方政府》 · p445	转型中的地方政府 数据 quantitative
填空：`2012年` | 处”机制为例》，《经济社会体制比较》2012年第1期。…（2012年相关）	`2012年` | 处”机制为例》，《经济社会体制比较》2012年第1期。<br>— 《转型中的地方政府》 · p445	转型中的地方政府 数据 quantitative
填空：`2010年` | 究》2010年第12期。…（2010年相关）	`2010年` | 究》2010年第12期。<br>— 《转型中的地方政府》 · p445	转型中的地方政府 数据 quantitative
填空：`1996年` | 会科学季刊》（香港）1996年第16期。…（1996年相关）	`1996年` | 会科学季刊》（香港）1996年第16期。<br>— 《转型中的地方政府》 · p446	转型中的地方政府 数据 quantitative
填空：`2004年` | 分析》，《经济研究》2004年第11期。…（2004年相关）	`2004年` | 分析》，《经济研究》2004年第11期。<br>— 《转型中的地方政府》 · p446	转型中的地方政府 数据 quantitative
填空：`1998年` | 林尚立：《国内政府间关系》，浙江人民出版社1998年版。…（1998年相关）	`1998年` | 林尚立：《国内政府间关系》，浙江人民出版社1998年版。<br>— 《转型中的地方政府》 · p446	转型中的地方政府 数据 quantitative
填空：`1999年` | 版），上海三联书店、上海人民出版社1999年版。…（1999年相关）	`1999年` | 版），上海三联书店、上海人民出版社1999年版。<br>— 《转型中的地方政府》 · p446	转型中的地方政府 数据 quantitative
填空：`2003年` | 国乡村研究》2003年第1期。…（2003年相关）	`2003年` | 国乡村研究》2003年第1期。<br>— 《转型中的地方政府》 · p446	转型中的地方政府 数据 quantitative
填空：`1994年` | 《二十一世纪》1994年第12期。…（1994年相关）	`1994年` | 《二十一世纪》1994年第12期。<br>— 《转型中的地方政府》 · p446	转型中的地方政府 数据 quantitative
填空：`2000年` | 天津人民出版社2000年版。…（2000年相关）	`2000年` | 天津人民出版社2000年版。<br>— 《转型中的地方政府》 · p446	转型中的地方政府 数据 quantitative
填空：`1999年` | 《杭州师范学院学报》1999年第1期。…（1999年相关）	`1999年` | 《杭州师范学院学报》1999年第1期。<br>— 《转型中的地方政府》 · p446	转型中的地方政府 数据 quantitative
填空：`2007年` | 学框架》，《南开经济研究》2007年第5期。…（2007年相关）	`2007年` | 学框架》，《南开经济研究》2007年第5期。<br>— 《转型中的地方政府》 · p446	转型中的地方政府 数据 quantitative
填空：`2005年` | 地区的个案》，《中国土地科学》2005年第10期。…（2005年相关）	`2005年` | 地区的个案》，《中国土地科学》2005年第10期。<br>— 《转型中的地方政府》 · p446	转型中的地方政府 数据 quantitative
填空：`2004年` | 2004年第11期。…（2004年相关）	`2004年` | 2004年第11期。<br>— 《转型中的地方政府》 · p446	转型中的地方政府 数据 quantitative
填空：`2003年` | 法改革思路》，《法学研究》2003年第1期。…（2003年相关）	`2003年` | 法改革思路》，《法学研究》2003年第1期。<br>— 《转型中的地方政府》 · p446	转型中的地方政府 数据 quantitative
填空：`2006年` | 济报道》2006年8月7日。…（2006年相关）	`2006年` | 济报道》2006年8月7日。<br>— 《转型中的地方政府》 · p447	转型中的地方政府 数据 quantitative
填空：`2014年` | 陆立军、杨志文、郑小碧：《义务试点》，人民出版社2014年版。…（2014年相关）	`2014年` | 陆立军、杨志文、郑小碧：《义务试点》，人民出版社2014年版。<br>— 《转型中的地方政府》 · p447	转型中的地方政府 数据 quantitative
填空：`2010年` | 师范大学出版社2010年版。…（2010年相关）	`2010年` | 师范大学出版社2010年版。<br>— 《转型中的地方政府》 · p447	转型中的地方政府 数据 quantitative
填空：`2014年` | 波动》，《经济研究》2014年第3期。…（2014年相关）	`2014年` | 波动》，《经济研究》2014年第3期。<br>— 《转型中的地方政府》 · p447	转型中的地方政府 数据 quantitative
填空：`2013年` | 学出版社2013年版。…（2013年相关）	`2013年` | 学出版社2013年版。<br>— 《转型中的地方政府》 · p447	转型中的地方政府 数据 quantitative
填空：`2015年` | 院学报》2015年第9期。…（2015年相关）	`2015年` | 院学报》2015年第9期。<br>— 《转型中的地方政府》 · p447	转型中的地方政府 数据 quantitative
填空：`2012年` | 济科学》2012年第2期。…（2012年相关）	`2012年` | 济科学》2012年第2期。<br>— 《转型中的地方政府》 · p447	转型中的地方政府 数据 quantitative
填空：`2011年` | 贷款行为》，《经济研究》 2011年第12期。…（2011年相关）	`2011年` | 贷款行为》，《经济研究》 2011年第12期。<br>— 《转型中的地方政府》 · p447	转型中的地方政府 数据 quantitative
填空：`2013年` | 府的证据》，《财经研究》2013年第4期b。…（2013年相关）	`2013年` | 府的证据》，《财经研究》2013年第4期b。<br>— 《转型中的地方政府》 · p448	转型中的地方政府 数据 quantitative
填空：`2013年` | 2013年第1期a。…（2013年相关）	`2013年` | 2013年第1期a。<br>— 《转型中的地方政府》 · p448	转型中的地方政府 数据 quantitative
填空：`2014年` | 员动态锦标赛的一项实证研究》，《经济学报》2014年第4期。…（2014年相关）	`2014年` | 员动态锦标赛的一项实证研究》，《经济学报》2014年第4期。<br>— 《转型中的地方政府》 · p448	转型中的地方政府 数据 quantitative
填空：`2002年` | 秦晖：《实践自由》，浙江人民出版社2002年版。…（2002年相关）	`2002年` | 秦晖：《实践自由》，浙江人民出版社2002年版。<br>— 《转型中的地方政府》 · p448	转型中的地方政府 数据 quantitative
填空：`2010年` | 能的研究》，社会科学文献出版社2010年版。…（2010年相关）	`2010年` | 能的研究》，社会科学文献出版社2010年版。<br>— 《转型中的地方政府》 · p448	转型中的地方政府 数据 quantitative
填空：`2006年` | 曲绍宏、白丽健：《中国近现代财政简史》，南开大学出版社2006年…（2006年相关）	`2006年` | 曲绍宏、白丽健：《中国近现代财政简史》，南开大学出版社2006年<br>— 《转型中的地方政府》 · p448	转型中的地方政府 数据 quantitative
填空：`2012年` | 2012年第 5期。…（2012年相关）	`2012年` | 2012年第 5期。<br>— 《转型中的地方政府》 · p448	转型中的地方政府 数据 quantitative
填空：`1998年` | 政治体制改革》，中央编译出版社1998年版。…（1998年相关）	`1998年` | 政治体制改革》，中央编译出版社1998年版。<br>— 《转型中的地方政府》 · p448	转型中的地方政府 数据 quantitative
填空：`1990年` | 《经济研究》1990年第3期。…（1990年相关）	`1990年` | 《经济研究》1990年第3期。<br>— 《转型中的地方政府》 · p448	转型中的地方政府 数据 quantitative
填空：`2004年` | 式研究》（修订版），浙江大学出版社2004年版。…（2004年相关）	`2004年` | 式研究》（修订版），浙江大学出版社2004年版。<br>— 《转型中的地方政府》 · p448	转型中的地方政府 数据 quantitative
填空：`2014年` | 大学学报》2014年第1期。…（2014年相关）	`2014年` | 大学学报》2014年第1期。<br>— 《转型中的地方政府》 · p448	转型中的地方政府 数据 quantitative
填空：`2007年` | 济研究》2007年第1期。…（2007年相关）	`2007年` | 济研究》2007年第1期。<br>— 《转型中的地方政府》 · p449	转型中的地方政府 数据 quantitative
填空：`2003年` | 范大学出版社2003年版。…（2003年相关）	`2003年` | 范大学出版社2003年版。<br>— 《转型中的地方政府》 · p449	转型中的地方政府 数据 quantitative
填空：`1997年` | 宋新中：《当代中国财政史》，中国财政经济出版社1997年版。…（1997年相关）	`1997年` | 宋新中：《当代中国财政史》，中国财政经济出版社1997年版。<br>— 《转型中的地方政府》 · p449	转型中的地方政府 数据 quantitative
填空：`2009年` | 孙明春：《中国投资热潮尚未见顶》，《全球经济监测周报》2009年…（2009年相关）	`2009年` | 孙明春：《中国投资热潮尚未见顶》，《全球经济监测周报》2009年<br>— 《转型中的地方政府》 · p449	转型中的地方政府 数据 quantitative
填空：`2012年` | 境》，《社会》2012年第2期。…（2012年相关）	`2012年` | 境》，《社会》2012年第2期。<br>— 《转型中的地方政府》 · p449	转型中的地方政府 数据 quantitative
填空：`1998年` | 汪海波：《中华人民共和国工业经济史》，山西经济出版社1998年…（1998年相关）	`1998年` | 汪海波：《中华人民共和国工业经济史》，山西经济出版社1998年<br>— 《转型中的地方政府》 · p449	转型中的地方政府 数据 quantitative
填空：`2007年` | 江企业的实证研究》，《管理世界》2007年第4期。…（2007年相关）	`2007年` | 江企业的实证研究》，《管理世界》2007年第4期。<br>— 《转型中的地方政府》 · p449	转型中的地方政府 数据 quantitative
填空：`2009年` | 《社会学研究》2009年第2期。…（2009年相关）	`2009年` | 《社会学研究》2009年第2期。<br>— 《转型中的地方政府》 · p449	转型中的地方政府 数据 quantitative
填空：`1997年` | 通》，《中国社会科学季刊》1997年冬季号。…（1997年相关）	`1997年` | 通》，《中国社会科学季刊》1997年冬季号。<br>— 《转型中的地方政府》 · p449	转型中的地方政府 数据 quantitative
填空：`1993年` | 王绍光、胡鞍钢：《中国国家能力报告》，辽宁人民出版社1993年…（1993年相关）	`1993年` | 王绍光、胡鞍钢：《中国国家能力报告》，辽宁人民出版社1993年<br>— 《转型中的地方政府》 · p449	转型中的地方政府 数据 quantitative
填空：`1999年` | 中国计划出版社1999年版。…（1999年相关）	`1999年` | 中国计划出版社1999年版。<br>— 《转型中的地方政府》 · p449	转型中的地方政府 数据 quantitative
填空：`2013年` | 地方官员的视角》，《经济社会体制比较》2013年第6期。…（2013年相关）	`2013年` | 地方官员的视角》，《经济社会体制比较》2013年第6期。<br>— 《转型中的地方政府》 · p449	转型中的地方政府 数据 quantitative
填空：`2008年` | 中国省长省委书记的证据》，《管理世界》2008年第3期。…（2008年相关）	`2008年` | 中国省长省委书记的证据》，《管理世界》2008年第3期。<br>— 《转型中的地方政府》 · p450	转型中的地方政府 数据 quantitative
填空：`2010年` | 官员的证据》，《中国工业经济》2010年第12期。…（2010年相关）	`2010年` | 官员的证据》，《中国工业经济》2010年第12期。<br>— 《转型中的地方政府》 · p450	转型中的地方政府 数据 quantitative
填空：`2011年` | 升》，《经济社会体制比较》 2011年第1期。…（2011年相关）	`2011年` | 升》，《经济社会体制比较》 2011年第1期。<br>— 《转型中的地方政府》 · p450	转型中的地方政府 数据 quantitative
填空：`2007年` | 式改革的得失》，《经济研究》2007年第1期。…（2007年相关）	`2007年` | 式改革的得失》，《经济研究》2007年第1期。<br>— 《转型中的地方政府》 · p450	转型中的地方政府 数据 quantitative
填空：`2008年` | 王云帆：《长三角大悬念》，浙江人民出版社2008年版。…（2008年相关）	`2008年` | 王云帆：《长三角大悬念》，浙江人民出版社2008年版。<br>— 《转型中的地方政府》 · p450	转型中的地方政府 数据 quantitative
填空：`2015年` | 据》，2015年工作论文。…（2015年相关）	`2015年` | 据》，2015年工作论文。<br>— 《转型中的地方政府》 · p450	转型中的地方政府 数据 quantitative
填空：`1990年` | 革》，经济科学出版社1990年版。…（1990年相关）	`1990年` | 革》，经济科学出版社1990年版。<br>— 《转型中的地方政府》 · p450	转型中的地方政府 数据 quantitative
填空：`1990年` | 经济科学出版社1990年版。…（1990年相关）	`1990年` | 经济科学出版社1990年版。<br>— 《转型中的地方政府》 · p450	转型中的地方政府 数据 quantitative
填空：`2007年` | 吴晓波：《大败局II》，浙江人民出版社2007年版。…（2007年相关）	`2007年` | 吴晓波：《大败局II》，浙江人民出版社2007年版。<br>— 《转型中的地方政府》 · p450	转型中的地方政府 数据 quantitative
填空：`2008年` | 吴晓波：《激荡三十年：中国企业》，中信出版社2008年版。…（2008年相关）	`2008年` | 吴晓波：《激荡三十年：中国企业》，中信出版社2008年版。<br>— 《转型中的地方政府》 · p451	转型中的地方政府 数据 quantitative
填空：`1998年` | 谢庆奎等：《中国地方政府体制概论》，中国广播电视出版社1998年…（1998年相关）	`1998年` | 谢庆奎等：《中国地方政府体制概论》，中国广播电视出版社1998年<br>— 《转型中的地方政府》 · p451	转型中的地方政府 数据 quantitative
填空：`2004年` | 联书店2004年版。…（2004年相关）	`2004年` | 联书店2004年版。<br>— 《转型中的地方政府》 · p451	转型中的地方政府 数据 quantitative
填空：`2007年` | 记交流的证据》，《经济研究》2007年第8期。…（2007年相关）	`2007年` | 记交流的证据》，《经济研究》2007年第8期。<br>— 《转型中的地方政府》 · p451	转型中的地方政府 数据 quantitative
填空：`2003年` | 徐勇：《乡村治理与中国政治》，中国社会科学出版社2003年版。…（2003年相关）	`2003年` | 徐勇：《乡村治理与中国政治》，中国社会科学出版社2003年版。<br>— 《转型中的地方政府》 · p451	转型中的地方政府 数据 quantitative
填空：`2004年` | 理体制反思与改革》，西北大学出版社2004年版。…（2004年相关）	`2004年` | 理体制反思与改革》，西北大学出版社2004年版。<br>— 《转型中的地方政府》 · p451	转型中的地方政府 数据 quantitative
填空：`2003年` | 许善达等：《中国税权研究》，中国税务出版社2003年版。…（2003年相关）	`2003年` | 许善达等：《中国税权研究》，中国税务出版社2003年版。<br>— 《转型中的地方政府》 · p451	转型中的地方政府 数据 quantitative
填空：`2004年` | 东人民出版社2004年版。…（2004年相关）	`2004年` | 东人民出版社2004年版。<br>— 《转型中的地方政府》 · p451	转型中的地方政府 数据 quantitative
填空：`2008年` | 思考》，《经济研究》2008年第3期。…（2008年相关）	`2008年` | 思考》，《经济研究》2008年第3期。<br>— 《转型中的地方政府》 · p451	转型中的地方政府 数据 quantitative
填空：`2013年` | 的证据》，《管理世界》2013年第3期。…（2013年相关）	`2013年` | 的证据》，《管理世界》2013年第3期。<br>— 《转型中的地方政府》 · p451	转型中的地方政府 数据 quantitative
填空：`2001年` | 究》2001年第6期。…（2001年相关）	`2001年` | 究》2001年第6期。<br>— 《转型中的地方政府》 · p452	转型中的地方政府 数据 quantitative
填空：`2002年` | 华出版社2002年版。…（2002年相关）	`2002年` | 华出版社2002年版。<br>— 《转型中的地方政府》 · p452	转型中的地方政府 数据 quantitative
填空：`2007年` | 袁庭栋：《古代官职漫话》，山东画报出版社2007年版。…（2007年相关）	`2007年` | 袁庭栋：《古代官职漫话》，山东画报出版社2007年版。<br>— 《转型中的地方政府》 · p452	转型中的地方政府 数据 quantitative
填空：`2002年` | 市资本置换的考察分析》，《贵州大学学报》（社会科学版）2002年…（2002年相关）	`2002年` | 市资本置换的考察分析》，《贵州大学学报》（社会科学版）2002年<br>— 《转型中的地方政府》 · p452	转型中的地方政府 数据 quantitative
填空：`2014年` | 张静：《行政包干的组织基础》，《社会》2014年第6期。…（2014年相关）	`2014年` | 张静：《行政包干的组织基础》，《社会》2014年第6期。<br>— 《转型中的地方政府》 · p452	转型中的地方政府 数据 quantitative
填空：`2007年` | 自省级经验的证据》，《经济研究》2007年第11期。…（2007年相关）	`2007年` | 自省级经验的证据》，《经济研究》2007年第11期。<br>— 《转型中的地方政府》 · p452	转型中的地方政府 数据 quantitative
填空：`2008年` | 版社、上海人民出版社2008年版。…（2008年相关）	`2008年` | 版社、上海人民出版社2008年版。<br>— 《转型中的地方政府》 · p452	转型中的地方政府 数据 quantitative
填空：`2001年` | 张可云：《区域大战与区域经济联系》，民主与建设出版社2001年…（2001年相关）	`2001年` | 张可云：《区域大战与区域经济联系》，民主与建设出版社2001年<br>— 《转型中的地方政府》 · p452	转型中的地方政府 数据 quantitative
填空：`2011年` | 张立承：《省以下财政体制研究》，经济科学出版社2011年版。…（2011年相关）	`2011年` | 张立承：《省以下财政体制研究》，经济科学出版社2011年版。<br>— 《转型中的地方政府》 · p452	转型中的地方政府 数据 quantitative
填空：`1996年` | 张维迎：《博弈论和信息经济学》，上海人民出版社1996年版。…（1996年相关）	`1996年` | 张维迎：《博弈论和信息经济学》，上海人民出版社1996年版。<br>— 《转型中的地方政府》 · p452	转型中的地方政府 数据 quantitative
填空：`1999年` | 张维迎、马捷：《恶性竞争的产权基础》，《经济研究》1999年第6…（1999年相关）	`1999年` | 张维迎、马捷：《恶性竞争的产权基础》，《经济研究》1999年第6<br>— 《转型中的地方政府》 · p453	转型中的地方政府 数据 quantitative
填空：`2009年` | 张五常：《中国的经济制度》，中信出版社2009年版。…（2009年相关）	`2009年` | 张五常：《中国的经济制度》，中信出版社2009年版。<br>— 《转型中的地方政府》 · p453	转型中的地方政府 数据 quantitative
填空：`2001年` | 张毅、张颂颂：《中国乡镇企业简史》，中国农业出版社2001年版。…（2001年相关）	`2001年` | 张毅、张颂颂：《中国乡镇企业简史》，中国农业出版社2001年版。<br>— 《转型中的地方政府》 · p453	转型中的地方政府 数据 quantitative
填空：`1991年` | 海社会科学出版社1991年版。…（1991年相关）	`1991年` | 海社会科学出版社1991年版。<br>— 《转型中的地方政府》 · p453	转型中的地方政府 数据 quantitative
填空：`2010年` | 赵树凯：《乡镇治理与政府制度化》，商务印书馆，2010年出版。…（2010年相关）	`2010年` | 赵树凯：《乡镇治理与政府制度化》，商务印书馆，2010年出版。<br>— 《转型中的地方政府》 · p453	转型中的地方政府 数据 quantitative
填空：`1998年` | 赵秀玲：《中国乡里制度》，社会科学文献出版社1998年版。…（1998年相关）	`1998年` | 赵秀玲：《中国乡里制度》，社会科学文献出版社1998年版。<br>— 《转型中的地方政府》 · p453	转型中的地方政府 数据 quantitative
填空：`2014年` | 赵燕青：《土地财政: 历史、逻辑与抉择》，《城镇化》2014年第1…（2014年相关）	`2014年` | 赵燕青：《土地财政: 历史、逻辑与抉择》，《城镇化》2014年第1<br>— 《转型中的地方政府》 · p453	转型中的地方政府 数据 quantitative
填空：`2011年` | 进村”案例的社会学分析》，《中国社会科学》2011年第4期。…（2011年相关）	`2011年` | 进村”案例的社会学分析》，《中国社会科学》2011年第4期。<br>— 《转型中的地方政府》 · p453	转型中的地方政府 数据 quantitative
填空：`2003年` | 中译本，中国人民大学出版社2003年版。…（2003年相关）	`2003年` | 中译本，中国人民大学出版社2003年版。<br>— 《转型中的地方政府》 · p453	转型中的地方政府 数据 quantitative
填空：`2012年` | 色城市建设投融资模式研究》，《经济研究》2012年第8期。…（2012年相关）	`2012年` | 色城市建设投融资模式研究》，《经济研究》2012年第8期。<br>— 《转型中的地方政府》 · p453	转型中的地方政府 数据 quantitative
填空：`2000年` | 郑学檬：《中国赋役制度史》，上海人民出版社2000年版。…（2000年相关）	`2000年` | 郑学檬：《中国赋役制度史》，上海人民出版社2000年版。<br>— 《转型中的地方政府》 · p453	转型中的地方政府 数据 quantitative
填空：`2012年` | 形象工程——基于N省A公司的案例研究》，《管理世界》2012年第10…（2012年相关）	`2012年` | 形象工程——基于N省A公司的案例研究》，《管理世界》2012年第10<br>— 《转型中的地方政府》 · p453	转型中的地方政府 数据 quantitative
填空：`2005年` | 中共党史出版社2005年版。…（2005年相关）	`2005年` | 中共党史出版社2005年版。<br>— 《转型中的地方政府》 · p454	转型中的地方政府 数据 quantitative
填空：`2004年` | 中国方正出版社2004年版。…（2004年相关）	`2004年` | 中国方正出版社2004年版。<br>— 《转型中的地方政府》 · p454	转型中的地方政府 数据 quantitative
填空：`2012年` | 会》2012年第1期。…（2012年相关）	`2012年` | 会》2012年第1期。<br>— 《转型中的地方政府》 · p454	转型中的地方政府 数据 quantitative
填空：`2006年` | 周飞舟：《分税制十年：制度及其影响》，《中国社会科学》2006年…（2006年相关）	`2006年` | 周飞舟：《分税制十年：制度及其影响》，《中国社会科学》2006年<br>— 《转型中的地方政府》 · p454	转型中的地方政府 数据 quantitative
填空：`2009年` | 周飞舟：《锦标赛体制》，《社会学研究》2009年第3期。…（2009年相关）	`2009年` | 周飞舟：《锦标赛体制》，《社会学研究》2009年第3期。<br>— 《转型中的地方政府》 · p454	转型中的地方政府 数据 quantitative
填空：`2004年` | 义和重复建设长期存在的原因》，《经济研究》2004年第6期。…（2004年相关）	`2004年` | 义和重复建设长期存在的原因》，《经济研究》2004年第6期。<br>— 《转型中的地方政府》 · p454	转型中的地方政府 数据 quantitative
填空：`2016年` | 现象》，《社会》2016年第1期。…（2016年相关）	`2016年` | 现象》，《社会》2016年第1期。<br>— 《转型中的地方政府》 · p454	转型中的地方政府 数据 quantitative
填空：`2014年` | 周黎安： 《行政发包制》，《社会》2014年第6期a。…（2014年相关）	`2014年` | 周黎安： 《行政发包制》，《社会》2014年第6期a。<br>— 《转型中的地方政府》 · p454	转型中的地方政府 数据 quantitative
填空：`2008年` | 海人民出版社2008年版。…（2008年相关）	`2008年` | 海人民出版社2008年版。<br>— 《转型中的地方政府》 · p454	转型中的地方政府 数据 quantitative
填空：`1996年` | 学学报》（哲学社会科学版）1996年第3期。…（1996年相关）	`1996年` | 学学报》（哲学社会科学版）1996年第3期。<br>— 《转型中的地方政府》 · p454	转型中的地方政府 数据 quantitative
填空：`2005年` | 一项经验研究》，《经济学报》2005年第1期第1辑。…（2005年相关）	`2005年` | 一项经验研究》，《经济学报》2005年第1期第1辑。<br>— 《转型中的地方政府》 · p454	转型中的地方政府 数据 quantitative
填空：`2015年` | 文汇》2015年第1期a。…（2015年相关）	`2015年` | 文汇》2015年第1期a。<br>— 《转型中的地方政府》 · p455	转型中的地方政府 数据 quantitative
填空：`2011年` | 发展为例》，2011年《金融研究》第3期。…（2011年相关）	`2011年` | 发展为例》，2011年《金融研究》第3期。<br>— 《转型中的地方政府》 · p455	转型中的地方政府 数据 quantitative
填空：`2012年` | 会科学出版社2012年版。…（2012年相关）	`2012年` | 会科学出版社2012年版。<br>— 《转型中的地方政府》 · p455	转型中的地方政府 数据 quantitative
填空：`2015年` | 释》，《金融研究》2015年第10期b。…（2015年相关）	`2015年` | 释》，《金融研究》2015年第10期b。<br>— 《转型中的地方政府》 · p455	转型中的地方政府 数据 quantitative
填空：`2004年` | 人民出版社2004年版。…（2004年相关）	`2004年` | 人民出版社2004年版。<br>— 《转型中的地方政府》 · p455	转型中的地方政府 数据 quantitative
填空：`2008年` | 兵团出版社2008年版。…（2008年相关）	`2008年` | 兵团出版社2008年版。<br>— 《转型中的地方政府》 · p455	转型中的地方政府 数据 quantitative
填空：`2013年` | 史线索》，2013年工作论文。…（2013年相关）	`2013年` | 史线索》，2013年工作论文。<br>— 《转型中的地方政府》 · p455	转型中的地方政府 数据 quantitative
填空：`2008年` | 辑》，《社会学研究》2008年第6期。…（2008年相关）	`2008年` | 辑》，《社会学研究》2008年第6期。<br>— 《转型中的地方政府》 · p455	转型中的地方政府 数据 quantitative
填空：`2005年` | 会科学》2005年第2期。…（2005年相关）	`2005年` | 会科学》2005年第2期。<br>— 《转型中的地方政府》 · p455	转型中的地方政府 数据 quantitative
填空：`2011年` | 《开放时代》2011年第10期。…（2011年相关）	`2011年` | 《开放时代》2011年第10期。<br>— 《转型中的地方政府》 · p455	转型中的地方政府 数据 quantitative
填空：`2012年` | 《开放时代》2012年第9期。…（2012年相关）	`2012年` | 《开放时代》2012年第9期。<br>— 《转型中的地方政府》 · p456	转型中的地方政府 数据 quantitative
填空：`2012年` | 《社会学研究》2012年第 5 期。…（2012年相关）	`2012年` | 《社会学研究》2012年第 5 期。<br>— 《转型中的地方政府》 · p456	转型中的地方政府 数据 quantitative
填空：`2002年` | 朱光磊：《当代中国政府过程》，天津人民出版社2002年版。…（2002年相关）	`2002年` | 朱光磊：《当代中国政府过程》，天津人民出版社2002年版。<br>— 《转型中的地方政府》 · p456	转型中的地方政府 数据 quantitative
填空：`2005年` | 社会科学版）2005年第1期。…（2005年相关）	`2005年` | 社会科学版）2005年第1期。<br>— 《转型中的地方政府》 · p456	转型中的地方政府 数据 quantitative
填空：`4.83倍` | 到4.83倍，然后维持一个稳步上升的趋势。…（倍数关系）	`4.83倍` | 到4.83倍，然后维持一个稳步上升的趋势。<br>— 《转型中的地方政府》 · p169	转型中的地方政府 数据 quantitative
填空：`13倍` | 规模是中央的大约13倍之多。…（倍数关系）	`13倍` | 规模是中央的大约13倍之多。<br>— 《转型中的地方政府》 · p169	转型中的地方政府 数据 quantitative
填空：`30倍` | 2014年固安县财政收入跃升40亿，增长30倍，经济指标从廊坊…（2014年数据）	`30倍` | 2014年固安县财政收入跃升40亿，增长30倍，经济指标从廊坊<br>— 《转型中的地方政府》 · p330	转型中的地方政府 数据 quantitative
填空：`10倍` | [2] 具体细节参见《居民养老金省际差距最高达10倍》，《经济参…（倍数关系）	`10倍` | [2] 具体细节参见《居民养老金省际差距最高达10倍》，《经济参<br>— 《转型中的地方政府》 · p413	转型中的地方政府 数据 quantitative
填空：这个目标实现之时，中国经济总量将达到近17万亿…（关键数值）	这个目标实现之时，中国经济总量将达到近17万亿<br>— 《习近平谈治国理政·第二卷》 · p34	习近平谈治国理政第二 数据 经济/GDP（63条）
填空：出了“两个一百年”奋斗目标，就是到2020年实现国内生产总值和城…（2020年相关）	出了“两个一百年”奋斗目标，就是到2020年实现国内生产总值和城<br>— 《习近平谈治国理政·第二卷》 · p38	习近平谈治国理政第二 数据 经济/GDP（63条）
填空：乡居民人均收入比2010年翻一番，全面建成小康社会…（2010年相关）	乡居民人均收入比2010年翻一番，全面建成小康社会<br>— 《习近平谈治国理政·第二卷》 · p38	习近平谈治国理政第二 数据 经济/GDP（63条）
填空：要保持在6.5%以上，全国城乡居民人均可支配收入年均增长5.8%…（关键百分比数据）	要保持在6.5%以上，全国城乡居民人均可支配收入年均增长5.8%<br>— 《习近平谈治国理政·第二卷》 · p76	习近平谈治国理政第二 数据 经济/GDP（63条）
填空：2020年实现国内生产总值和城乡居民人均收入比2010年翻一番…（2020年相关）	2020年实现国内生产总值和城乡居民人均收入比2010年翻一番<br>— 《习近平谈治国理政·第二卷》 · p77	习近平谈治国理政第二 数据 经济/GDP（63条）
填空：世界总额的比重达到10%左右，就会出现拐点，增速要降下来…（关键百分比数据）	世界总额的比重达到10%左右，就会出现拐点，增速要降下来<br>— 《习近平谈治国理政·第二卷》 · p238	习近平谈治国理政第二 数据 经济/GDP（63条）
填空：以来，中国经济增长对世界经济增长的贡献率年均在30%以上…（关键百分比数据）	以来，中国经济增长对世界经济增长的贡献率年均在30%以上<br>— 《习近平谈治国理政·第二卷》 · p449	习近平谈治国理政第二 数据 经济/GDP（63条）
填空：费和服务业成为经济增长的主要动力，2016年前三季度第三产业增…（2016年相关）	费和服务业成为经济增长的主要动力，2016年前三季度第三产业增<br>— 《习近平谈治国理政·第二卷》 · p450	习近平谈治国理政第二 数据 经济/GDP（63条）
填空：加值占国内生产总值的比重为52.8%，国内消费对经济增长的贡献…（关键百分比数据）	加值占国内生产总值的比重为52.8%，国内消费对经济增长的贡献<br>— 《习近平谈治国理政·第二卷》 · p450	习近平谈治国理政第二 数据 经济/GDP（63条）
填空：并争取尽早实现，2030年单位国内生产总值二氧化碳排放比2005…（2030年相关）	并争取尽早实现，2030年单位国内生产总值二氧化碳排放比2005<br>— 《习近平谈治国理政·第二卷》 · p490	习近平谈治国理政第二 数据 经济/GDP（63条）
填空：数百年前，即使中国强盛到国内生产总值占世界30%的时候，…（关键百分比数据）	数百年前，即使中国强盛到国内生产总值占世界30%的时候，<br>— 《习近平谈治国理政·第二卷》 · p505	习近平谈治国理政第二 数据 经济/GDP（63条）
填空：爆发以来，中国经济增长对世界经济增长的贡献率年均在30%以…（关键百分比数据）	爆发以来，中国经济增长对世界经济增长的贡献率年均在30%以<br>— 《习近平谈治国理政·第二卷》 · p506	习近平谈治国理政第二 数据 经济/GDP（63条）
回忆：国内生产总值30,73,81,243,248,249,389,485,530,545…（来源：《习近平谈治国理政·第二卷》）	国内生产总值30,73,81,243,248,249,389,485,530,545<br>— 《习近平谈治国理政·第二卷》 · p518	习近平谈治国理政第二 数据 经济/GDP（63条）
填空：7.6% ，较之以往8% 以上的增速确实有所放缓…（关键百分比数据）	7.6% ，较之以往8% 以上的增速确实有所放缓<br>— 《习近平谈治国理政·第一卷》 · p406	习近平谈治国理政第一 数据 经济/GDP（63条）
填空：2010 年翻一番的目标，只要7% 的增速就够了…（关键百分比数据）	2010 年翻一番的目标，只要7% 的增速就够了<br>— 《习近平谈治国理政·第一卷》 · p407	习近平谈治国理政第一 数据 经济/GDP（63条）
填空：海洋经济总产值占全省GDP 的比重上升到8%…（关键百分比数据）	海洋经济总产值占全省GDP 的比重上升到8%<br>— 《习近平谈治国理政·第一卷》 · p501	习近平谈治国理政第一 数据 经济/GDP（63条）
填空：政专项扶贫资金年均增长22.7%，省级财政专项扶贫资金年均增长26.9%…（关键百分比数据）	政专项扶贫资金年均增长22.7%，省级财政专项扶贫资金年均增长26.9%<br>— 《习近平谈治国理政·第三卷》 · p155	习近平谈治国理政第三 数据 经济/GDP（63条）
填空：内生产总值由3679 亿元增长到2017 年的82.7 万亿元，年均实际增长9.5%，远高于同期世…（关键百分比数据）	内生产总值由3679 亿元增长到2017 年的82.7 万亿元，年均实际增长9.5%，远高于同期世<br>— 《习近平谈治国理政·第三卷》 · p192	习近平谈治国理政第三 数据 经济/GDP（63条）
填空：1.8%上升到15.2%，多年来对世界经济增长贡献率超过30%…（关键百分比数据）	1.8%上升到15.2%，多年来对世界经济增长贡献率超过30%<br>— 《习近平谈治国理政·第三卷》 · p192	习近平谈治国理政第三 数据 经济/GDP（63条）
填空：国内生产总值年均增长约9.5%…（关键百分比数据）	国内生产总值年均增长约9.5%<br>— 《习近平谈治国理政·第三卷》 · p199	习近平谈治国理政第三 数据 经济/GDP（63条）
填空：以美元计算，中国对外贸易额年均增长14.5%…（关键百分比数据）	以美元计算，中国对外贸易额年均增长14.5%<br>— 《习近平谈治国理政·第三卷》 · p199	习近平谈治国理政第三 数据 经济/GDP（63条）
填空：融危机作出重大贡献，连续多年对世界经济增长贡献率超过30%，成为世界经济增长的主…（关键百分比数据）	融危机作出重大贡献，连续多年对世界经济增长贡献率超过30%，成为世界经济增长的主<br>— 《习近平谈治国理政·第三卷》 · p200	习近平谈治国理政第三 数据 经济/GDP（63条）
填空：前三季度，中国国内生产总值增长6.7%，…（关键百分比数据）	前三季度，中国国内生产总值增长6.7%，<br>— 《习近平谈治国理政·第三卷》 · p211	习近平谈治国理政第三 数据 经济/GDP（63条）
填空：其中第三季度增长6.5%，符合预期目标…（关键百分比数据）	其中第三季度增长6.5%，符合预期目标<br>— 《习近平谈治国理政·第三卷》 · p211	习近平谈治国理政第三 数据 经济/GDP（63条）
填空：经济实力再上新台阶，经济年均增长7.1%，成为世…（关键百分比数据）	经济实力再上新台阶，经济年均增长7.1%，成为世<br>— 《习近平谈治国理政·第三卷》 · p223	习近平谈治国理政第三 数据 经济/GDP（63条）
填空：的税收，60%以上的国内生产总值，70%以上的技术创新成果，80%以上的城镇劳动就业，…（关键百分比数据）	的税收，60%以上的国内生产总值，70%以上的技术创新成果，80%以上的城镇劳动就业，<br>— 《习近平谈治国理政·第三卷》 · p251	习近平谈治国理政第三 数据 经济/GDP（63条）
填空：国家对世界经济增长的贡献率已经达到80%…（关键百分比数据）	国家对世界经济增长的贡献率已经达到80%<br>— 《习近平谈治国理政·第三卷》 · p361	习近平谈治国理政第三 数据 经济/GDP（63条）
填空：2020年我国现行标准下农村贫困人口实现脱贫，贫困县全部摘帽，…（2020年相关）	2020年我国现行标准下农村贫困人口实现脱贫，贫困县全部摘帽，<br>— 《习近平谈治国理政·第二卷》 · p88	习近平谈治国理政第二 数据 脱贫（84条）
填空：使7亿多农村贫困人口成功脱贫，为全面建成小康社会打下了坚实…（关键数值）	使7亿多农村贫困人口成功脱贫，为全面建成小康社会打下了坚实<br>— 《习近平谈治国理政·第二卷》 · p88	习近平谈治国理政第二 数据 脱贫（84条）
填空：目标是，到2020年稳定实现农村贫困人口不愁吃、不愁穿，农村…（2020年相关）	目标是，到2020年稳定实现农村贫困人口不愁吃、不愁穿，农村<br>— 《习近平谈治国理政·第二卷》 · p89	习近平谈治国理政第二 数据 脱贫（84条）
填空：党中央对2020年脱贫攻坚的目标…（2020年相关）	党中央对2020年脱贫攻坚的目标<br>— 《习近平谈治国理政·第二卷》 · p92	习近平谈治国理政第二 数据 脱贫（84条）
填空：已有明确规定，即到2020年，稳定实现农村贫困人口不愁吃、不…（2020年相关）	已有明确规定，即到2020年，稳定实现农村贫困人口不愁吃、不<br>— 《习近平谈治国理政·第二卷》 · p92	习近平谈治国理政第二 数据 脱贫（84条）
填空：使到了2020年，深度贫困地区也不可能达到发达地区的发展水…（2020年相关）	使到了2020年，深度贫困地区也不可能达到发达地区的发展水<br>— 《习近平谈治国理政·第二卷》 · p92	习近平谈治国理政第二 数据 脱贫（84条）
填空：确保到2020年省内深度贫困地区完成脱贫任务…（2020年相关）	确保到2020年省内深度贫困地区完成脱贫任务<br>— 《习近平谈治国理政·第二卷》 · p98	习近平谈治国理政第二 数据 脱贫（84条）
填空：中国坚持共同富裕的目标，大力推进减贫事业，让7亿多人口…（关键数值）	中国坚持共同富裕的目标，大力推进减贫事业，让7亿多人口<br>— 《习近平谈治国理政·第二卷》 · p448	习近平谈治国理政第二 数据 脱贫（84条）
填空：发展议程，推动11亿人口脱贫，19亿人口获得安全饮用水，35亿…（关键数值）	发展议程，推动11亿人口脱贫，19亿人口获得安全饮用水，35亿<br>— 《习近平谈治国理政·第二卷》 · p503	习近平谈治国理政第二 数据 脱贫（84条）
填空：7亿多人口摆脱贫困，这是对世界人权事业的重大贡献…（关键数值）	7亿多人口摆脱贫困，这是对世界人权事业的重大贡献<br>— 《习近平谈治国理政·第二卷》 · p506	习近平谈治国理政第二 数据 脱贫（84条）
回忆：减贫84,89,459,483,484…（来源：《习近平谈治国理政·第二卷》）	减贫84,89,459,483,484<br>— 《习近平谈治国理政·第二卷》 · p521	习近平谈治国理政第二 数据 脱贫（84条）
回忆：精准脱贫63,80,83,84,85,87,366…（来源：《习近平谈治国理政·第二卷》）	精准脱贫63,80,83,84,85,87,366<br>— 《习近平谈治国理政·第二卷》 · p522	习近平谈治国理政第二 数据 脱贫（84条）
回忆：脱贫攻坚40,80,83,84,85,86,87,88,89,90,91,92,216,375…（来源：《习近平谈治国理政·第二卷》）	脱贫攻坚40,80,83,84,85,86,87,88,89,90,91,92,216,375<br>— 《习近平谈治国理政·第二卷》 · p534	习近平谈治国理政第二 数据 脱贫（84条）
填空：9899 万人减少到2017 年底的3046 万人…（关键百分比数据）	9899 万人减少到2017 年底的3046 万人，5 年累计减贫6853 万人，减贫幅度达到70%左右<br>— 《习近平谈治国理政·第三卷》 · p154	习近平谈治国理政第三 数据 脱贫（84条）
填空：目前，贫困人口超过200 万的有7 个省区，贫困发生率超过18%的贫困县有111 个、…（关键百分比数据）	目前，贫困人口超过200 万的有7 个省区，贫困发生率超过18%的贫困县有111 个、<br>— 《习近平谈治国理政·第三卷》 · p157	习近平谈治国理政第三 数据 脱贫（84条）
填空：全国建档立卡贫困村居住着51%的贫困人口，普遍存在村两委班子能力不强，基础设施和…（关键百分比数据）	全国建档立卡贫困村居住着51%的贫困人口，普遍存在村两委班子能力不强，基础设施和<br>— 《习近平谈治国理政·第三卷》 · p157	习近平谈治国理政第三 数据 脱贫（84条）
填空：当前建档立卡贫困人口中，因病、因残致贫比例居高不下，分别超过40%和14%，缺…（关键百分比数据）	当前建档立卡贫困人口中，因病、因残致贫比例居高不下，分别超过40%和14%，缺<br>— 《习近平谈治国理政·第三卷》 · p157	习近平谈治国理政第三 数据 脱贫（84条）
填空：我们党要带领13亿多人民全面建成小康社会，必须适应、把…（关键数值）	我们党要带领13亿多人民全面建成小康社会，必须适应、把<br>— 《习近平谈治国理政·第二卷》 · p29	习近平谈治国理政第二 数据 小康/脱贫（22条）
填空：到2020年全面建成小康社会，实现第一个百年奋斗目标，是…（2020年相关）	到2020年全面建成小康社会，实现第一个百年奋斗目标，是<br>— 《习近平谈治国理政·第二卷》 · p69	习近平谈治国理政第二 数据 小康/脱贫（22条）
填空：2020年全面建成小康社会后，我们要激励全党全国各族…（2020年相关）	2020年全面建成小康社会后，我们要激励全党全国各族<br>— 《习近平谈治国理政·第二卷》 · p70	习近平谈治国理政第二 数据 小康/脱贫（22条）
填空：到2020年全面建成小康社会，是我们党向人民、向历史作出…（2020年相关）	到2020年全面建成小康社会，是我们党向人民、向历史作出<br>— 《习近平谈治国理政·第二卷》 · p75	习近平谈治国理政第二 数据 小康/脱贫（22条）
回忆：“两个一百年”3,25,26,30,37,49,54,57,99,193,304,306,335,3…（来源：《习近平谈治国理政·第二卷》）	“两个一百年”3,25,26,30,37,49,54,57,99,193,304,306,335,354,370,407,<br>— 《习近平谈治国理政·第二卷》 · p524	习近平谈治国理政第二 数据 目标（6条）
填空：党，作为一个在有着13亿多人口的大国长期执政的党，党的建设关…（关键数值）	党，作为一个在有着13亿多人口的大国长期执政的党，党的建设关<br>— 《习近平谈治国理政·第二卷》 · p50	习近平谈治国理政第二 数据 民生（66条）
填空：地区、中原地区、长江中游、成渝地区等各有1亿多人口，完全有…（关键数值）	地区、中原地区、长江中游、成渝地区等各有1亿多人口，完全有<br>— 《习近平谈治国理政·第二卷》 · p80	习近平谈治国理政第二 数据 民生（66条）
填空：我们有1800万左右的城镇低保人口，对他们而言，要通过完…（关键数值）	我们有1800万左右的城镇低保人口，对他们而言，要通过完<br>— 《习近平谈治国理政·第二卷》 · p84	习近平谈治国理政第二 数据 民生（66条）
填空：时，我国人口就超过6000万，垦地超过8亿亩…（关键数值）	时，我国人口就超过6000万，垦地超过8亿亩<br>— 《习近平谈治国理政·第二卷》 · p236	习近平谈治国理政第二 数据 民生（66条）
填空：超过80平方公里，人口超过100万，宫殿金碧辉煌，佛寺宝塔高…（关键数值）	超过80平方公里，人口超过100万，宫殿金碧辉煌，佛寺宝塔高<br>— 《习近平谈治国理政·第二卷》 · p236	习近平谈治国理政第二 数据 民生（66条）
填空：万，而我国拥有10万人口以上的城市近50座…（关键数值）	万，而我国拥有10万人口以上的城市近50座<br>— 《习近平谈治国理政·第二卷》 · p236	习近平谈治国理政第二 数据 民生（66条）
填空：* 这是习近平2015年4月28日至2016年12月31日期间讲话中有关就业、…（2015年相关）	* 这是习近平2015年4月28日至2016年12月31日期间讲话中有关就业、<br>— 《习近平谈治国理政·第二卷》 · p347	习近平谈治国理政第二 数据 民生（66条）
回忆：信息通信、人口健康等领域共建10个联合实验室…（来源：《习近平谈治国理政·第二卷》）	信息通信、人口健康等领域共建10个联合实验室<br>— 《习近平谈治国理政·第二卷》 · p428	习近平谈治国理政第二 数据 民生（66条）
填空：业，可以为埃及创造1万多个就业机会…（关键数值）	业，可以为埃及创造1万多个就业机会<br>— 《习近平谈治国理政·第二卷》 · p429	习近平谈治国理政第二 数据 民生（66条）
填空：全球最富有的1%人口拥有的财富量超过…（关键百分比数据）	全球最富有的1%人口拥有的财富量超过<br>— 《习近平谈治国理政·第二卷》 · p445	习近平谈治国理政第二 数据 民生（66条）
填空：其余99%人口财富的总和，收入分配不平等、发展空间不平衡令人…（关键百分比数据）	其余99%人口财富的总和，收入分配不平等、发展空间不平衡令人<br>— 《习近平谈治国理政·第二卷》 · p445	习近平谈治国理政第二 数据 民生（66条）
填空：全球仍然有7亿多人口生活在极端贫困之中…（关键数值）	全球仍然有7亿多人口生活在极端贫困之中<br>— 《习近平谈治国理政·第二卷》 · p445	习近平谈治国理政第二 数据 民生（66条）
填空：界上最大的发展中国家，中国有13亿多人口，人民生活水平还不…（关键数值）	界上最大的发展中国家，中国有13亿多人口，人民生活水平还不<br>— 《习近平谈治国理政·第二卷》 · p450	习近平谈治国理政第二 数据 民生（66条）
填空：近11亿美元税收和18万个就业岗位…（关键数值）	近11亿美元税收和18万个就业岗位<br>— 《习近平谈治国理政·第二卷》 · p473	习近平谈治国理政第二 数据 民生（66条）
填空：人口用上互联网等，还将在2030年实现零贫困…（2030年相关）	人口用上互联网等，还将在2030年实现零贫困<br>— 《习近平谈治国理政·第二卷》 · p503	习近平谈治国理政第二 数据 民生（66条）
填空：中国解决了13亿多人口的温饱问题，让…（关键数值）	中国解决了13亿多人口的温饱问题，让<br>— 《习近平谈治国理政·第二卷》 · p506	习近平谈治国理政第二 数据 民生（66条）
填空：今天的亚洲，拥有全世界67% 的人口和二分之一的经济…（关键百分比数据）	今天的亚洲，拥有全世界67% 的人口和二分之一的经济<br>— 《习近平谈治国理政·第一卷》 · p415	习近平谈治国理政第一 数据 民生（66条）
填空：该村紧邻三峡大坝，全村人口中移民占90%以上，是湖北省移民安稳致…（关键百分比数据）	该村紧邻三峡大坝，全村人口中移民占90%以上，是湖北省移民安稳致<br>— 《习近平谈治国理政·第三卷》 · p116	习近平谈治国理政第三 数据 民生（66条）
填空：常住人口城镇化率达到58.52%，上升40.6 个百分点…（关键百分比数据）	常住人口城镇化率达到58.52%，上升40.6 个百分点<br>— 《习近平谈治国理政·第三卷》 · p192	习近平谈治国理政第三 数据 民生（66条）
填空：总量占全国的比重从8.7%下降到6.2%，常住人口减少137 万，多数是年轻人和科技人才…（关键百分比数据）	总量占全国的比重从8.7%下降到6.2%，常住人口减少137 万，多数是年轻人和科技人才<br>— 《习近平谈治国理政·第三卷》 · p256	习近平谈治国理政第三 数据 民生（66条）
填空：年底总人口4.2 亿，占全国30.3%…（关键百分比数据）	年底总人口4.2 亿，占全国30.3%<br>— 《习近平谈治国理政·第三卷》 · p328	习近平谈治国理政第三 数据 民生（66条）
填空：黄河水资源总量不到长江的7%，人均占有量仅为全国平均…（关键百分比数据）	黄河水资源总量不到长江的7%，人均占有量仅为全国平均<br>— 《习近平谈治国理政·第三卷》 · p330	习近平谈治国理政第三 数据 民生（66条）
回忆：创新驱动发展战略146,201,235,267,413,486…（来源：《习近平谈治国理政·第二卷》）	创新驱动发展战略146,201,235,267,413,486<br>— 《习近平谈治国理政·第二卷》 · p512	习近平谈治国理政第二 数据 科技（2条）
回忆：改革强军55,406,407,411,417…（来源：《习近平谈治国理政·第二卷》）	改革强军55,406,407,411,417<br>— 《习近平谈治国理政·第二卷》 · p516	习近平谈治国理政第二 数据 军事（7条）
回忆：国防和军队现代化56,61,417,418…（来源：《习近平谈治国理政·第二卷》）	国防和军队现代化56,61,417,418<br>— 《习近平谈治国理政·第二卷》 · p518	习近平谈治国理政第二 数据 军事（7条）
填空：2014年至2016年，中国同“一带一路”沿线国家贸易总额超过3万…（2014年数据）	2014年至2016年，中国同“一带一路”沿线国家贸易总额超过3万<br>— 《习近平谈治国理政·第二卷》 · p473	习近平谈治国理政第二 数据 外交（57条）
填空：中国对“一带一路”沿线国家投资累计超过500亿美元…（关键数值）	中国对“一带一路”沿线国家投资累计超过500亿美元<br>— 《习近平谈治国理政·第二卷》 · p473	习近平谈治国理政第二 数据 外交（57条）
回忆：多边贸易体制100,199,471,492,513,542…（来源：《习近平谈治国理政·第二卷》）	多边贸易体制100,199,471,492,513,542<br>— 《习近平谈治国理政·第二卷》 · p514	习近平谈治国理政第二 数据 外交（57条）
回忆：多边主义481,492,523,547…（来源：《习近平谈治国理政·第二卷》）	多边主义481,492,523,547<br>— 《习近平谈治国理政·第二卷》 · p514	习近平谈治国理政第二 数据 外交（57条）
回忆：全球治理41,42,72,212,213,244,272,444,448,449,450,457,4…（来源：《习近平谈治国理政·第二卷》）	全球治理41,42,72,212,213,244,272,444,448,449,450,457,461,467,479,<br>— 《习近平谈治国理政·第二卷》 · p528	习近平谈治国理政第二 数据 外交（57条）
回忆：“一带一路”42,76,101,175,199,206,236,258,262,275,281,34…（来源：《习近平谈治国理政·第二卷》）	“一带一路”42,76,101,175,199,206,236,258,262,275,281,343,373,431,<br>— 《习近平谈治国理政·第二卷》 · p537	习近平谈治国理政第二 数据 外交（57条）
回忆：“一带一路”国际合作高峰论坛487,516…（来源：《习近平谈治国理政·第二卷》）	“一带一路”国际合作高峰论坛487,516<br>— 《习近平谈治国理政·第二卷》 · p537	习近平谈治国理政第二 数据 外交（57条）
填空：均按原租额减去百分之二十五。利息，一般减到不超过社会借贷关系所许可的程度为限…（１９９１年相关）	均按原租额减去百分之二十五。利息，一般减到不超过社会借贷关系所许可的程度为限。税收，除取消一切苛捐杂税外，还按收入多少规定纳税额，以减轻广大劳动人民的负担。——第１６３页。２０１ 见毛泽东《中国共产党在民族战争中的地位》（《毛泽东选集》第２卷，人民出版社１９９１年版，第５２３页）。——第１６９页。２０２ 中国共产党陕甘宁边区第二次代表大会于一九三九年十一月十三日至十二月十七日在陕西安塞县举行。会上，毛泽东作了政治报告，陈云、李维汉等讲了话。这次代表大会，对于进一步建设陕甘宁边区，支援抗日战争，起了很重要的作用。——第<br>— 《陈云文选·第一卷》 · p432	陈云文选第一卷 数据 财政数据
