关于「国家治理制度逻辑」：运行过程中应对这一矛盾的治理机制；第三，还有一些现象则是这些…？	运行过程中应对这一矛盾的治理机制；第三，还有一些现象则是这些<br>— 周雪光 · 《中国国家治理的制度逻辑》 · p21	周雪光 中国国家治理的制度逻 国家治理制度逻辑 命题
关于「国家治理制度逻辑」：我提出“激励强度与组织目标替代”这一悖论来描述分析这类现象。…？	我提出“激励强度与组织目标替代”这一悖论来描述分析这类现象。<br>— 周雪光 · 《中国国家治理的制度逻辑》 · p221	周雪光 中国国家治理的制度逻 国家治理制度逻辑 命题
关于「国家治理制度逻辑」：1981）提出了一个重要的激励机制，即根据相对表现评定，在相互…？	1981）提出了一个重要的激励机制，即根据相对表现评定，在相互<br>— 周雪光 · 《中国国家治理的制度逻辑》 · p247	周雪光 中国国家治理的制度逻 国家治理制度逻辑 命题
关于「国家治理制度逻辑」：在这一章，我的分析着眼点是这样一类现象：自20 世纪90 年…？	在这一章，我的分析着眼点是这样一类现象：自20 世纪90 年<br>— 周雪光 · 《中国国家治理的制度逻辑》 · p280	周雪光 中国国家治理的制度逻 国家治理制度逻辑 命题
关于「国家治理制度逻辑」：除注明出处外，本章中所举具体事例和所引用语言均来自作者在2004 年田野研究中…？	除注明出处外，本章中所举具体事例和所引用语言均来自作者在2004 年田野研究中<br>— 周雪光 · 《中国国家治理的制度逻辑》 · p284	周雪光 中国国家治理的制度逻 国家治理制度逻辑 命题
关于「国家治理制度逻辑」：里的基本思路是：（1）现行的干部晋升制度使政府官员去关注任期…？	里的基本思路是：（1）现行的干部晋升制度使政府官员去关注任期<br>— 周雪光 · 《中国国家治理的制度逻辑》 · p291	周雪光 中国国家治理的制度逻 国家治理制度逻辑 命题
关于「国家治理制度逻辑」：改革开放时期的技术治理取向（渠敬东、周飞舟、应星2009）等，…？	改革开放时期的技术治理取向（渠敬东、周飞舟、应星2009）等，<br>— 周雪光 · 《中国国家治理的制度逻辑》 · p170	周雪光 中国国家治理的制度逻 国家治理制度逻辑 命题
关于「国家治理制度逻辑」：退耕还林”项目，这给村庄的家庭提供了每年共30 万元的额外收…？	退耕还林”项目，这给村庄的家庭提供了每年共30 万元的额外收<br>— 周雪光 · 《中国国家治理的制度逻辑》 · p321	周雪光 中国国家治理的制度逻 国家治理制度逻辑 命题
关于「国家治理制度逻辑」：在一个村庄选举前一天出现了匿名大字报，指控现村主任贪污、玩弄女人…？	在一个村庄选举前一天出现了匿名大字报，指控现村主任贪污、玩弄女人<br>— 周雪光 · 《中国国家治理的制度逻辑》 · p372	周雪光 中国国家治理的制度逻 国家治理制度逻辑 命题
关于「官员激励与治理」：8.5 政商环境的地区差异：理论假说及其证据当行政发包制遇上政治锦标赛9.1 纵…？	8.5 政商环境的地区差异：理论假说及其证据当行政发包制遇上政治锦标赛9.1 纵向发包和横向竞争9.2 “集权—分权”悖论及其解释9.3 政府层级间的“责任状”和“数目字管理”<br>— 周黎安 · 《转型中的地方政府》 · p7	周黎安 转型中的地方政府 官员激励与治理 命题
关于「官员激励与治理」：除了原来的基本观点、分析架构大体不变之外…？	除了原来的基本观点、分析架构大体不变之外，书的绝大多数章节都有较大幅度的修改和补充。自从2008年第一版问世以来，围绕着中国官员激励和政府治理这条主线我自己做了许多后续的研究，国内外学术界也涌现了一系列新的研究成果，在<br>— 周黎安 · 《转型中的地方政府》 · p14	周黎安 转型中的地方政府 官员激励与治理 命题
关于「官员激励与治理」：我认为，过去30年“官场+市场”的双层竞争模式驱动了中国经济的高速增长…？	我认为，过去30年“官场+市场”的双层竞争模式驱动了中国经济的高速增长，塑造了中国独具特色的政经结构、市场经济和政商关系。基于这个视角，我区分了制度化的政企关系（比如地方政府与国有企业之间）与极具人格化的官商关系（如地<br>— 周黎安 · 《转型中的地方政府》 · p15	周黎安 转型中的地方政府 官员激励与治理 命题
关于「官员激励与治理」：论文成为本书的一个重要基础。在本书完稿之前曾有机会向香港中文大学的车嘉华讨教…？	论文成为本书的一个重要基础。在本书完稿之前曾有机会向香港中文大学的车嘉华讨教，受益匪浅。实际上在过去十年间我们围绕着本书的主题就曾有过数次深入交流，令我收获很大。<br>— 周黎安 · 《转型中的地方政府》 · p18	周黎安 转型中的地方政府 官员激励与治理 命题
关于「官员激励与治理」：问题的关键在于，中国提供这些激励的制度安排具备很多“本土”特色…？	问题的关键在于，中国提供这些激励的制度安排具备很多“本土”特色，与西方世界的标准范式大相径庭。为了解释中国的经济增长，我们必须寻找那些具有中国特色的支持经济增长的制度安排。我们把观察的视角投向了中国的政府治理，尤其<br>— 周黎安 · 《转型中的地方政府》 · p30	周黎安 转型中的地方政府 官员激励与治理 命题
关于「官员激励与治理」：谓是中国城市土地管理制度最重要的变革…？	谓是中国城市土地管理制度最重要的变革。然而，深圳特区最早借鉴香港的土地批租制度，向部分土地征收使用费，这一做法在当时具有<br>— 周黎安 · 《转型中的地方政府》 · p31	周黎安 转型中的地方政府 官员激励与治理 命题
关于「官员激励与治理」：如果我们认为地方政府和官员在中国经济增长中扮演了极其重要的角色…？	如果我们认为地方政府和官员在中国经济增长中扮演了极其重要的角色，那么这一系列经济社会问题又是如何与我国官员激励和政府治理的模式联系在一起的呢？本书试图系统地回答上述这些问题，侧重从地方官员的激励和政府治理的视角，揭示中国高速经济增长所依赖的政经条件和制度基础，提<br>— 周黎安 · 《转型中的地方政府》 · p33	周黎安 转型中的地方政府 官员激励与治理 命题
关于「官员激励与治理」：国政治分成“三层”，即中央政府、地方政府和民众…？	国政治分成“三层”，即中央政府、地方政府和民众，以区别于时下流行的“国家—市民社会”的“两分法”。[8] 这三层之间可以相互制约，建立良性互动的关系，比如中央联合民众制约地方政府，而地方政府也变成制约中央过度集权的重要力量。<br>— 周黎安 · 《转型中的地方政府》 · p37	周黎安 转型中的地方政府 官员激励与治理 命题
关于「官员激励与治理」：这是一个重要的思想转变，从强调政府替代市场到强调政府官员激励和政府治理的意如前所…？	这是一个重要的思想转变，从强调政府替代市场到强调政府官员激励和政府治理的意如前所述，Easterly（2005）反思了半个世纪以来发展中国家的经济增长过程，认为强调“把价格搞对”只是一个方面，关键是“把激励搞对”，如何赋予广大的参与人合适的激励，而其中政府的激励<br>— 周黎安 · 《转型中的地方政府》 · p42	周黎安 转型中的地方政府 官员激励与治理 命题
关于「官员激励与治理」：关键在于如何打破制度束缚，为市场松绑助力…？	关键在于如何打破制度束缚，为市场松绑助力，推动市场化进程和区域经济发展。市场本身无法为自己松绑，这一切还需要依靠政府主导去完成。在中国，最吊诡的事实是，市场化本身如果离<br>— 周黎安 · 《转型中的地方政府》 · p43	周黎安 转型中的地方政府 官员激励与治理 命题
关于「官员激励与治理」：但是我们之间也存在诸多的不同，以下三点最为重要…？	但是我们之间也存在诸多的不同，以下三点最为重要。首先，财政联邦主义理论假设地方政府的目标函数是最大化可支配的财政收入，突出地方政府作为经济代理人的特征。我们则认为，财政收入固然重要，居于政府体系之中的官员更应该是政治代理人，因而<br>— 周黎安 · 《转型中的地方政府》 · p44	周黎安 转型中的地方政府 官员激励与治理 命题
关于「官员激励与治理」：间的上下级关系，这是区别于西方国家的一个最重要的制度特征…？	间的上下级关系，这是区别于西方国家的一个最重要的制度特征。美国，联邦与州政府之间不存在权力统属关系，而是由宪法保证的平等的契约关系；即使在单一制的英国，地方政府不享有联邦制下的地方自治地位，但中央和地方政府的关系并不等同于权威组织内的上下<br>— 周黎安 · 《转型中的地方政府》 · p45	周黎安 转型中的地方政府 官员激励与治理 命题
关于「官员激励与治理」：书采取的最重要的分析视角。本书所借助的两个基本分析概念——行政发包制和政治锦标赛…？	书采取的最重要的分析视角。本书所借助的两个基本分析概念——行政发包制和政治锦标赛都是基于这个视角提出的。强调地方官员的微观激励承袭了经济学一以贯之的个体主义（individualism）方法论传统，即任何集体行为（如政府的决策和行<br>— 周黎安 · 《转型中的地方政府》 · p45	周黎安 转型中的地方政府 官员激励与治理 命题
关于「官员激励与治理」：政府的文献最重要的区别。我们试图理解地方政府的各种行为…？	政府的文献最重要的区别。我们试图理解地方政府的各种行为，如地区竞争、经营城市、地方保护主义、政府间关系、土地财政等等，但是我们把分析的触角伸向地方政府背后的地方官员，分析他们在相关制度环境下的激励和行为，比如财政分成体制下地方政府的财政激励<br>— 周黎安 · 《转型中的地方政府》 · p45	周黎安 转型中的地方政府 官员激励与治理 命题
关于「官员激励与治理」：方政府行为的一个重要动力，但作为处于行政金字塔之中的政府官员…？	方政府行为的一个重要动力，但作为处于行政金字塔之中的政府官员，除了关心地方的财政收入之外，自然也关心其在“官场”升迁的机遇，而这种激励在现实中可能是更为重要的动机。中国政府治理的一个重要特点就是将地方官员的晋升与地方经济发展的绩效联系起<br>— 周黎安 · 《转型中的地方政府》 · p46	周黎安 转型中的地方政府 官员激励与治理 命题
关于「官员激励与治理」：一个重要特点就是将地方官员的晋升与地方经济发展的绩效联系起来…？	一个重要特点就是将地方官员的晋升与地方经济发展的绩效联系起来，让地方官员为了政治晋升而在经济上相互竞争，形成了政治锦标赛模式（周黎安，2004，2007）。Li和Zhou（2005）、周黎安等（2005）运用中国改革以来的省级水平的数据系统地验证了地方官员<br>— 周黎安 · 《转型中的地方政府》 · p46	周黎安 转型中的地方政府 官员激励与治理 命题
关于「官员激励与治理」：需要强调的是，我们整个研究实际上是围绕着一系列重大理论和政策问题展开的…？	需要强调的是，我们整个研究实际上是围绕着一系列重大理论和政策问题展开的，希望读者能够带着这些问题去阅读本书。我们要回答的第一组相关的问题是，当中国政府体制以政治集权为特征，那为什么地方政府还能在中国高速经济增长中发挥极为重要的促<br>— 周黎安 · 《转型中的地方政府》 · p47	周黎安 转型中的地方政府 官员激励与治理 命题
关于「官员激励与治理」：政发包制区别于韦伯意义上的官僚制（科层制）…？	政发包制区别于韦伯意义上的官僚制（科层制）。行政发包制作为一种治理制度可以追溯到中国的古代，尤其是明清和民国时期。成立以后，高度集权的计划经济体制虽然在许多方面修正了古代的属地化行政发包制，但仍然承袭和发展了传统的因素。<br>— 周黎安 · 《转型中的地方政府》 · p49	周黎安 转型中的地方政府 官员激励与治理 命题
关于「官员激励与治理」：我们还对中国干部人事制度中的一个重要现象——干部异地交流制度的成因和效果进行了理…？	我们还对中国干部人事制度中的一个重要现象——干部异地交流制度的成因和效果进行了理论分析，指出它与政治锦标赛之间的内在联系。最后一节我们提出中国政经互动的独特模式，即“官场+市场”模式，它由GDP挂帅的政治锦标赛直接引申而来，地方<br>— 周黎安 · 《转型中的地方政府》 · p51	周黎安 转型中的地方政府 官员激励与治理 命题
关于「官员激励与治理」：最后一节我们提出中国政经互动的独特模式…？	最后一节我们提出中国政经互动的独特模式，即“官场+市场”模式，它由GDP挂帅的政治锦标赛直接引申而来，地方官员之间的官场竞争与辖区企业之间的市场竞争高度结合，相互影响，塑造了中国特色的政府与市场关系，奠定了中国经济增长独有的第6章至第8章是“官场+市场”模式所带来一系列政经互动现象与问题<br>— 周黎安 · 《转型中的地方政府》 · p51	周黎安 转型中的地方政府 官员激励与治理 命题
关于「官员激励与治理」：制改革之后地方政府最重要的财政手段之一…？	制改革之后地方政府最重要的财政手段之一，我们分析了土地财政与城市化、工业化与区域经济竞争之间的内在关联。地方政府从过去以“经营企业”为主逐渐过渡为“经营城市”为主，而这一切的背后都是地方政府在不同的改革发展阶段牢牢抓住经济发展主导权的动机。<br>— 周黎安 · 《转型中的地方政府》 · p51	周黎安 转型中的地方政府 官员激励与治理 命题
关于「官员激励与治理」：然后我们提出一个统一的分析框架对这些区域经济互动现象进行了系统的解释…？	然后我们提出一个统一的分析框架对这些区域经济互动现象进行了系统的解释，认为地方官员之间对于“双赢”合作动机不足主要源于晋升博弈的零和博弈性质和晋升竞争的官员之间利益补偿的困难。最后我们同样在晋升博弈的框架下讨<br>— 周黎安 · 《转型中的地方政府》 · p52	周黎安 转型中的地方政府 官员激励与治理 命题
关于「官员激励与治理」：之间寻求一个合适的权衡将是未来地方政府治理转型的一个重要研究附录部分提供了本书研…？	之间寻求一个合适的权衡将是未来地方政府治理转型的一个重要研究附录部分提供了本书研究地方官员激励和政府治理的一些理论背景，主要介绍了经济学有关激励和治理的一些最基础的理论以及这些理论在政府组织中的运用。有了这些知识准备，读者将会更好地理解我们<br>— 周黎安 · 《转型中的地方政府》 · p53	周黎安 转型中的地方政府 官员激励与治理 命题
关于「官员激励与治理」：我们认为，中国政府间关系呈现出的一系列特征…？	我们认为，中国政府间关系呈现出的一系列特征，主要体现为多层级权力关系下以属地管理为基础的行政逐级发包制，或者说是政府内部的发包制，简称为“行政发包制”。行政发包制作为一种理想类型，既区别于韦伯意义上的官僚科层制，也区别于纯粹<br>— 周黎安 · 《转型中的地方政府》 · p56	周黎安 转型中的地方政府 官员激励与治理 命题
关于「官员激励与治理」：为一种理想类型，既区别于韦伯意义上的官僚科层制…？	为一种理想类型，既区别于韦伯意义上的官僚科层制，也区别于纯粹的外包制（即政府通过契约方式向非政府组织（如企业）发包政府事务），属于一种居于两者之间的混合形态。[1] 行政发包制并非新中国所独创，它的基本原型至少可以追溯到明清时期的政府间关系，甚至<br>— 周黎安 · 《转型中的地方政府》 · p56	周黎安 转型中的地方政府 官员激励与治理 命题
关于「官员激励与治理」：邦主义”理论假说，与中国的现实存有较大的差距…？	邦主义”理论假说，与中国的现实存有较大的差距，主要体现在两个方面：第一，在中国，中央政府拥有无上的权威以及任意干预权，这与强调基于制度分权的联邦制的安排难以兼容；第二，联邦制对统一国内市场的要求（如美国的联邦制）以及联邦法律高于州法律的要求<br>— 周黎安 · 《转型中的地方政府》 · p59	周黎安 转型中的地方政府 官员激励与治理 命题
关于「官员激励与治理」：不清晰之处，比如它如何区别于其他有关组织的理想类型（如科层制、外包制、M型结构、…？	不清晰之处，比如它如何区别于其他有关组织的理想类型（如科层制、外包制、M型结构、联邦制等），尤为关键的问题是行政发包的程度由何种因素决定也不清楚，分析概念上的模糊限制了该理论进一步发展的空间。<br>— 周黎安 · 《转型中的地方政府》 · p59	周黎安 转型中的地方政府 官员激励与治理 命题
关于「官员激励与治理」：看到，“行政发包制”既区别于韦伯意义上的科层制…？	看到，“行政发包制”既区别于韦伯意义上的科层制，又区别于纯粹的外包制，与文献里用来描述多层级公司或政治组织的M型结构、联邦制也风格迥异。已有文献所涉及的关于中国政府间关系的不同特征，如“蜂窝式结构”、“M型结构”、“压力型体制”、基层政府的政治<br>— 周黎安 · 《转型中的地方政府》 · p60	周黎安 转型中的地方政府 官员激励与治理 命题
关于「官员激励与治理」：粹外包制两者的一些重要特征，但又区别于两者…？	粹外包制两者的一些重要特征，但又区别于两者；它同时包含了决策权、预算薪酬和问责方式三个维度的特征，这些特征还是一个内在一致、相互支持的有机体。目前文献中关于中国政府治理特征的描述，<br>— 周黎安 · 《转型中的地方政府》 · p63	周黎安 转型中的地方政府 官员激励与治理 命题
关于「官员激励与治理」：这区别于正常情况下市场外包关系，双方处于自由平等的第二…？	这区别于正常情况下市场外包关系，双方处于自由平等的第二，承包人具备晋升到上一级发包人的可能性，即具有“仕途前景”，如果存在多个相似的承包人，则承包人处于“官场竞晋升序列是决定行政内包与外包边界的核心维度，虽然不是唯一维度（周黎安，2016）。<br>— 周黎安 · 《转型中的地方政府》 · p64	周黎安 转型中的地方政府 官员激励与治理 命题
关于「官员激励与治理」：行政发包制不同于西欧中世纪的封建庄园制…？	行政发包制不同于西欧中世纪的封建庄园制，后者不存在大领主与小领主之间的行政隶属和统摄关系，而是平等的契约关系和合作关系。在庄园制下，君主和分封的诸侯或庄园主属于一种非常松散的“市场交换”关系，君主分<br>— 周黎安 · 《转型中的地方政府》 · p65	周黎安 转型中的地方政府 官员激励与治理 命题
关于「官员激励与治理」：理模式也非一成不变，但是，我们认为…？	理模式也非一成不变，但是，我们认为，行政发包制适合于中国政府间关系和政府治理一些长期稳定和显而易见的重要特征。政府体制的特征，人们经常认为中国是现代文官制度和科层制的发源地，在历史上最早引入基于考试招聘政府官员的科举制，在西方国家还处于中世纪封建制度之时，中国早已是朝廷统一任免地方各级官<br>— 周黎安 · 《转型中的地方政府》 · p66	周黎安 转型中的地方政府 官员激励与治理 命题
关于「官员激励与治理」：属地化管理模式最重要的特征是：第一…？	属地化管理模式最重要的特征是：第一，平民百姓的日常事务（如户口登记、纳税、诉讼、灾荒救济）只和所在地的地方政府或行政组织发生联系，并由它直接管辖，与其他层级或区域的政府发生联系也一定要通过管辖政府这个中介。这个特征的一个直接后果就是信息的属<br>— 周黎安 · 《转型中的地方政府》 · p67	周黎安 转型中的地方政府 官员激励与治理 命题
关于「官员激励与治理」：所不同于古代的封君者，就是古代的封君把采邑的收入全归自家享受…？	所不同于古代的封君者，就是古代的封君把采邑的收入全归自家享受，而县官则必须照定额向国库交银子。在这些地方，可以看出古代分封制的残余痕迹。县官确实像个百里侯。<br>— 周黎安 · 《转型中的地方政府》 · p69	周黎安 转型中的地方政府 官员激励与治理 命题
关于「官员激励与治理」：公共服务区别于私人服务的根本点在于…？	公共服务区别于私人服务的根本点在于，私人服务只和个人的偏好满足相关，而公共服务具有一定的政治属性，如公众是否可以参与公共服务的集体决策，是否依法行政，是否体现公平和公正的原则，公众有抱怨是否可以起诉和投诉，官员是否面临公众问责等等，都是与公共服务相伴随的质量特征。<br>— 周黎安 · 《转型中的地方政府》 · p86	周黎安 转型中的地方政府 官员激励与治理 命题
关于「官员激励与治理」：公共服务还有一个区别于私人服务的重要维度…？	公共服务还有一个区别于私人服务的重要维度，那就是公共服务带来的潜在的统治风险。统治风险主要包括国家分裂、社会暴动和革命对统治权带来的直接威胁（我称之为直接的统治风险），以及社会经济方面的失序和波动带来的不稳定，如金融和债务危机、大规模失业和<br>— 周黎安 · 《转型中的地方政府》 · p87	周黎安 转型中的地方政府 官员激励与治理 命题
关于「官员激励与治理」：另一方面，给定下级政府的官员目标和利益不同于中央政府…？	另一方面，给定下级政府的官员目标和利益不同于中央政府，下级官员的行为不易监督，权力下放就意味着权力有被滥用的危险，甚至被架空，而且权力下放越是到基层，监督就越困难，权力被滥用的威胁也就越大。所以从监督和控制的角度，统治者应该尽<br>— 周黎安 · 《转型中的地方政府》 · p89	周黎安 转型中的地方政府 官员激励与治理 命题
关于「官员激励与治理」：两个最重要的约束：信息约束和财政约束…？	两个最重要的约束：信息约束和财政约束。第一个约束来自信息不对称所带来的中央政府监督地方政府行为的困难。地方政府作为代理人知道自己是否严格执行了上级的指令，知道自己是否有偷懒、渎职、<br>— 周黎安 · 《转型中的地方政府》 · p89	周黎安 转型中的地方政府 官员激励与治理 命题
关于「官员激励与治理」：基于上面的分析，我们认为，属地化的行政发包制就是中国古代统治者在治理成本与收益间…？	基于上面的分析，我们认为，属地化的行政发包制就是中国古代统治者在治理成本与收益间进行精心权衡与选择的结果，是在信息和财政两个约束下进行理性选择的产物。具体说来，属地化的行政发包制可以实现下面几个方面的收益。<br>— 周黎安 · 《转型中的地方政府》 · p90	周黎安 转型中的地方政府 官员激励与治理 命题
关于「官员激励与治理」：我们认为这里有两层含义：第一，在行政发包制下的“层层分包”过程…？	我们认为这里有两层含义：第一，在行政发包制下的“层层分包”过程，也是一个“层层分利”的过程，保证了承包方的物质报酬、权力、社会地位等多方面利益；第二，发包方和承包方之间还有一种隐性的权力制衡关系。<br>— 周黎安 · 《转型中的地方政府》 · p92	周黎安 转型中的地方政府 官员激励与治理 命题
关于「官员激励与治理」：我认为，在确定中央和地方事权划分方面…？	我认为，在确定中央和地方事权划分方面，行政发包制更多是根据公共服务所导致的统治风险的溢出范围，而不是公共服务收益的溢出范围。[41] 只要公共服务本身所涉及的统治风险比较低，来自公众的问责压力低，就尽可能地按照属地发包原<br>— 周黎安 · 《转型中的地方政府》 · p94	周黎安 转型中的地方政府 官员激励与治理 命题
关于「官员激励与治理」：行政发包制作为一种治理类型也区别于经典的M型组织（Chandler…？	行政发包制作为一种治理类型也区别于经典的M型组织（Chandler，Williamson，1975，1985）。Qian和Xu（1993）曾经使用M型结构描述中国改革前的经济结构，以此与苏联的U型结构进行比较。为，与M型组织比，行政发包制对应着更为松散、弱化的总部控制、层<br>— 周黎安 · 《转型中的地方政府》 · p95	周黎安 转型中的地方政府 官员激励与治理 命题
关于「官员激励与治理」：[6] 剩余索取权不同于剩余控制权…？	[6] 剩余索取权不同于剩余控制权，它是指对利润或剩余收入（比如上缴之后剩余收入）的占有权或实际占有权。[7] “强激励”（high-powered incentives）是经济学契约理论的一个重要概念，与“弱激励”相对应，指的是代理人的报酬与其所创造的收入之间的强相关关系。<br>— 周黎安 · 《转型中的地方政府》 · p99	周黎安 转型中的地方政府 官员激励与治理 命题
关于「官员激励与治理」：一个重要概念，与“弱激励”相对应…？	一个重要概念，与“弱激励”相对应，指的是代理人的报酬与其所创造的收入之间的强相关关系。[8] 中国当前地方政府高度依赖于预算外财政（如土地财政），政府职能部门高度依赖于各种收费，这是财政和预算包干的一种体现。在这种体制下，上级转移支付相对有限，它在地方政府的财政支出中<br>— 周黎安 · 《转型中的地方政府》 · p99	周黎安 转型中的地方政府 官员激励与治理 命题
关于「官员激励与治理」：国政府间关系区别于世界上其他国家的一个基本特征…？	国政府间关系区别于世界上其他国家的一个基本特征，但是，它更多是一个制度的结果。“行政发包制”理论试图深入到政府间关系的内核和背后的驱动力，以此来刻画中国政府间关系的深层特征。[21] 关于计划经济时期中央和地方财政关系的演变，参见第4章的<br>— 周黎安 · 《转型中的地方政府》 · p101	周黎安 转型中的地方政府 官员激励与治理 命题
关于「官员激励与治理」：是一种高薪水、弱激励的薪酬体系安排…？	是一种高薪水、弱激励的薪酬体系安排，区别于行政发包制下低薪水、强激励的制度安排。[31] 所有这些直接和间接的统治风险最终都涉及统治的合法性问[32] 经济学契约理论从效率角度出发，一般都假定委托人在合同设计时不受流动性（资金）约束。<br>— 周黎安 · 《转型中的地方政府》 · p103	周黎安 转型中的地方政府 官员激励与治理 命题
关于「官员激励与治理」：中国改革开放以来最重要的行政体制改革是中央行政和经济管理权力的下放和地方自主权的…？	中国改革开放以来最重要的行政体制改革是中央行政和经济管理权力的下放和地方自主权的增强。中央向地方放权使地方政府从过去集中计划的体制束缚中解放出来，凭借其信息优势作出因地制宜的决策。更重要的是，在改革之初，中国的最高层对于未来的发展道路，其实<br>— 周黎安 · 《转型中的地方政府》 · p105	周黎安 转型中的地方政府 官员激励与治理 命题
关于「官员激励与治理」：当时改革思路的一个重要创新就是对局部地区的倾斜和优惠政策…？	当时改革思路的一个重要创新就是对局部地区的倾斜和优惠政策，通过设立经济特区、经济技术开发区、沿海开放城市、计划单列市等等一系列特殊经济区域，实现地方分权的“局部突破”。这种对局部地区政策倾斜的做法体现了中国领导人推崇的“双轨制”和“增量改<br>— 周黎安 · 《转型中的地方政府》 · p111	周黎安 转型中的地方政府 官员激励与治理 命题
关于「官员激励与治理」：中国政府推进经济改革的一个重要方面就是改革城市管理体制…？	中国政府推进经济改革的一个重要方面就是改革城市管理体制，发挥城市作为经济中心的聚集效应和辐射效应的作用。1983年中国进行了计划单列市的改革。计划单列市是中国经济体制改革过程中出现的特殊现象，指的是某些城市享受省一级经济管理权<br>— 周黎安 · 《转型中的地方政府》 · p117	周黎安 转型中的地方政府 官员激励与治理 命题
关于「官员激励与治理」：调各方利益之外，还有一个重要功能是广泛收集来自各方面的相关信息…？	调各方利益之外，还有一个重要功能是广泛收集来自各方面的相关信息，便于在决策之前占有足够信息。近年来，新闻媒体和互联网也逐渐成为上级政府获得有关信息的重要渠道。关于中国地方官员虚报数字的行为，李侃如披露了一个有趣的细节：<br>— 周黎安 · 《转型中的地方政府》 · p123	周黎安 转型中的地方政府 官员激励与治理 命题
关于「官员激励与治理」：度看，最重要的变化是发包方的行政权配置不一样…？	度看，最重要的变化是发包方的行政权配置不一样，发包方不再拥有对承包方的人事任命权，双方不是简单的上下级统属关系，而经常处于相同的行政级别（比如地级市环保局与县政府都属于处级单位），甚至发包方的行政级别还低于承包方（如环保部与直辖市政府），由此使得发包方控制和影响承包方的方式发生实质性变化。<br>— 周黎安 · 《转型中的地方政府》 · p127	周黎安 转型中的地方政府 官员激励与治理 命题
关于「官员激励与治理」：制”运作的一个重要驱动因素是发包方之间的隐性竞争（“多对一”的结果）…？	制”运作的一个重要驱动因素是发包方之间的隐性竞争（“多对一”的结果），而发包方的竞争又引发了承包方之间的竞争（“一对多”在中央部委既分工协作又相互竞争的关系中，项目制契合<br>— 周黎安 · 《转型中的地方政府》 · p128	周黎安 转型中的地方政府 官员激励与治理 命题
关于「官员激励与治理」：能是中央层面缺乏充分的协调整合的一个重要原因…？	能是中央层面缺乏充分的协调整合的一个重要原因。分税制之前因中央财政收入比重大幅下降而难以提供较多的专项转移资金，分税制之后中央财政收入大幅上升，地区间的发展差异又需要大量的中央转移支付。有统计表明，专项转移支付占全部转移支付的<br>— 周黎安 · 《转型中的地方政府》 · p129	周黎安 转型中的地方政府 官员激励与治理 命题
关于「官员激励与治理」：地区差异扩大显然是项目制实施的一个重要条件…？	地区差异扩大显然是项目制实施的一个重要条件，但是采取项目制的特定形式完成专项转移支付不是必然选择，比如为了实现地区公共服务的均等化可以增加一般性转移支付的比重，专项转移支付比例的不断上升与我们强调的“多对一”和“一对多”的格局有很大关联。3.3.2 “多对一”和“一对多”：承包方的角度<br>— 周黎安 · 《转型中的地方政府》 · p129	周黎安 转型中的地方政府 官员激励与治理 命题
关于「官员激励与治理」：这里最重要的是在“多对多”的复杂关系中给予地方政府统揽全局、权衡轻重的空间…？	这里最重要的是在“多对多”的复杂关系中给予地方政府统揽全局、权衡轻重的空间，防止权力领域的“公有地每个条条部门都希望地方政府为本部门的政策目标服务，在给承包方下达任务时，每个发包方会忽略其指令对其他发包方带来的负面影响或溢出效应，从而导致承包方接受过度的指令和任务。<br>— 周黎安 · 《转型中的地方政府》 · p131	周黎安 转型中的地方政府 官员激励与治理 命题
关于「官员激励与治理」：其间最重要的变化是将原来属于农民所有的土地和其他生产资料收归集体所有…？	其间最重要的变化是将原来属于农民所有的土地和其他生产资料收归集体所有，由高级合作社负责全社的农业生产、收益分配、生活管理和社会保障等各种事1958年人民公社运动开始，撤乡、镇并大社，人民公社行使乡镇政权职权，农业生产合作社改称为生产大队，实行政社合一的体制，<br>— 周黎安 · 《转型中的地方政府》 · p135	周黎安 转型中的地方政府 官员激励与治理 命题
关于「官员激励与治理」：合一是人民公社区别于过去乡镇建制最大的地方…？	合一是人民公社区别于过去乡镇建制最大的地方。人民公社成为了农林牧副渔全面发展、工农商学兵相结合、并与地方政权组织合而为一的地域性经济社会单元。在人民公社，公共食堂、幼儿园、托儿所、<br>— 周黎安 · 《转型中的地方政府》 · p135	周黎安 转型中的地方政府 官员激励与治理 命题
关于「官员激励与治理」：中，行政隶属的国营企业所创造的利润是最为重要的来源…？	中，行政隶属的国营企业所创造的利润是最为重要的来源，所以国营企业行政隶属关系的调整直接涉及中央和地方财源的再分配。地方固定比例分成的收入有农业税、工商营业税和工商所得税。的分成比例由中央财政部按各地区收支情况一年一定。据统计，划给<br>— 周黎安 · 《转型中的地方政府》 · p145	周黎安 转型中的地方政府 官员激励与治理 命题
关于「官员激励与治理」：还有一个重要的突破是收支挂钩，以收定支…？	还有一个重要的突破是收支挂钩，以收定支，地方拥有统筹安排地方财力的自主权。去，计划管理模式以“条条为主”，地方的各项财政支出，原则上由中央的垂直部门审核分配，地方无法根据财政状况自主决定。财政包干改革的同时，中央大规模下放了经济管理权限，“条条为<br>— 周黎安 · 《转型中的地方政府》 · p157	周黎安 转型中的地方政府 官员激励与治理 命题
关于「官员激励与治理」：更关键的一点是，包干制从1958年的体制推行以来就一直成为中国处理中央和地方财源…？	更关键的一点是，包干制从1958年的体制推行以来就一直成为中国处理中央和地方财源分配和解决地方财政激励的基本思路，差别主要在于包干的力度和中央对包干制承诺的强度。因此，我们需要看到这种历史的延续性。<br>— 周黎安 · 《转型中的地方政府》 · p157	周黎安 转型中的地方政府 官员激励与治理 命题
关于「官员激励与治理」：1994年的分税制改革是新中国成立以来最重要的财政和税制改革之一…？	1994年的分税制改革是新中国成立以来最重要的财政和税制改革之一，改革的目的是为了扭转财政包干制下中央财政收入占全部财政收入比例持续下降的问题，也为了解决传统财政分成体制中一些弊端，如中央和地方分成比例缺乏稳定性、税制过于繁杂、地方任意使用减免税政策、“藏富于民”等问题。<br>— 周黎安 · 《转型中的地方政府》 · p160	周黎安 转型中的地方政府 官员激励与治理 命题
关于「官员激励与治理」：间）一直占有最为重要的地位。[9] 为什么中国的地区间会出现如此巨其间的原因很多…？	间）一直占有最为重要的地位。[9] 为什么中国的地区间会出现如此巨其间的原因很多，我们这里不一一探讨。我们主要想强调一个非常重要的制度原因，那就是属地化行政发包制和财政分成制造<br>— 周黎安 · 《转型中的地方政府》 · p162	周黎安 转型中的地方政府 官员激励与治理 命题
关于「官员激励与治理」：改革开放以来，地方分权改革的一个重要特征是“以点带面”的地区倾斜式的分权策略…？	改革开放以来，地方分权改革的一个重要特征是“以点带面”的地区倾斜式的分权策略，如经济特区、沿海开放城市、经济技术开发区、<br>— 周黎安 · 《转型中的地方政府》 · p162	周黎安 转型中的地方政府 官员激励与治理 命题
关于「官员激励与治理」：府公共服务产生的收入相分离，是对行政发包制的一个重要矫正…？	府公共服务产生的收入相分离，是对行政发包制的一个重要矫正。然而，在实际运行过程中，我国预算管理体制与改革目标相比尚有相当的差距，比如迄今为止仍有60%左右的部门预算没有按法律规定交由人大审查，三公经费、彩票资金的监管存在空白，年底部门突击花钱现象突出，巨额财政款项和其他政府性资金沉睡降低了使用效率等等<br>— 周黎安 · 《转型中的地方政府》 · p164	周黎安 转型中的地方政府 官员激励与治理 命题
关于「官员激励与治理」：我们认为有两个可能的原因可以解释它的长期存在…？	我们认为有两个可能的原因可以解释它的长期存在。第一个原因和中国行政逐级发包体制有着密切的联系。我们在第2章曾经阐述过，中国从中央到各级地方政府，从政府到国有企业和事业单位，实际上是一<br>— 周黎安 · 《转型中的地方政府》 · p170	周黎安 转型中的地方政府 官员激励与治理 命题
关于「官员激励与治理」：制区别于苏联的重要特征，就是中国重工业价格相对较低…？	制区别于苏联的重要特征，就是中国重工业价格相对较低，轻工业价格和利润相对较高，而轻工业主要控制在地方政府手里，尤其是中央鼓励发展“五小”工业之后（Donnithorne，1981；Shirk，1993）。在这种情况下，赋予地方更高的分成比例有助于提高地方政府发展轻<br>— 周黎安 · 《转型中的地方政府》 · p185	周黎安 转型中的地方政府 官员激励与治理 命题
关于「官员激励与治理」：的联邦主义”假说（包括张五常的“县际竞争”理论）的一个重要假设是地方政府试图追求…？	的联邦主义”假说（包括张五常的“县际竞争”理论）的一个重要假设是地方政府试图追求财政收入的最大化。这个假设在中国的制度背景下存在一个隐含的问题：地方政府追求财政收入最大化的微观基础<br>— 周黎安 · 《转型中的地方政府》 · p188	周黎安 转型中的地方政府 官员激励与治理 命题
关于「官员激励与治理」：这是政治锦标赛理论所带来的、区别于现存文献的新视角和新分析…？	这是政治锦标赛理论所带来的、区别于现存文献的新视角和新分析。在后面的章节，我们将借助政治锦标赛这个分析框架，从官场竞争和市场竞争互动的视角（即“官场+市场”理论）解释官员激励与中国经济之间的内在关联以及中国特色的市场经<br>— 周黎安 · 《转型中的地方政府》 · p190	周黎安 转型中的地方政府 官员激励与治理 命题
关于「官员激励与治理」：工作报告》必然涉及的最重要的数字…？	工作报告》必然涉及的最重要的数字。中国地方官员非常热衷于GDP和相关经济指标的排名，在他们介绍辖区经济发展情况时最爱援引的数据之一就是在省内或市内的GDP、财政收入等指标的相对排名。统计局主持的“中国百强县排名”曾经持续了九年，非常引人关注，<br>— 周黎安 · 《转型中的地方政府》 · p192	周黎安 转型中的地方政府 官员激励与治理 命题
关于「官员激励与治理」：各级政府实施以经济发展为核心考核指标的晋升竞争提供了最为重要的组织和路线保证…？	各级政府实施以经济发展为核心考核指标的晋升竞争提供了最为重要的组织和路线保证。GDP和财税增长等相关经济指标比较容易从统计部门获得，相关各方也都可以大致观察到一个地区经济增长的状况。三，在中国，无论是省与省之间，还是在市（地区）、县、乡之间有<br>— 周黎安 · 《转型中的地方政府》 · p196	周黎安 转型中的地方政府 官员激励与治理 命题
关于「官员激励与治理」：有巨大的影响力和控制力，一些最重要的资源…？	有巨大的影响力和控制力，一些最重要的资源，如行政审批、土地批租、贷款担保、政策优惠等等均掌握在地方政府的手中，因而满足第最后，跨地区的地方政府官员之间的合谋在中国目前的晋升体制下不是一个现实的威胁，地方官员之间的高度竞争才是常态。原因在于，晋升与不晋升存在巨大的利益差异，不仅表现为行政权力<br>— 周黎安 · 《转型中的地方政府》 · p197	周黎安 转型中的地方政府 官员激励与治理 命题
关于「官员激励与治理」：一个重要的例证来自我和合作者关于“层层加码”现象的研究（Li et al.…？	一个重要的例证来自我和合作者关于“层层加码”现象的研究（Li et al.，2012；周黎安等，2015）。我们发现，从五年规划到年度经济计划的GDP增长指标，呈现随政府层级从上到下而不<br>— 周黎安 · 《转型中的地方政府》 · p202	周黎安 转型中的地方政府 官员激励与治理 命题
关于「官员激励与治理」：政治锦标赛才是“帮助之手”的最重要的制度来源…？	政治锦标赛才是“帮助之手”的最重要的制度来源。从政治经济学的角度看，政府官员可能受到某些利益集团的影响，导致出台的公共政策偏向特殊利益集团，牺牲公众利益，这就是政府被利益集团“捕获”的问题（Stigler，1971）。在中国经济转型和发展<br>— 周黎安 · 《转型中的地方政府》 · p203	周黎安 转型中的地方政府 官员激励与治理 命题
关于「官员激励与治理」：这就产生了一个重要而有趣的问题：多任务下强激励在企业组织内也不常见…？	这就产生了一个重要而有趣的问题：多任务下强激励在企业组织内也不常见，那为什么在中国的政府治理中会采用？中国政府体制的特征是权力的一体化和等级化，地方政府主要面临上级政府的垂直监督，所受的水平方向的监督和制约非常有限，尤其是<br>— 周黎安 · 《转型中的地方政府》 · p205	周黎安 转型中的地方政府 官员激励与治理 命题
关于「官员激励与治理」：这些指标属于委托人认为最为重要的一些发展和治理指标…？	这些指标属于委托人认为最为重要的一些发展和治理指标，对于一些难以量化和观测的绩效，如基础教育、医疗、社会保障、社会公平，介于绩效考核的“硬指标”和“约束性指标”之间，属于“软指标”，目前仍然没有找到合适的考核方式，因而容易出现配置扭曲和供给不足的情况。<br>— 周黎安 · 《转型中的地方政府》 · p206	周黎安 转型中的地方政府 官员激励与治理 命题
关于「官员激励与治理」：十三大人事安排贯彻了一个重要原则…？	十三大人事安排贯彻了一个重要原则，即十二届中央委员和候补委员中，年龄在66岁以上（含66岁）者，一般不再提名。果有150名十二届中央委员和候补中央委员没有进入十三届中央委员会，使得十三大选举产生的中央委员和候补中央委员的平均年龄（55.2岁）比上一届选举产生的中央委员和候补中央委员降低了近4<br>— 周黎安 · 《转型中的地方政府》 · p213	周黎安 转型中的地方政府 官员激励与治理 命题
关于「官员激励与治理」：帮”之后中国干部人事制度改革的一个重要环节…？	帮”之后中国干部人事制度改革的一个重要环节。在80年代之前，领导干部只要不犯大的错误，不管健康、年龄和绩效如何，都可以长期担任领导职务，不存在严格的干部考核制度。粉碎“四人帮”以后，<br>— 周黎安 · 《转型中的地方政府》 · p214	周黎安 转型中的地方政府 官员激励与治理 命题
关于「官员激励与治理」：我们认为，这两个时期的政治锦标赛至少存在以下四个方面的重大区别：首先是锦标赛竞争…？	我们认为，这两个时期的政治锦标赛至少存在以下四个方面的重大区别：首先是锦标赛竞争的参与形式不同。在毛泽东时代阶级斗争和路线斗争就像紧箍咒一样，官员整日提心吊胆，战战兢兢，如果表现不好，<br>— 周黎安 · 《转型中的地方政府》 · p216	周黎安 转型中的地方政府 官员激励与治理 命题
关于「官员激励与治理」：除此之外，我认为还有一个值得强调的原因…？	除此之外，我认为还有一个值得强调的原因，那就是强化政治锦标赛的激励效应。为了解释清楚这背后的逻辑，让我们考虑下面一个简化的例子。两个地区A和B，各有一个行政首脑a和b，他们处于同级的晋升竞争之中，他们各自辖区的经济增长速度谁更快，谁就更可能晋升。<br>— 周黎安 · 《转型中的地方政府》 · p221	周黎安 转型中的地方政府 官员激励与治理 命题
关于「官员激励与治理」：“官场+市场”提供了一个重要的分析框架去看待和解析中国特色的市场经济…？	“官场+市场”提供了一个重要的分析框架去看待和解析中国特色的市场经济，有助于揭示政府内部官场竞争的游戏规则与中国经济的市场化进程两者之间的深刻联系。从这个视角出发，我们可以更加深入地理解中国经济增长所依赖的独特的制度基础。<br>— 周黎安 · 《转型中的地方政府》 · p224	周黎安 转型中的地方政府 官员激励与治理 命题
关于「官员激励与治理」：争来说，利润最大化是企业的最重要的目标…？	争来说，利润最大化是企业的最重要的目标，有时难免也会出现企业为追求利润而无视政府监管和社会责任的情况。但地方政府的多任务性质比单纯作为经济赢利组织的企业要突出得多，因而多任务扭曲效应也更严重。<br>— 周黎安 · 《转型中的地方政府》 · p225	周黎安 转型中的地方政府 官员激励与治理 命题
关于「官员激励与治理」：这是我们与这些文献最重要的区别。中国的“官场+市场”的政经互动格局必然使得政府与…？	这是我们与这些文献最重要的区别。中国的“官场+市场”的政经互动格局必然使得政府与市场的边界变得极其模糊，在现实中两者相互嵌入，相互纠缠，难分彼此。简单地说中国的地方政府与市场之间是互补还是替代关系，在更多的场合它们是合作和联盟的关系。<br>— 周黎安 · 《转型中的地方政府》 · p228	周黎安 转型中的地方政府 官员激励与治理 命题
关于「官员激励与治理」：之中，更重要是深嵌在官场竞争之中…？	之中，更重要是深嵌在官场竞争之中，所呈现的特征既区别于发达国家，又区别于发展中国家。官场与市场的相互嵌入也同时改变了两者原有的特征和性质。因为有官场竞争动力的叠加，不同辖区的企业在<br>— 周黎安 · 《转型中的地方政府》 · p229	周黎安 转型中的地方政府 官员激励与治理 命题
关于「官员激励与治理」：家，又区别于发展中国家。官场与市场的相互嵌入也同时改变了两者原有的特征和性质…？	家，又区别于发展中国家。官场与市场的相互嵌入也同时改变了两者原有的特征和性质。因为有官场竞争动力的叠加，不同辖区的企业在市场上的竞争变得更为激烈（比如地方官员给辖区内企业财政补贴、<br>— 周黎安 · 《转型中的地方政府》 · p229	周黎安 转型中的地方政府 官员激励与治理 命题
关于「官员激励与治理」：[5] 这是中国政府官员与西方民主国家官员选拔的一个重要区别…？	[5] 这是中国政府官员与西方民主国家官员选拔的一个重要区别。西方国家的政治家参加竞选并不需要任何事先的政府部门的级别或经历作为参选前提。[6] 退居二线具体始于何时已不可考，有一种说法是1993年大规模机构改革，机关人员分流，一些年龄偏大的干部享受上调几级工资的<br>— 周黎安 · 《转型中的地方政府》 · p230	周黎安 转型中的地方政府 官员激励与治理 命题
关于「官员激励与治理」：的一个重要原因是粮食价格是计划价格…？	的一个重要原因是粮食价格是计划价格，不反映粮食供求状况。今市场化的条件下，粮食短缺很快就会反映在价格的上涨上，地方官员想掩盖灾情也是非常困难的。[30] Huang（2002）也谈到干部的平级调动和轮换可以减弱官员过于维护本职和本地利益的激励。<br>— 周黎安 · 《转型中的地方政府》 · p234	周黎安 转型中的地方政府 官员激励与治理 命题
关于「官员激励与治理」：表6.1清楚地说明了一个重要事实：在中央确立经济增长目标之后…？	表6.1清楚地说明了一个重要事实：在中央确立经济增长目标之后，省级政府将在此基础上不同程度地进行加码，但这只是地方政府竞争博弈的一部分，在做出目标许诺之后各地方政府还必须竭尽全力超额完成已经加码的任务。因此，对于省级政府来说，五年计划的制定和实<br>— 周黎安 · 《转型中的地方政府》 · p237	周黎安 转型中的地方政府 官员激励与治理 命题
关于「官员激励与治理」：上述理论解释可以推出几个可以检验的理论假说…？	上述理论解释可以推出几个可以检验的理论假说。第一，对于相对年轻的地方官员，因其未来的仕途更长，职业前景激励（careerconcerns）越强，面对中央的目标，可能会公布一个相对较高的增长第二，在担任现职之前在上级政府工作的经历会减弱提出高指<br>— 周黎安 · 《转型中的地方政府》 · p238	周黎安 转型中的地方政府 官员激励与治理 命题
关于「官员激励与治理」：我们认为，中美之间还有一个核心的差异被人们忽略了：就在中国中央政府出台4万亿刺激…？	我们认为，中美之间还有一个核心的差异被人们忽略了：就在中国中央政府出台4万亿刺激计划一个月的时间内，省区地方政府也竞相出台了各自的经济刺激计划，省级政府的刺激计划之和超过了20万亿，各地利用中央刺激内需的机会掀起经济大跃进的投资热[2] 由于全球金融危机对中国东部沿海地区冲击较大，而中西部地<br>— 周黎安 · 《转型中的地方政府》 · p239	周黎安 转型中的地方政府 官员激励与治理 命题
关于「官员激励与治理」：中国宏观经济波动的一个重要特征是，经济不是处于过冷就处于过热…？	中国宏观经济波动的一个重要特征是，经济不是处于过冷就处于过热<br>— 周黎安 · 《转型中的地方政府》 · p239	周黎安 转型中的地方政府 官员激励与治理 命题
关于「官员激励与治理」：层加码”现象所传递的、不同于“压力型体制”的重要讯息…？	层加码”现象所传递的、不同于“压力型体制”的重要讯息。要指出的是，中国多层级政府体制因官场竞争而内生的“层层加码”<br>— 周黎安 · 《转型中的地方政府》 · p240	周黎安 转型中的地方政府 官员激励与治理 命题
关于「官员激励与治理」：导致中国经济波动与政治周期吻合的一个重要原因…？	导致中国经济波动与政治周期吻合的一个重要原因，为中国政治商业周期假说提供了较为直接的微观基础。我的另一项合作研究考察了地方党代会周期与地区资源错配程度之间的关系（周黎安等，2013）。本研究的思路是利用省级党代会作为重<br>— 周黎安 · 《转型中的地方政府》 · p247	周黎安 转型中的地方政府 官员激励与治理 命题
关于「官员激励与治理」：我们认为，首先，资源错配与党代会周期之间的显著关联的一个背景性因素是地方官员的激…？	我们认为，首先，资源错配与党代会周期之间的显著关联的一个背景性因素是地方官员的激励对中国制造业的资源配置状态可能产生的重要影响。每5年一届的党代会在中国是非常重要的事件，通常党代会当年是地方官员的换届高<br>— 周黎安 · 《转型中的地方政府》 · p248	周黎安 转型中的地方政府 官员激励与治理 命题
关于「官员激励与治理」：出了三个可验证的理论假说，以进一步验证官员激励和干预动机与资源错配之间的内在联系…？	出了三个可验证的理论假说，以进一步验证官员激励和干预动机与资源错配之间的内在联系。我们提出的第一个假说是，国有企业比重较大的行业因为更易受到官员激励和干预的影响，这些行业的资源错配程度与党代会周期的关系应该比民营企业比重高的行业更为明显。<br>— 周黎安 · 《转型中的地方政府》 · p249	周黎安 转型中的地方政府 官员激励与治理 命题
关于「官员激励与治理」：我们提出的第一个假说是，国有企业比重较大的行业因为更易受到官员激励和干预的影响…？	我们提出的第一个假说是，国有企业比重较大的行业因为更易受到官员激励和干预的影响，这些行业的资源错配程度与党代会周期的关系应该比民营企业比重高的行业更为明显。由于地方政府对国有企业，尤其是国有控股企业，拥有较强的控制权（控股权、人事权等）和影<br>— 周黎安 · 《转型中的地方政府》 · p249	周黎安 转型中的地方政府 官员激励与治理 命题
关于「官员激励与治理」：我们提出的第二个假说是，资源错配与党代会周期的关系应该在产业关联度大的行业表现得…？	我们提出的第二个假说是，资源错配与党代会周期的关系应该在产业关联度大的行业表现得更为明显。这个假说的逻辑是，作为理性的决策者，为了追求经济干预的最大化的增长效应，地方官员会更倾向于影响那些产业关联度大的“重要行业”，通过产业间的关联效应，最<br>— 周黎安 · 《转型中的地方政府》 · p249	周黎安 转型中的地方政府 官员激励与治理 命题
关于「官员激励与治理」：我们提出的第三个假说是，资源错配与党代会周期的关系应该在资本密集型行业表现得更为…？	我们提出的第三个假说是，资源错配与党代会周期的关系应该在资本密集型行业表现得更为明显。相比于劳动密集型行业，资本密集型行业的投资项目更大，短期内能够带动整个经济增长的效应也更大。<br>— 周黎安 · 《转型中的地方政府》 · p249	周黎安 转型中的地方政府 官员激励与治理 命题
关于「官员激励与治理」：另一个重要的融资渠道是银行体系，或是对银行施加压力要求其向辖区内的企业放贷…？	另一个重要的融资渠道是银行体系，或是对银行施加压力要求其向辖区内的企业放贷，或是通过地方融资平台向银行大量贷款。2008年全球金融危机爆发对中国经济产生了严重的冲击，地方政府为了保增长，通过地方融资平台大量举债，其中银行贷款占据了最大的份额。<br>— 周黎安 · 《转型中的地方政府》 · p250	周黎安 转型中的地方政府 官员激励与治理 命题
关于「官员激励与治理」：土地出让收入最重要的属性是预算外收入…？	土地出让收入最重要的属性是预算外收入，不与中央政府分享，而一个地区不管是房地产市场的发展，还是制造业的发展和城市的繁荣，最终均会体现在土地升值上。持续的土地收入以及未来增长的预期又可以作为抵押品，从金融机构获得贷款。<br>— 周黎安 · 《转型中的地方政府》 · p253	周黎安 转型中的地方政府 官员激励与治理 命题
关于「官员激励与治理」：房地产业不仅为地方政府创造了最重要的土地收益…？	房地产业不仅为地方政府创造了最重要的土地收益，相关的各种税费也让地方政府获益不少。在分税制下，增值税的75％上缴中央，25％留给地方，制造业所创造的大部分税收将交给中央。相比之下，由城<br>— 周黎安 · 《转型中的地方政府》 · p253	周黎安 转型中的地方政府 官员激励与治理 命题
关于「官员激励与治理」：如果说从80年代初至90年代中期…？	如果说从80年代初至90年代中期，地方政府最重要的工作是经营企业，通过扩大企业的产值和利润增加地方的GDP和利税收入，那么，90年代中期以后，地方政府的工作重心已经开始转移，经营城市成为地方政府重置和盘活城市资产、招商引资、创造财政收入、提高城市经济竞争力的重要手段。<br>— 周黎安 · 《转型中的地方政府》 · p254	周黎安 转型中的地方政府 官员激励与治理 命题
关于「官员激励与治理」：我们认为，“经营城市”的出现是地方官员在政治锦标赛的压力下寻找更加强劲和持久的经…？	我们认为，“经营城市”的出现是地方官员在政治锦标赛的压力下寻找更加强劲和持久的经济增长点的一种“发明创造”。当然，各地经营城市的模式并不是一样的，而是结合各个地区的历史条件、自然禀赋和比较优势进行创新，形成了各具特色的战略和思“经营城市”这个用语的最早起源，学界比较一致的看法是：1998年9<br>— 周黎安 · 《转型中的地方政府》 · p254	周黎安 转型中的地方政府 官员激励与治理 命题
关于「官员激励与治理」：营来说，最重要的法律基础是1990年5月19日国务院颁布的两个关于土地开发的文件…？	营来说，最重要的法律基础是1990年5月19日国务院颁布的两个关于土地开发的文件，一是《中华人民共和国城镇国有土地使用权出让和转让暂行条例》，一是《外商投资开发经营成片土地暂行管理办法》。这两份文件的出台赋予市县地方政府负责土地开发和有偿出让事宜，规定市县享有国有土地使用权的出让权。<br>— 周黎安 · 《转型中的地方政府》 · p255	周黎安 转型中的地方政府 官员激励与治理 命题
关于「官员激励与治理」：成为地方政府最重要的财政来源。有人甚至把经营城市直接理解为地方政府主导的“拆房子…？	成为地方政府最重要的财政来源。有人甚至把经营城市直接理解为地方政府主导的“拆房子、倒地皮”的活动。然而，经营城市并不都是简单的“拆房子、倒地皮”。<br>— 周黎安 · 《转型中的地方政府》 · p255	周黎安 转型中的地方政府 官员激励与治理 命题
关于「官员激励与治理」：而土地和城市其他的公共资源很快被意识到是地方政府手中最重要的经济资源…？	而土地和城市其他的公共资源很快被意识到是地方政府手中最重要的经济资源，如果经营得当，这些资源可以转化为可观的财政收入，彻底改变分税制之后财政资源不足的问题。近年来土地财政成为地方政府最重要的财政来源。<br>— 周黎安 · 《转型中的地方政府》 · p258	周黎安 转型中的地方政府 官员激励与治理 命题
关于「官员激励与治理」：府最重要的财政来源。城市房地产价格迅猛上涨推动地价上涨…？	府最重要的财政来源。城市房地产价格迅猛上涨推动地价上涨，土地出让收入增加，房地产价格与土地财政是“荣辱与共”的关系。次，城市在省区经济中通常都是工业、贸易、金融、科技和旅游中心，对周边地区产生强大的经济辐射，在省区经济发展中扮演举足轻<br>— 周黎安 · 《转型中的地方政府》 · p258	周黎安 转型中的地方政府 官员激励与治理 命题
关于「官员激励与治理」：成为分析地区经济现象的一个重要的透视点…？	成为分析地区经济现象的一个重要的透视点。从国际比较的角度看，中国地方政府在区域经济互动方面所发挥的独特作用应该说是中国经济的特色之一。我们很难想象，在一个成熟的市场经济，地方政府能<br>— 周黎安 · 《转型中的地方政府》 · p264	周黎安 转型中的地方政府 官员激励与治理 命题
关于「官员激励与治理」：“官场+市场”的互动模式中，官场竞争的逻辑区别于市场竞争的逻辑…？	“官场+市场”的互动模式中，官场竞争的逻辑区别于市场竞争的逻辑，前者更接近于一种零和博弈，竞争动机远大于合作动机，而后者更接近于正和博弈，参与人既竞争又合作。当官场与市场紧密结合的时候，这两种不同的竞争逻辑将给中国的区域经济竞争与合作带来何<br>— 周黎安 · 《转型中的地方政府》 · p264	周黎安 转型中的地方政府 官员激励与治理 命题
关于「官员激励与治理」：出不同于本地企业的技术要求和检验标准…？	出不同于本地企业的技术要求和检验标准，市场执法的力度也“内外有别”，就像西方发达国家对中国的出口进行限制的方式一样。个新特点的出现一方面反映了中国地区之间竞争内涵的变化，对稀缺生产要素的争夺取代了传统的对稀缺商品的竞争。比如地区对人才的<br>— 周黎安 · 《转型中的地方政府》 · p267	周黎安 转型中的地方政府 官员激励与治理 命题
关于「官员激励与治理」：然而，由于行政协调的困难，最重要的是交界处的政府担心修通公路会让邻近地区受益…？	然而，由于行政协调的困难，最重要的是交界处的政府担心修通公路会让邻近地区受益，这样自己的得益部分就需要大打折扣，使得修路的积极性下降。每一方都做类似的计算，其结果只能是弃而不行政区交界地带的基础设施问题不仅在省区之间发生，在同一省区内<br>— 周黎安 · 《转型中的地方政府》 · p274	周黎安 转型中的地方政府 官员激励与治理 命题
关于「官员激励与治理」：关键在于，这些重复建设的背后都有政府主导或推动的影子…？	关键在于，这些重复建设的背后都有政府主导或推动的影子，在我国长期存在的一浪接一浪的重复建设“大战”中，各地区带有明显的“相互攀比”和“相互较劲”的色彩，无法简单地用利润或财税动机来解释。如果地方重复投资只为了寻求高额利润和相应<br>— 周黎安 · 《转型中的地方政府》 · p280	周黎安 转型中的地方政府 官员激励与治理 命题
关于「官员激励与治理」：我认为，“行政区经济”是一个非常有意义的理论概括…？	我认为，“行政区经济”是一个非常有意义的理论概括，它强调了中国经济运行背后行政力量的存在以及行政割据对经济运行的影响。是，为什么行政区会扭曲和阻隔资源的合理流动和有效配置，以及行政区的哪些因素阻止了资源的有效配置，为什么政府官员不能像企业家那样去捕抓来自合作的收益？<br>— 周黎安 · 《转型中的地方政府》 · p280	周黎安 转型中的地方政府 官员激励与治理 命题
关于「官员激励与治理」：我认为，这是中国区域竞争与合作中最根本的问题…？	我认为，这是中国区域竞争与合作中最根本的问题，基于财税激励的所有理论无法回答这一问题。而我们观察到的行政区交界地带的贫困和污染问题和地方保护、重复建设和恶性竞争在根本上是同一性质的问题，即跨界行<br>— 周黎安 · 《转型中的地方政府》 · p281	周黎安 转型中的地方政府 官员激励与治理 命题
关于「官员激励与治理」：我们认为，地方官员合作困难的根源并不主要在于地方官员的财税激励及他们所处的经济竞…？	我们认为，地方官员合作困难的根源并不主要在于地方官员的财税激励及他们所处的经济竞争的性质，而是在于嵌入在经济竞争当中的政治晋升博弈的性质。从激励结构来说，我国地方官员具有双重特征：他们一方面是“经济参与人”，即像任何经济主体一样关注经济利益，20世纪80年代以来<br>— 周黎安 · 《转型中的地方政府》 · p281	周黎安 转型中的地方政府 官员激励与治理 命题
关于「官员激励与治理」：能，关键在于经济合作是否会影响地方官员之间的相对位次…？	能，关键在于经济合作是否会影响地方官员之间的相对位次。更关键的是，珠三角是在广东省的范围内，省政府协调省内相关城市的合作相对容易得多，加上毗邻不存在晋升竞争关系的香港，合作收益显然大于官场竞争的收益。在长三角，上海作为直辖市的政治地位<br>— 周黎安 · 《转型中的地方政府》 · p287	周黎安 转型中的地方政府 官员激励与治理 命题
关于「官员激励与治理」：从激励机制的设计来看，我认为，品位的出现有助于减弱官位竞争的残酷性及其不利后果…？	从激励机制的设计来看，我认为，品位的出现有助于减弱官位竞争的残酷性及其不利后果。中国现在的行政体制沿袭了古代官品并存的体制，我们经常可以看到一些享受处（局）级待遇的副处（局）长。于古代官与品的系统研究，参见阎步克（2002）。<br>— 周黎安 · 《转型中的地方政府》 · p295	周黎安 转型中的地方政府 官员激励与治理 命题
关于「官员激励与治理」：我认为，承包制的改革思路有其必然性，它实际上是“克隆”了中央政府和地方政府的…？	我认为，承包制的改革思路有其必然性，它实际上是“克隆”了中央政府和地方政府的<br>— 周黎安 · 《转型中的地方政府》 · p302	周黎安 转型中的地方政府 官员激励与治理 命题
关于「官员激励与治理」：约束现象的存在，关键在于政企关系的特定性质…？	约束现象的存在，关键在于政企关系的特定性质。对于“软预算约束”造成了国有企业的低效率这一论点，学者之间很然后，关于究竟是什么原因导致了政府的“父爱主义”的倾向和企业的软预算约束，为什么在经济转型过程中国有企业的软预算约束依然存在，不同的理论给出了不同的解释。<br>— 周黎安 · 《转型中的地方政府》 · p305	周黎安 转型中的地方政府 官员激励与治理 命题
关于「官员激励与治理」：的一个重要方面。财政激励只是乡镇干部积极参与乡镇企业经营和管理的一部分…？	的一个重要方面。财政激励只是乡镇干部积极参与乡镇企业经营和管理的一部分。企业的发展有利于乡镇官员实行上级政府下达的经济发展的强制性指标，成为其重要的政绩，对其未来的政治晋升创造重要条件。地调查的观察验证了乡镇干部发展乡镇企业背后的晋升激励。<br>— 周黎安 · 《转型中的地方政府》 · p313	周黎安 转型中的地方政府 官员激励与治理 命题
关于「官员激励与治理」：关键在于企业面临的预算约束的差别…？	关键在于企业面临的预算约束的差别。国有企业低效率的源泉来自软预算约束，政府利用对国有银行的控制为亏损企业延长或增加贷款。作为中国最基层的政权组织的乡镇政府，并不直接拥有自己的银行机构， [11] 对设在乡镇的国有银行贷款决策的影响力非常有限，这实际上<br>— 周黎安 · 《转型中的地方政府》 · p314	周黎安 转型中的地方政府 官员激励与治理 命题
关于「官员激励与治理」：对于外商投资来说，最重要的是投资环境…？	对于外商投资来说，最重要的是投资环境，而投资环境包含“硬件”设施（如道路交通）和“软件”设施（政府政策和服务）两个方面，都离不开一个高效清廉的政府服务，尤其要从外商聚集地的珠江三角洲那里把外商吸引过来，更需要靠优于别的地区的政策环境和政府服务。<br>— 周黎安 · 《转型中的地方政府》 · p321	周黎安 转型中的地方政府 官员激励与治理 命题
关于「官员激励与治理」：等，最重要的就是融资和税收的支持了…？	等，最重要的就是融资和税收的支持了。在不同的历史发展阶段，地方政府为企业提供的融资服务的方式也不尽相同，大致说起来有以下几种最常见的方式：（1）在改革开放的初期，银行贷款受贷款额度的限制，地方官员帮助企业协调和争取贷款额度；<br>— 周黎安 · 《转型中的地方政府》 · p325	周黎安 转型中的地方政府 官员激励与治理 命题
关于「官员激励与治理」：益，当然最重要的是GDP增长、就业、税收等…？	益，当然最重要的是GDP增长、就业、税收等。有时企业还必须牺牲自己的一些利益为地方官员的政治目标服务，以换取地方官员的信任和当我们经常使用政企关系来刻画地方政府和民企关系的时候，其关系的实质应该属于高度人格化的官商关系。<br>— 周黎安 · 《转型中的地方政府》 · p326	周黎安 转型中的地方政府 官员激励与治理 命题
关于「官员激励与治理」：因而更清晰地体现了官商关系的特征…？	因而更清晰地体现了官商关系的特征，区别于地方政府与国企之间非人格化的政企关系。官员与民企之间这种人格化的关系进一步反映在如下两个事实上：第一，当某个地方官离任之后，新官上任，作为制度载体的地方政府没有任何改变，但因为主政官的变化，民营企业与<br>— 周黎安 · 《转型中的地方政府》 · p326	周黎安 转型中的地方政府 官员激励与治理 命题
关于「官员激励与治理」：发展的一个重要基地，拥有美国纳斯达克上市企业和国际知名品牌…？	发展的一个重要基地，拥有美国纳斯达克上市企业和国际知名品牌，荣获国家科技部颁发的全国第一块新能源基地的称号，新余市一跃成为江西省人均财政收入最高的地级市。新余市政府的早期努力和冒险确实获得了巨额的经济和政治回报。<br>— 周黎安 · 《转型中的地方政府》 · p332	周黎安 转型中的地方政府 官员激励与治理 命题
关于「官员激励与治理」：8.5 政商环境的地区差异：理论假说及其证据我们前面讨论地方官员的激励、政企关系…？	8.5 政商环境的地区差异：理论假说及其证据我们前面讨论地方官员的激励、政企关系等问题，有一个隐含的假定，即所有的地方官员的激励是均质的，不存在个体差异。个假定有助于简化我们的分析，把视角放在地方官员的“平均”行为在现实中，不仅地方官员个体之间存在明显的差异 [34] ，而且地区<br>— 周黎安 · 《转型中的地方政府》 · p335	周黎安 转型中的地方政府 官员激励与治理 命题
关于「官员激励与治理」：这里试图提出一个相对简单的理论假说…？	这里试图提出一个相对简单的理论假说，来解释中国地区间政商环境的系统差异。[35] 理论假说的基本逻辑如下：在经济落后的地区，由于居民收入水平低，工商企业的数量相对较少，而一些主要国有企业因体制原因经营绩效不甚理想。<br>— 周黎安 · 《转型中的地方政府》 · p336	周黎安 转型中的地方政府 官员激励与治理 命题
关于「官员激励与治理」：[35] 理论假说的基本逻辑如下：在经济落后的地区…？	[35] 理论假说的基本逻辑如下：在经济落后的地区，由于居民收入水平低，工商企业的数量相对较少，而一些主要国有企业因体制原因经营绩效不甚理想。这就会产生两个结果：一个结果是，由于工商企业提供的就业机会很少，在当地人们就业最好的选择就去是<br>— 周黎安 · 《转型中的地方政府》 · p336	周黎安 转型中的地方政府 官员激励与治理 命题
关于「官员激励与治理」：上述理论假说虽然简单，却可以解释一系列系统的现象：第一…？	上述理论假说虽然简单，却可以解释一系列系统的现象：第一，在越是发达的地区，人们对做官的兴趣就越低，比如在广东和浙江就一直流传有这种说法，没本事的人才去做官；而在经济落后地区，在政府做官被认为是一种莫大的荣耀，人们挤破头都想钻进去。<br>— 周黎安 · 《转型中的地方政府》 · p337	周黎安 转型中的地方政府 官员激励与治理 命题
关于「官员激励与治理」：我认为这种战略的核心思想是想在不冲击国有企业既得利益的前提下大力发展乡镇企业…？	我认为这种战略的核心思想是想在不冲击国有企业既得利益的前提下大力发展乡镇企业，反映了当时中央对乡镇企业发展的政策导向。[16] 1992年邓小平南方谈话之后全国各地开始了“摘帽子工程”，让大量戴红帽子的民营企业恢复了其本来面目。<br>— 周黎安 · 《转型中的地方政府》 · p340	周黎安 转型中的地方政府 官员激励与治理 命题
关于「官员激励与治理」：商失败以至于失去互信也是引发尚德危机的一个重要原因…？	商失败以至于失去互信也是引发尚德危机的一个重要原因。可参见《尚德与赛维：光伏双雄早衰》（《中国企业家》2012年10月<br>— 周黎安 · 《转型中的地方政府》 · p341	周黎安 转型中的地方政府 官员激励与治理 命题
关于「官员激励与治理」：[35] 我们的理论假说与Zhang（2006）从财政分权和政治集权的角度提出的…？	[35] 我们的理论假说与Zhang（2006）从财政分权和政治集权的角度提出的解释有类似之处。<br>— 周黎安 · 《转型中的地方政府》 · p342	周黎安 转型中的地方政府 官员激励与治理 命题
关于「官员激励与治理」：理解中国政府治理和国家治理能力强弱的关键在于…？	理解中国政府治理和国家治理能力强弱的关键在于，横向晋升竞争和纵向行政发包两者之间在本质上是互补关系。在多个承包人面对一个共同发包人（发包人可以决定承包人的未来地位和报酬）的情形下，横向晋升竞争通过奖惩规则和相对绩效评估为承包人提供了强大的争<br>— 周黎安 · 《转型中的地方政府》 · p349	周黎安 转型中的地方政府 官员激励与治理 命题
关于「官员激励与治理」：官场竞争是中央或上级政府治理地方官员行为的最重要的工具之一…？	官场竞争是中央或上级政府治理地方官员行为的最重要的工具之一。与逐级发包结构相对应的是一个逐级淘汰的官员晋升体制。晋升竞争嵌入到行政发包之中，发包方既要通过锦标赛竞争来激励下级承包方积极做事，出色完成发包任务，又要从多个承包方当中识别和选拔人才，使之成为上一级的发包方。<br>— 周黎安 · 《转型中的地方政府》 · p350	周黎安 转型中的地方政府 官员激励与治理 命题
关于「官员激励与治理」：可以把能力强和绩效好的官员选拔到最重要的岗位上…？	可以把能力强和绩效好的官员选拔到最重要的岗位上；二是各级官员的激励问题，政治锦标赛要求每一级的官员为了保住官位甚至晋升，<br>— 周黎安 · 《转型中的地方政府》 · p350	周黎安 转型中的地方政府 官员激励与治理 命题
关于「官员激励与治理」：我们认为，行政发包制因为强调政府内部层级间的发包关系…？	我们认为，行政发包制因为强调政府内部层级间的发包关系，财政制度安排只是其中的一个维度（当然是很重要的维度），因而比财政联邦主义内涵更丰富，分析更具延展性，也能够更加准确地揭示中国政府间关系和治理的特征。向行政发包和横向晋升竞争两个维度除了便于我们理解上面分析过的<br>— 周黎安 · 《转型中的地方政府》 · p352	周黎安 转型中的地方政府 官员激励与治理 命题
关于「官员激励与治理」：力毋庸置疑是国家能力的一个重要维度…？	力毋庸置疑是国家能力的一个重要维度，18世纪以来西方国家的政权建设过程清楚地反映了这一点。可是，中国政府运行的逻辑从来就很独特，与西方国家差异很大。如果以中央控制的财税能力衡量国家能<br>— 周黎安 · 《转型中的地方政府》 · p357	周黎安 转型中的地方政府 官员激励与治理 命题
关于「官员激励与治理」：但是，我认为，中央政府对地方官员的控制不仅是根据地方官员的违规行为来决定其晋升…？	但是，我认为，中央政府对地方官员的控制不仅是根据地方官员的违规行为来决定其晋升，更重要的控制手段是在同<br>— 周黎安 · 《转型中的地方政府》 · p357	周黎安 转型中的地方政府 官员激励与治理 命题
关于「官员激励与治理」：晋升竞争机制，这是中央施加决定性影响的最重要的手段…？	晋升竞争机制，这是中央施加决定性影响的最重要的手段。多数官员感到晋升机会渺茫，或者因为某种原因认为不晋升胜于晋升，比如对一些地方官员而言，做一个经济发达的乡镇的镇长胜于做县长或市长；或者官员晋升机制完全演变成了上下级官员之间“人脉<br>— 周黎安 · 《转型中的地方政府》 · p358	周黎安 转型中的地方政府 官员激励与治理 命题
关于「官员激励与治理」：我认为计划经济的影响可能存在，但并不完全如此…？	我认为计划经济的影响可能存在，但并不完全如此。更根本的制度原因是中国独具特色的官僚管理体制，即多层级的政治锦标赛和属地化行政发包体制相互作用的结果。首先，中国不同层级政府之间的关系<br>— 周黎安 · 《转型中的地方政府》 · p360	周黎安 转型中的地方政府 官员激励与治理 命题
关于「官员激励与治理」：问责，节能完成情况成为干部政绩考核的一个重要指标…？	问责，节能完成情况成为干部政绩考核的一个重要指标，实行“一票没有完成任务的省份和重点企业要做出说明，限期整改，领导干部在本年度不允许参加评先评优，也不能获得荣誉称号。区和该企业新建的高耗能项目，将一律停止核准和实行区域限批。千家企业中的国有独资、国有控股企业的考核评价结果将成为各级国<br>— 周黎安 · 《转型中的地方政府》 · p362	周黎安 转型中的地方政府 官员激励与治理 命题
关于「官员激励与治理」：能源消耗问题迟迟得不到解决，甚至越演越烈…？	能源消耗问题迟迟得不到解决，甚至越演越烈，关键在于地方官员的激励没有真正调动起来。在西方发达国家，治理环境污染的主要手段是依靠司法（如公益诉讼制度）和政府监管，结合市场的力量，比如向企业发放污染物排放量的配额许可，允许企业之间互相交易，这样既控制了总体的排污量，<br>— 周黎安 · 《转型中的地方政府》 · p363	周黎安 转型中的地方政府 官员激励与治理 命题
关于「官员激励与治理」：力和动力，为改革、开放和经济发展奠定了最重要的制度基础…？	力和动力，为改革、开放和经济发展奠定了最重要的制度基础。地方分权、财政分成制（包括80年代的财政包干制和1994年之后的分税制）、以经济绩效为基础的政治锦标赛究竟如何促进地区竞争，为中国的高速经济增长提供了坚实的制度基础，目前有很多文献从不同角度对此问题加以了解释。<br>— 周黎安 · 《转型中的地方政府》 · p368	周黎安 转型中的地方政府 官员激励与治理 命题
关于「官员激励与治理」：80年代启动的行政性分权改革的一个最重要的方面就是把对于企业的经营管理权限逐步下…？	80年代启动的行政性分权改革的一个最重要的方面就是把对于企业的经营管理权限逐步下放给企业所隶属的地方政府。果只是把企业经营管理权下放给地方政府，而不同时赋予地方政府作为所有者的收益权，那么这个改革将不会有什么实际效果。代，国有企业的绝大多数利润需要上缴给所隶属的地方政府，然后地<br>— 周黎安 · 《转型中的地方政府》 · p369	周黎安 转型中的地方政府 官员激励与治理 命题
关于「官员激励与治理」：后向全国推广，这是中国改革成功的一个重要条件（Qian and Xu…？	后向全国推广，这是中国改革成功的一个重要条件（Qian and Xu，1993）。Cai和Triesman（2006）指出，这种局部实验并不是行政分权和M型经济的特权，集权模式下也会存在局部政策实验的情况；的是，局部实验的设计、部署和推广正是在一个中央集权的结构下才<br>— 周黎安 · 《转型中的地方政府》 · p371	周黎安 转型中的地方政府 官员激励与治理 命题
关于「官员激励与治理」：我们认为考察加总的财政支出的周期性波动存在严重的概念性问题…？	我们认为考察加总的财政支出的周期性波动存在严重的概念性问题。我国实行“一级政府一级预算”的预算体制，省本级政府一般只能安排省本级政府的财政支出，并没有权限干预下属各地级行政单位的财政支出。<br>— 周黎安 · 《转型中的地方政府》 · p374	周黎安 转型中的地方政府 官员激励与治理 命题
关于「官员激励与治理」：我们认为，官员往往倾向于在上任初期使得当地在各方面展现出一些新气象…？	我们认为，官员往往倾向于在上任初期使得当地在各方面展现出一些新气象，也就是民间所说的“新官上任三把火”，比如大力补贴公共交通系统、一次性解决企业拖欠农民工工资问题等。新增支出覆盖面通常较广，涉及教育、基础设施、行政管理等公共服务，官员以此打造自己的施政形象，显示其施政重点。<br>— 周黎安 · 《转型中的地方政府》 · p377	周黎安 转型中的地方政府 官员激励与治理 命题
关于「官员激励与治理」：预算约束是中国未来行政治理面临的一个重要议题…？	预算约束是中国未来行政治理面临的一个重要议题，否则，地方政府不顾自己行为可能带来的财政和金融后果，最后积累成庞大的债务问题，逼迫中央埋单，这个后果将不堪设想。近年来各地房地产价格增长迅速，在这个过程中，地方政府是极为重如前面第6章第5节所讨论的那样，对于大多数市县来说，<br>— 周黎安 · 《转型中的地方政府》 · p380	周黎安 转型中的地方政府 官员激励与治理 命题
关于「官员激励与治理」：方财政收入最重要的来源。土地财政运作的基本模式是…？	方财政收入最重要的来源。土地财政运作的基本模式是，地方政府通过各种手段征用土地，形成土地储备，然后通过招、拍、挂出让。这个过程中，地方政府成立各种政策性投资公司，以手中的土地为抵押向银行贷款，进行城市基础设施改造或旧城改造，改善城市的居住<br>— 周黎安 · 《转型中的地方政府》 · p380	周黎安 转型中的地方政府 官员激励与治理 命题
关于「官员激励与治理」：力是中国区别于许多发展中国家（如印度、巴西、俄罗斯）的显著特征…？	力是中国区别于许多发展中国家（如印度、巴西、俄罗斯）的显著特征，也是中国过去30多年取得令人瞩目的经济高速增长的制度基础。虽然我们在这些方面确实看到了举国体制的优势，但是在另外一些方面，比如食品安全、安全生产、扫黄和打击盗版、地方保护主义、环<br>— 周黎安 · 《转型中的地方政府》 · p381	周黎安 转型中的地方政府 官员激励与治理 命题
关于「官员激励与治理」：理解中国国家治理能力强弱的关键在于…？	理解中国国家治理能力强弱的关键在于，横向晋升竞争和纵向行政发包两者之间在本质上是互补关系（周黎安，2008）。在多个承包方面对一个共同发包方（发包方可以决定承包方的未来地位和报酬）的情形下，横向晋升竞争通过奖惩规则和相对绩效评估为承包方提供了强<br>— 周黎安 · 《转型中的地方政府》 · p383	周黎安 转型中的地方政府 官员激励与治理 命题
关于「官员激励与治理」：长期表现不佳，一个重要原因是集体项目相比个人项目单个运动员的能力不容易衡量和体现…？	长期表现不佳，一个重要原因是集体项目相比个人项目单个运动员的能力不容易衡量和体现，导致锦标赛效应弱化。社会维稳也是一个饱受争议的领域。一方面，对于地方官员来说，社会维稳属于“一票否<br>— 周黎安 · 《转型中的地方政府》 · p384	周黎安 转型中的地方政府 官员激励与治理 命题
关于「官员激励与治理」：非常关键的一点，从委托人来说也存在一个常态绩效考核（多任务但突出硬指标）和临时性…？	非常关键的一点，从委托人来说也存在一个常态绩效考核（多任务但突出硬指标）和临时性聚焦（单项考核）的权衡，因为承包方不可能把精力都放在运动治理的单项上，日常的常态考核才是关键。了下级政府对于专项治理行动的应付策略、消极态度和形式主义。关于地方政府在区域经济发展中的作用，经济学文献区分“帮助之<br>— 周黎安 · 《转型中的地方政府》 · p387	周黎安 转型中的地方政府 官员激励与治理 命题
关于「官员激励与治理」：由这个讨论引发的一个重要的结论是…？	由这个讨论引发的一个重要的结论是，地方主要领导的领导力（leadership）是重要的，即地方领导对职能部门的横向整合、纵向制约和控制能力对一个地区的经济发展极为重要，关系到政府从掠夺之手到帮助之手的转换。[1] 我这里使用的“全能型政府”一词的含义也许和政治学的定义<br>— 周黎安 · 《转型中的地方政府》 · p387	周黎安 转型中的地方政府 官员激励与治理 命题
关于「官员激励与治理」：第2章我们提出了一个关于行政发包程度和范围如何决定的概念框架…？	第2章我们提出了一个关于行政发包程度和范围如何决定的概念框架，强调有两大类因素在起作用。一类因素与公共服务的需求有关，涉及公众或公共服务对象对政府服务的质量要求以及这些质量要求对发包人形成的责任压力；<br>— 周黎安 · 《转型中的地方政府》 · p404	周黎安 转型中的地方政府 官员激励与治理 命题
关于「官员激励与治理」：然而，一个重要的问题是，这种系统转型能否真正完成中国政府治理的现代性…？	然而，一个重要的问题是，这种系统转型能否真正完成中国政府治理的现代性？或者说，在从传统性向现代性转变的过程中，有哪些可能的瓶颈和阻力？在新中国的历史上，中央与地方的关系经常处于集权—分权的循环之<br>— 周黎安 · 《转型中的地方政府》 · p406	周黎安 转型中的地方政府 官员激励与治理 命题
关于「官员激励与治理」：[7] 而造成行政分权两难困境的关键在于我国行政政府体制中信息获取与监督的性质…？	[7] 而造成行政分权两难困境的关键在于我国行政政府体制中信息获取与监督的性质，即中央政府主要依靠自上而下收集有关地方政府施政的信息，形成垂直监督和控制，而较少利<br>— 周黎安 · 《转型中的地方政府》 · p406	周黎安 转型中的地方政府 官员激励与治理 命题
关于「官员激励与治理」：[9] 民主政体消解前述的分权的两难困境的关键在于…？	[9] 民主政体消解前述的分权的两难困境的关键在于，监督和控制地方政府的功能不再唯一地由中央或上一级政府完成，而是借助了最有发言权的公众的评价和判断，通过选举投票来表达。当然，相对独立的司法对政府行为的监督和制约也不可或缺。<br>— 周黎安 · 《转型中的地方政府》 · p407	周黎安 转型中的地方政府 官员激励与治理 命题
关于「官员激励与治理」：好地符合老百姓的利益，我们认为要进一步完善两个机制：第一个是建立来自政府服务受众…？	好地符合老百姓的利益，我们认为要进一步完善两个机制：第一个是建立来自政府服务受众的信息反馈机制，这些反馈信息可以传递给上级部门，也可以由一个公共平台曝光出来。这在当今移动互联和大数据时代是完全可能做到的，企业和个人如果遇到政府的不公正待遇，<br>— 周黎安 · 《转型中的地方政府》 · p408	周黎安 转型中的地方政府 官员激励与治理 命题
关于「官员激励与治理」：选举甚至在一定范围内的竞选成为地方官员职务任免的一个重要方式…？	选举甚至在一定范围内的竞选成为地方官员职务任免的一个重要方式，使得地方官员必须关注民生，提高公共服务水平，而非仅仅以推动经济增长为唯一目标。[11] 再次，传统的激励型财政将向公共财政过渡，尤其是传统的形形色色的“预算包干制”将逐渐取消，财政预算<br>— 周黎安 · 《转型中的地方政府》 · p410	周黎安 转型中的地方政府 官员激励与治理 命题
关于「官员激励与治理」：容和方式上有重要的分歧，这是项目搁浅的一个重要原因…？	容和方式上有重要的分歧，这是项目搁浅的一个重要原因。原因是，绿色GDP核算遇到了来自一些地方政府的阻力。因为一些地方官员担心如果扣除环境成本损失，这些地区的GDP增长会大打折扣。而，当绿色GDP评价体系遇到重重阻力而搁浅之时，为了治理中国环境<br>— 周黎安 · 《转型中的地方政府》 · p411	周黎安 转型中的地方政府 官员激励与治理 命题
关于「官员激励与治理」：需要强调的是，我们在现实生活中所观察到的形形色色的激励手段都可以认为是下述基本激…？	需要强调的是，我们在现实生活中所观察到的形形色色的激励手段都可以认为是下述基本激励工具的直接应用或某种搭配和变种。1. 激励契约激励契约（incentive contracts）是委托人为了引导代理人更加努力<br>— 周黎安 · 《转型中的地方政府》 · p416	周黎安 转型中的地方政府 官员激励与治理 命题
关于「官员激励与治理」：资加奖金制，一个重要原因是相对来说政府部门的产出难以准确衡第三…？	资加奖金制，一个重要原因是相对来说政府部门的产出难以准确衡第三，如果代理人规避风险的倾向较为严重，那么应该给予其较弱的由于产出会受到一些随机因素的影响，所以代理人的努力和产出并不是一一对应的关系。如果给予代理人强激励，即将产出和报酬<br>— 周黎安 · 《转型中的地方政府》 · p418	周黎安 转型中的地方政府 官员激励与治理 命题
关于「官员激励与治理」：需要强调的是，效率工资作为一种激励方式与激励契约的区别在于…？	需要强调的是，效率工资作为一种激励方式与激励契约的区别在于，前者不需要将工资与工人的绩效挂钩，也不需要工人的绩效可以观察<br>— 周黎安 · 《转型中的地方政府》 · p421	周黎安 转型中的地方政府 官员激励与治理 命题
关于「官员激励与治理」：因此某种区别于市场的某种组织安排或者是治理结构（governancestruct…？	因此某种区别于市场的某种组织安排或者是治理结构（governancestructure），如长期契约、企业联盟或企业自己生产，就会出现，代替单纯的现货交易（spot-market transaction）。这些非市场的治理结构可以对专用性投资进行事后的保护，防止机会主义行为对事前投<br>— 周黎安 · 《转型中的地方政府》 · p424	周黎安 转型中的地方政府 官员激励与治理 命题
关于「官员激励与治理」：的优势是解释中国改革成功，而苏联改革失败的一个重要原因…？	的优势是解释中国改革成功，而苏联改革失败的一个重要原因。金、钱颖一和许成钢（Maskin, Qian and Xu, 2000）一文尝试了用激励的观点来论述M型组织的优势：由于M型组织中，各事业部之间有很高的相似性，因此公司总部可以让各部门进行标杆竞争来更好地激励事业部经理。<br>— 周黎安 · 《转型中的地方政府》 · p427	周黎安 转型中的地方政府 官员激励与治理 命题
关于「官员激励与治理」：果我们认为为了做出一个好的决策，必须花费一些投入…？	果我们认为为了做出一个好的决策，必须花费一些投入，如收集信息、集思广益、认真思考和权衡，那么，决策权的归属就决定了决策投入的收益是否受到保护。如果决策权在上级，下属对于做出一个好的决策的激励就会下降，因为他（她）辛辛苦苦提出的决策建议可能<br>— 周黎安 · 《转型中的地方政府》 · p428	周黎安 转型中的地方政府 官员激励与治理 命题
关于「官员激励与治理」：不同于Hart、Shleifer和Vishny（1997）的关于政府边界的定义（…？	不同于Hart、Shleifer和Vishny（1997）的关于政府边界的定义（周黎安，2016）。笔者认为，政府组织的边界是由官僚组织内部上下级职位系列的晋升链条所决定。自下而上的晋升链条断于何处，官僚制<br>— 周黎安 · 《转型中的地方政府》 · p431	周黎安 转型中的地方政府 官员激励与治理 命题
关于「官员激励与治理」：笔者认为，政府组织的边界是由官僚组织内部上下级职位系列的晋升链条所决定…？	笔者认为，政府组织的边界是由官僚组织内部上下级职位系列的晋升链条所决定。自下而上的晋升链条断于何处，官僚制就止于何处，晋升链条的最顶端定义了行政组织的最高权威，晋升链<br>— 周黎安 · 《转型中的地方政府》 · p431	周黎安 转型中的地方政府 官员激励与治理 命题
关于「官员激励与治理」：以晋升序列作为识别政府组织边界的标准…？	以晋升序列作为识别政府组织边界的标准，区别于Hart、Shleifer和Vishny（1997）所强调的资产所有权的标准，便于准确认识中国官僚组织的边界。我们知道，明清时期官吏分途，胥吏虽然从事政府事务，但没有晋升希望，被排除在正式的官僚体制之外，从官至吏由行<br>— 周黎安 · 《转型中的地方政府》 · p432	周黎安 转型中的地方政府 官员激励与治理 命题
关于「官员激励与治理」：Tirole（1994），这是由政府治理区别于企业治理的一些技术特征决政府在以下…？	Tirole（1994），这是由政府治理区别于企业治理的一些技术特征决政府在以下几个方面和私人企业存在着差异：第一，政府面临着多个维度的目标；相比之下，企业的经营目标非常明确，就是追求利润最大化。<br>— 周黎安 · 《转型中的地方政府》 · p433	周黎安 转型中的地方政府 官员激励与治理 命题
关于「官员激励与治理」：发包，既区别于传统的韦伯意义上的官僚制…？	发包，既区别于传统的韦伯意义上的官僚制，又不同于西方新公共管理中的发包制——即政府向市场的外部发包。A.3 政府间关系：分权与财政联邦主义如果像传统经济学假定的那样，中央政府能够完全根据居民的偏好、经济中的产品和服务总量以及资源禀赋提供公共产品，从而实现社会<br>— 周黎安 · 《转型中的地方政府》 · p436	周黎安 转型中的地方政府 官员激励与治理 命题
关于「官员激励与治理」：邦主义（有时也称之为保护市场的财政联邦主义）的主要观点…？	邦主义（有时也称之为保护市场的财政联邦主义）的主要观点。先，他们质疑了以往政府是公民福利的最大化者的假设。政府和政府官员都有自己的物质利益，和企业经理人相类似，政府官员只要缺乏约束就会有寻租行为，所以必须要有一个有效的政府治理结构来实现官员利益和地方居民福利之间的激励相容。<br>— 周黎安 · 《转型中的地方政府》 · p438	周黎安 转型中的地方政府 官员激励与治理 命题
关于「官员激励与治理」：它是博弈论中的一个重要概念，是指符合序贯理性（sequential ration…？	它是博弈论中的一个重要概念，是指符合序贯理性（sequential rationality）要求的承诺。政府间的关系，政企关系以及转型经济中出现的很多问题，都可以从承诺的可信性方面加以研举例来讲，著名社会主义经济学家科尔奈曾经提出过著名的“预算软<br>— 周黎安 · 《转型中的地方政府》 · p439	周黎安 转型中的地方政府 官员激励与治理 命题
关于「经济（284条）」：* 这是习近平在中央全面深化改革领导小组第四次会议上的讲话要点…？	* 这是习近平在中央全面深化改革领导小组第四次会议上的讲话要点<br>— 习近平 · 《习近平谈治国理政·第二卷》 · p100	习近平 习近平谈治国理政第二 经济284条 命题
关于「经济（284条）」：* 这是习近平在中央全面深化改革领导小组第三十六次会议上的讲话要点…？	* 这是习近平在中央全面深化改革领导小组第三十六次会议上的讲话要点<br>— 习近平 · 《习近平谈治国理政·第二卷》 · p110	习近平 习近平谈治国理政第二 经济284条 命题
关于「经济（284条）」：三、推动广大非公有制经济人士做合格的中国特色社会主义事业建设者…？	三、推动广大非公有制经济人士做合格的中国特色社会主义事业建设者<br>— 习近平 · 《习近平谈治国理政·第二卷》 · p253	习近平 习近平谈治国理政第二 经济284条 命题
关于「政治（107条）」：提出了更高要求，而且在民主、法治、公平、正义、安全、环境等方面的要求日益增长…？	提出了更高要求，而且在民主、法治、公平、正义、安全、环境等方面的要求日益增长<br>— 习近平 · 《习近平谈治国理政·第三卷》 · p9	习近平 习近平谈治国理政第三 政治107条 命题
关于「政治（107条）」：推进诚信建设和志愿服务制度化，强化社会责任意识、规则意识、奉献意识…？	推进诚信建设和志愿服务制度化，强化社会责任意识、规则意识、奉献意识<br>— 习近平 · 《习近平谈治国理政·第三卷》 · p18	习近平 习近平谈治国理政第三 政治107条 命题
关于「政治（107条）」：批评，坚持惩前毖后、治病救人，运用监督执纪“四种形态”，抓早抓小、防微杜渐…？	批评，坚持惩前毖后、治病救人，运用监督执纪“四种形态”，抓早抓小、防微杜渐<br>— 习近平 · 《习近平谈治国理政·第三卷》 · p25	习近平 习近平谈治国理政第三 政治107条 命题
关于「政治（107条）」：既要政治过硬，也要本领高强，并就全面增强执政本领提出了具体要求…？	既要政治过硬，也要本领高强，并就全面增强执政本领提出了具体要求<br>— 习近平 · 《习近平谈治国理政·第三卷》 · p32	习近平 习近平谈治国理政第三 政治107条 命题
关于「政治（107条）」：会制度是坚持党的领导、人民当家作主、依法治国有机统一的根本政治制度安排…？	会制度是坚持党的领导、人民当家作主、依法治国有机统一的根本政治制度安排<br>— 习近平 · 《习近平谈治国理政·第三卷》 · p89	习近平 习近平谈治国理政第三 政治107条 命题
关于「政治（107条）」：制度、推进国家治理体系和治理能力现代化，运用制度威力应对风险挑战的冲击…？	制度、推进国家治理体系和治理能力现代化，运用制度威力应对风险挑战的冲击<br>— 习近平 · 《习近平谈治国理政·第三卷》 · p101	习近平 习近平谈治国理政第三 政治107条 命题
关于「政治（107条）」：社会主义制度、推进国家治理体系和治理能力现代化的领导提出要求…？	社会主义制度、推进国家治理体系和治理能力现代化的领导提出要求<br>— 习近平 · 《习近平谈治国理政·第三卷》 · p103	习近平 习近平谈治国理政第三 政治107条 命题
关于「政治（107条）」：水林田湖草系统治理，强化大气、水、土壤污染防治，让湖北天更蓝、地更绿、水更清…？	水林田湖草系统治理，强化大气、水、土壤污染防治，让湖北天更蓝、地更绿、水更清<br>— 习近平 · 《习近平谈治国理政·第三卷》 · p118	习近平 习近平谈治国理政第三 政治107条 命题
关于「政治（107条）」：等部门主要负责同志，中共中央政治局委员、国务院副总理胡春华先后发言…？	等部门主要负责同志，中共中央政治局委员、国务院副总理胡春华先后发言<br>— 习近平 · 《习近平谈治国理政·第三卷》 · p127	习近平 习近平谈治国理政第三 政治107条 命题
关于「政治（107条）」：管辖范围，健全完善诉讼规则，构建统一诉讼平台，推动网络空间治理法治化…？	管辖范围，健全完善诉讼规则，构建统一诉讼平台，推动网络空间治理法治化<br>— 习近平 · 《习近平谈治国理政·第三卷》 · p177	习近平 习近平谈治国理政第三 政治107条 命题
关于「政治（107条）」：则问题上，全党全国必须保持高度的思想自觉、政治自觉、行动自觉，丝毫不能动摇…？	则问题上，全党全国必须保持高度的思想自觉、政治自觉、行动自觉，丝毫不能动摇<br>— 习近平 · 《习近平谈治国理政·第三卷》 · p194	习近平 习近平谈治国理政第三 政治107条 命题
关于「政治（107条）」：建设、防控重大风险、加强法治保障、增强国家安全意识等方面工作…？	建设、防控重大风险、加强法治保障、增强国家安全意识等方面工作<br>— 习近平 · 《习近平谈治国理政·第三卷》 · p216	习近平 习近平谈治国理政第三 政治107条 命题
关于「政治（107条）」：减轻企业负担，加快推进涉企行政事业性收费零收费，降低企业成本…？	减轻企业负担，加快推进涉企行政事业性收费零收费，降低企业成本<br>— 习近平 · 《习近平谈治国理政·第三卷》 · p253	习近平 习近平谈治国理政第三 政治107条 命题
关于「政治（107条）」：管理水平，完善法人治理结构，鼓励有条件的民营企业建立现代企业制度…？	管理水平，完善法人治理结构，鼓励有条件的民营企业建立现代企业制度<br>— 习近平 · 《习近平谈治国理政·第三卷》 · p254	习近平 习近平谈治国理政第三 政治107条 命题
关于「政治（107条）」：础上，加快养老保险全国统筹进度，在全国范围内实现制度统一和区域间互助共济…？	础上，加快养老保险全国统筹进度，在全国范围内实现制度统一和区域间互助共济<br>— 习近平 · 《习近平谈治国理政·第三卷》 · p257	习近平 习近平谈治国理政第三 政治107条 命题
关于「政治（107条）」：坚持和发展中国特色社会主义更加需要依靠法治，更加需要加强党对全面依法治国的领导…？	坚持和发展中国特色社会主义更加需要依靠法治，更加需要加强党对全面依法治国的领导<br>— 习近平 · 《习近平谈治国理政·第三卷》 · p260	习近平 习近平谈治国理政第三 政治107条 命题
关于「政治（107条）」：委员会各协调小组要在各自领域发挥作用，加强对相关领域法治工作的协调…？	委员会各协调小组要在各自领域发挥作用，加强对相关领域法治工作的协调<br>— 习近平 · 《习近平谈治国理政·第三卷》 · p261	习近平 习近平谈治国理政第三 政治107条 命题
关于「政治（107条）」：向发力，积极围绕贯彻落实党和国家重要决策部署情况开展民主监督…？	向发力，积极围绕贯彻落实党和国家重要决策部署情况开展民主监督<br>— 习近平 · 《习近平谈治国理政·第三卷》 · p266	习近平 习近平谈治国理政第三 政治107条 命题
关于「文化（63条）」：[26 )见本书《切实把思想统一到党的十八届三中全会精神土来》注[4 )…？	[26 )见本书《切实把思想统一到党的十八届三中全会精神土来》注[4 )<br>— 习近平 · 《习近平谈治国理政·第一卷》 · p227	习近平 习近平谈治国理政第一 文化63条 命题
关于「文化（63条）」：(2J 见本书《青年要自觉践行社会主义核心价值观》注[ 11 J…？	(2J 见本书《青年要自觉践行社会主义核心价值观》注[ 11 J<br>— 习近平 · 《习近平谈治国理政·第一卷》 · p317	习近平 习近平谈治国理政第一 文化63条 命题
关于「文化（63条）」：全屏障体系，构建生态廊道和生物多样性保护网络，提升生态系统质量和稳定性…？	全屏障体系，构建生态廊道和生物多样性保护网络，提升生态系统质量和稳定性<br>— 习近平 · 《习近平谈治国理政·第三卷》 · p21	习近平 习近平谈治国理政第三 文化63条 命题
关于「文化（63条）」：商化解分歧，统筹应对传统和非传统安全威胁，反对一切形式的恐怖主义…？	商化解分歧，统筹应对传统和非传统安全威胁，反对一切形式的恐怖主义<br>— 习近平 · 《习近平谈治国理政·第三卷》 · p23	习近平 习近平谈治国理政第三 文化63条 命题
关于「文化（63条）」：众一心推动实现“两个一百年”奋斗目标、实现中华民族伟大复兴中国梦的强大力量…？	众一心推动实现“两个一百年”奋斗目标、实现中华民族伟大复兴中国梦的强大力量<br>— 习近平 · 《习近平谈治国理政·第三卷》 · p30	习近平 习近平谈治国理政第三 文化63条 命题
关于「文化（63条）」：要向传统学又要向现代学，努力成为兼收并蓄、融会贯通的通达之才…？	要向传统学又要向现代学，努力成为兼收并蓄、融会贯通的通达之才<br>— 习近平 · 《习近平谈治国理政·第三卷》 · p32	习近平 习近平谈治国理政第三 文化63条 命题
关于「文化（63条）」：——学习马克思，就要学习和实践马克思主义关于坚守人民立场的思想…？	——学习马克思，就要学习和实践马克思主义关于坚守人民立场的思想<br>— 习近平 · 《习近平谈治国理政·第三卷》 · p48	习近平 习近平谈治国理政第三 文化63条 命题
关于「文化（63条）」：——学习马克思，就要学习和实践马克思主义关于生产力和生产关系的思想…？	——学习马克思，就要学习和实践马克思主义关于生产力和生产关系的思想<br>— 习近平 · 《习近平谈治国理政·第三卷》 · p48	习近平 习近平谈治国理政第三 文化63条 命题
关于「文化（63条）」：——学习马克思，就要学习和实践马克思主义关于人与自然关系的思想…？	——学习马克思，就要学习和实践马克思主义关于人与自然关系的思想<br>— 习近平 · 《习近平谈治国理政·第三卷》 · p49	习近平 习近平谈治国理政第三 文化63条 命题
关于「文化（63条）」：坚持用新时代中国特色社会主义思想武装头脑，经常对表对标，及时校准偏差…？	坚持用新时代中国特色社会主义思想武装头脑，经常对表对标，及时校准偏差<br>— 习近平 · 《习近平谈治国理政·第三卷》 · p74	习近平 习近平谈治国理政第三 文化63条 命题
关于「文化（63条）」：题和重大任务、需要采取的重要举措等提出了不少有价值的意见和建议…？	题和重大任务、需要采取的重要举措等提出了不少有价值的意见和建议<br>— 习近平 · 《习近平谈治国理政·第三卷》 · p101	习近平 习近平谈治国理政第三 文化63条 命题
关于「文化（63条）」：结底就是中国共产党必须始终为中国人民谋幸福、为中华民族谋复兴…？	结底就是中国共产党必须始终为中国人民谋幸福、为中华民族谋复兴<br>— 习近平 · 《习近平谈治国理政·第三卷》 · p136	习近平 习近平谈治国理政第三 文化63条 命题
关于「文化（63条）」：找”的要求，交流思想、检视问题、深刻剖析，开展批评和自我批评…？	找”的要求，交流思想、检视问题、深刻剖析，开展批评和自我批评<br>— 习近平 · 《习近平谈治国理政·第三卷》 · p139	习近平 习近平谈治国理政第三 文化63条 命题
关于「文化（63条）」：会议指出，进一步推进移风易俗、建设文明乡风是实施乡村振兴战略的重要内容…？	会议指出，进一步推进移风易俗、建设文明乡风是实施乡村振兴战略的重要内容<br>— 习近平 · 《习近平谈治国理政·第三卷》 · p183	习近平 习近平谈治国理政第三 文化63条 命题
关于「文化（63条）」：要加强舆论引导，正确宣传党和国家大政方针，对一些错误说法要及时澄清…？	要加强舆论引导，正确宣传党和国家大政方针，对一些错误说法要及时澄清<br>— 习近平 · 《习近平谈治国理政·第三卷》 · p254	习近平 习近平谈治国理政第三 文化63条 命题
关于「文化（63条）」：主义教育摆在更加突出的位置，把爱我中华的种子埋入每个孩子的心灵深处…？	主义教育摆在更加突出的位置，把爱我中华的种子埋入每个孩子的心灵深处<br>— 习近平 · 《习近平谈治国理政·第三卷》 · p271	习近平 习近平谈治国理政第三 文化63条 命题
关于「文化（63条）」：中心的创作导向，坚持营造风清气正的网络空间，坚持讲好中国故事、传播好中国声音…？	中心的创作导向，坚持营造风清气正的网络空间，坚持讲好中国故事、传播好中国声音<br>— 习近平 · 《习近平谈治国理政·第三卷》 · p276	习近平 习近平谈治国理政第三 文化63条 命题
关于「文化（63条）」：两岸同胞要共同传承中华优秀传统文化，推动其实现创造性转化、创新性发展…？	两岸同胞要共同传承中华优秀传统文化，推动其实现创造性转化、创新性发展<br>— 习近平 · 《习近平谈治国理政·第三卷》 · p344	习近平 习近平谈治国理政第三 文化63条 命题
关于「文化（63条）」：为更好推进人类文明进步事业，我们必须登高望远，正确认识和把握世界大势和时代潮流…？	为更好推进人类文明进步事业，我们必须登高望远，正确认识和把握世界大势和时代潮流<br>— 习近平 · 《习近平谈治国理政·第三卷》 · p359	习近平 习近平谈治国理政第三 文化63条 命题
关于「文化（63条）」：我们要传播重和平、尚和谐、求真知的理念，办好中阿文明对话暨去极端化圆桌会议…？	我们要传播重和平、尚和谐、求真知的理念，办好中阿文明对话暨去极端化圆桌会议<br>— 习近平 · 《习近平谈治国理政·第三卷》 · p385	习近平 习近平谈治国理政第三 文化63条 命题
关于「文化（63条）」：要当口号喊，要真正落实到思想和行动上，不能做“不知有汉，无论魏晋”的桃花源中人…？	要当口号喊，要真正落实到思想和行动上，不能做“不知有汉，无论魏晋”的桃花源中人<br>— 习近平 · 《习近平谈治国理政·第三卷》 · p422	习近平 习近平谈治国理政第三 文化63条 命题
关于「文化（63条）」：思想，在深化认识中提高认识，切实增强贯彻落实的思想自觉和行动自觉…？	思想，在深化认识中提高认识，切实增强贯彻落实的思想自觉和行动自觉<br>— 习近平 · 《习近平谈治国理政·第三卷》 · p422	习近平 习近平谈治国理政第三 文化63条 命题
关于「社会（46条）」：而为、量力而行，落实各项惠民政策，做好普惠性、基础性、兜底性民生建设…？	而为、量力而行，落实各项惠民政策，做好普惠性、基础性、兜底性民生建设<br>— 习近平 · 《习近平谈治国理政·第三卷》 · p53	习近平 习近平谈治国理政第三 社会46条 命题
关于「社会（46条）」：加强应急管理和能力建设，切实保障人民群众生命财产安全摆到重要位置…？	加强应急管理和能力建设，切实保障人民群众生命财产安全摆到重要位置<br>— 习近平 · 《习近平谈治国理政·第三卷》 · p87	习近平 习近平谈治国理政第三 社会46条 命题
关于「社会（46条）」：加强社区治理体系建设，坚持精准扶贫精准脱贫，推进民生保障精准化精细化…？	加强社区治理体系建设，坚持精准扶贫精准脱贫，推进民生保障精准化精细化<br>— 习近平 · 《习近平谈治国理政·第三卷》 · p118	习近平 习近平谈治国理政第三 社会46条 命题
关于「社会（46条）」：估，确保脱贫过程扎实、脱贫结果真实，使脱贫攻坚成效经得起实践和历史检验…？	估，确保脱贫过程扎实、脱贫结果真实，使脱贫攻坚成效经得起实践和历史检验<br>— 习近平 · 《习近平谈治国理政·第三卷》 · p156	习近平 习近平谈治国理政第三 社会46条 命题
关于「社会（46条）」：首位，聚焦深度贫困地区，扎实推进各项工作，全面打好脱贫攻坚战…？	首位，聚焦深度贫困地区，扎实推进各项工作，全面打好脱贫攻坚战<br>— 习近平 · 《习近平谈治国理政·第三卷》 · p159	习近平 习近平谈治国理政第三 社会46条 命题
关于「社会（46条）」：今后3 年，要先把建档立卡贫困人口中需要搬迁的应搬尽搬，同步搬迁的逐步实施…？	今后3 年，要先把建档立卡贫困人口中需要搬迁的应搬尽搬，同步搬迁的逐步实施<br>— 习近平 · 《习近平谈治国理政·第三卷》 · p160	习近平 习近平谈治国理政第三 社会46条 命题
关于「社会（46条）」：会上提出脱贫攻坚要重点解决“扶持谁”、“谁来扶”、“怎么扶”、“如何退”4 个问…？	会上提出脱贫攻坚要重点解决“扶持谁”、“谁来扶”、“怎么扶”、“如何退”4 个问题<br>— 习近平 · 《习近平谈治国理政·第三卷》 · p170	习近平 习近平谈治国理政第三 社会46条 命题
关于「社会（46条）」：就一直想着落成后要来看一看，今天如愿以偿了，确实深受教育和鼓舞…？	就一直想着落成后要来看一看，今天如愿以偿了，确实深受教育和鼓舞<br>— 习近平 · 《习近平谈治国理政·第三卷》 · p390	习近平 习近平谈治国理政第三 社会46条 命题
关于「社会（46条）」：要坚决查处医疗机构内外勾结欺诈骗保行为，建立和强化长效监管机制…？	要坚决查处医疗机构内外勾结欺诈骗保行为，建立和强化长效监管机制<br>— 习近平 · 《习近平谈治国理政·第三卷》 · p426	习近平 习近平谈治国理政第三 社会46条 命题
关于「生态（25条）」：染管控和修复，加强农业面源污染防治，开展农村人居环境整治行动…？	染管控和修复，加强农业面源污染防治，开展农村人居环境整治行动<br>— 习近平 · 《习近平谈治国理政·第三卷》 · p21	习近平 习近平谈治国理政第三 生态25条 命题
关于「生态（25条）」：推动形成人与自然和谐发展现代化建设新格局，为保护生态环境作出我们这代人的努力…？	推动形成人与自然和谐发展现代化建设新格局，为保护生态环境作出我们这代人的努力<br>— 习近平 · 《习近平谈治国理政·第三卷》 · p21	习近平 习近平谈治国理政第三 生态25条 命题
关于「生态（25条）」：完善农村生活设施，打造农民安居乐业的美丽家园，让良好生态成为乡村振兴支撑点…？	完善农村生活设施，打造农民安居乐业的美丽家园，让良好生态成为乡村振兴支撑点<br>— 习近平 · 《习近平谈治国理政·第三卷》 · p234	习近平 习近平谈治国理政第三 生态25条 命题
关于「生态（25条）」：港口、完善的现代海洋产业体系、绿色可持续的海洋生态环境，为海洋强国建设作出贡献…？	港口、完善的现代海洋产业体系、绿色可持续的海洋生态环境，为海洋强国建设作出贡献<br>— 习近平 · 《习近平谈治国理政·第三卷》 · p234	习近平 习近平谈治国理政第三 生态25条 命题
关于「生态（25条）」：问题，坚决打好污染防治攻坚战，推动我国生态文明建设迈上新台阶…？	问题，坚决打好污染防治攻坚战，推动我国生态文明建设迈上新台阶<br>— 习近平 · 《习近平谈治国理政·第三卷》 · p320	习近平 习近平谈治国理政第三 生态25条 命题
关于「生态（25条）」：们要倡导简约适度、绿色低碳的生活方式，拒绝奢华和浪费，形成文明健康的生活风尚…？	们要倡导简约适度、绿色低碳的生活方式，拒绝奢华和浪费，形成文明健康的生活风尚<br>— 习近平 · 《习近平谈治国理政·第三卷》 · p326	习近平 习近平谈治国理政第三 生态25条 命题
关于「外交（94条）」：方针深化同周边国家关系，秉持正确义利观和真实亲诚理念加强同发展中国家团结合作…？	方针深化同周边国家关系，秉持正确义利观和真实亲诚理念加强同发展中国家团结合作<br>— 习近平 · 《习近平谈治国理政·第三卷》 · p23	习近平 习近平谈治国理政第三 外交94条 命题
关于「外交（94条）」：各国人民一道，推动人类命运共同体建设，共同创造人类的美好未来…？	各国人民一道，推动人类命运共同体建设，共同创造人类的美好未来<br>— 习近平 · 《习近平谈治国理政·第三卷》 · p24	习近平 习近平谈治国理政第三 外交94条 命题
关于「外交（94条）」：极推动构建人类命运共同体，不断为人类和平与发展的崇高事业作出新的更大的贡献…？	极推动构建人类命运共同体，不断为人类和平与发展的崇高事业作出新的更大的贡献<br>— 习近平 · 《习近平谈治国理政·第三卷》 · p40	习近平 习近平谈治国理政第三 外交94条 命题
关于「外交（94条）」：稳定，推动海峡两岸关系和平发展，团结全体中华儿女，继续为实现祖国完全统一而奋斗…？	稳定，推动海峡两岸关系和平发展，团结全体中华儿女，继续为实现祖国完全统一而奋斗<br>— 习近平 · 《习近平谈治国理政·第三卷》 · p55	习近平 习近平谈治国理政第三 外交94条 命题
关于「外交（94条）」：大国协调和合作，深化同周边国家关系，加强同发展中国家团结合作…？	大国协调和合作，深化同周边国家关系，加强同发展中国家团结合作<br>— 习近平 · 《习近平谈治国理政·第三卷》 · p109	习近平 习近平谈治国理政第三 外交94条 命题
关于「外交（94条）」：他推动我国同各国特别是广大发展中国家发展友好合作关系，使我们的朋友遍天下…？	他推动我国同各国特别是广大发展中国家发展友好合作关系，使我们的朋友遍天下<br>— 习近平 · 《习近平谈治国理政·第三卷》 · p112	习近平 习近平谈治国理政第三 外交94条 命题
关于「外交（94条）」：之问，我们要不畏浮云遮望眼，善于拨云见日，把握历史规律，认清世界大势…？	之问，我们要不畏浮云遮望眼，善于拨云见日，把握历史规律，认清世界大势<br>— 习近平 · 《习近平谈治国理政·第三卷》 · p200	习近平 习近平谈治国理政第三 外交94条 命题
关于「外交（94条）」：人民友谊的桥梁、推动社会进步的动力、维护地区和世界和平的纽带…？	人民友谊的桥梁、推动社会进步的动力、维护地区和世界和平的纽带<br>— 习近平 · 《习近平谈治国理政·第三卷》 · p201	习近平 习近平谈治国理政第三 外交94条 命题
关于「外交（94条）」：中国始终是世界和平的建设者、全球发展的贡献者、国际秩序的维护者…？	中国始终是世界和平的建设者、全球发展的贡献者、国际秩序的维护者<br>— 习近平 · 《习近平谈治国理政·第三卷》 · p201	习近平 习近平谈治国理政第三 外交94条 命题
关于「外交（94条）」：世界经济，向着构建人类命运共同体目标不懈奋进，开创人类更加美好的未来…？	世界经济，向着构建人类命运共同体目标不懈奋进，开创人类更加美好的未来<br>— 习近平 · 《习近平谈治国理政·第三卷》 · p212	习近平 习近平谈治国理政第三 外交94条 命题
关于「外交（94条）」：要推进中国制造向中国创造转变，中国速度向中国质量转变，制造大国向制造强国转变…？	要推进中国制造向中国创造转变，中国速度向中国质量转变，制造大国向制造强国转变<br>— 习近平 · 《习近平谈治国理政·第三卷》 · p224	习近平 习近平谈治国理政第三 外交94条 命题
关于「外交（94条）」：梦的故事、中国坚持和平发展合作共赢的故事，让世界更好了解中国…？	梦的故事、中国坚持和平发展合作共赢的故事，让世界更好了解中国<br>— 习近平 · 《习近平谈治国理政·第三卷》 · p277	习近平 习近平谈治国理政第三 外交94条 命题
关于「外交（94条）」：共建“一带一路”就是要建设一条开放发展之路，同时也必须是一条绿色发展之路…？	共建“一带一路”就是要建设一条开放发展之路，同时也必须是一条绿色发展之路<br>— 习近平 · 《习近平谈治国理政·第三卷》 · p327	习近平 习近平谈治国理政第三 外交94条 命题
关于「外交（94条）」：台、一基地”建设扎实推进，人均地区生产总值大幅增长，跃居世界第二…？	台、一基地”建设扎实推进，人均地区生产总值大幅增长，跃居世界第二<br>— 习近平 · 《习近平谈治国理政·第三卷》 · p346	习近平 习近平谈治国理政第三 外交94条 命题
关于「外交（94条）」：要深化全方位外交布局，拓展全球伙伴关系网，不断扩大我国的“朋友圈”…？	要深化全方位外交布局，拓展全球伙伴关系网，不断扩大我国的“朋友圈”<br>— 习近平 · 《习近平谈治国理政·第三卷》 · p349	习近平 习近平谈治国理政第三 外交94条 命题
关于「外交（94条）」：局，落实重大外交活动规划，增强风险意识，坚定维护国家主权、安全、发展利益…？	局，落实重大外交活动规划，增强风险意识，坚定维护国家主权、安全、发展利益<br>— 习近平 · 《习近平谈治国理政·第三卷》 · p351	习近平 习近平谈治国理政第三 外交94条 命题
关于「外交（94条）」：既要把握世界多极化加速推进的大势，又要重视大国关系深入调整的态势…？	既要把握世界多极化加速推进的大势，又要重视大国关系深入调整的态势<br>— 习近平 · 《习近平谈治国理政·第三卷》 · p353	习近平 习近平谈治国理政第三 外交94条 命题
关于「外交（94条）」：的天然同盟军，要坚持正确义利观，做好同发展中国家团结合作的大文章…？	的天然同盟军，要坚持正确义利观，做好同发展中国家团结合作的大文章<br>— 习近平 · 《习近平谈治国理政·第三卷》 · p354	习近平 习近平谈治国理政第三 外交94条 命题
关于「军事（17条）」：军队是要准备打仗的，一切工作都必须坚持战斗力标准，向能打仗、打胜仗聚焦…？	军队是要准备打仗的，一切工作都必须坚持战斗力标准，向能打仗、打胜仗聚焦<br>— 习近平 · 《习近平谈治国理政·第三卷》 · p22	习近平 习近平谈治国理政第三 军事17条 命题
关于「军事（17条）」：我们坚决维护国家主权和领土完整，绝不容忍国家分裂的历史悲剧重演…？	我们坚决维护国家主权和领土完整，绝不容忍国家分裂的历史悲剧重演<br>— 习近平 · 《习近平谈治国理政·第三卷》 · p23	习近平 习近平谈治国理政第三 军事17条 命题
关于「军事（17条）」：有关部门主要负责同志，军队各大单位、中央军委机关各部门主要负责同志参加研讨班…？	有关部门主要负责同志，军队各大单位、中央军委机关各部门主要负责同志参加研讨班<br>— 习近平 · 《习近平谈治国理政·第三卷》 · p43	习近平 习近平谈治国理政第三 军事17条 命题
关于「军事（17条）」：党的建设工作，是推进党的建设新的伟大工程的必然要求，是推进强国强军的必然要求…？	党的建设工作，是推进党的建设新的伟大工程的必然要求，是推进强国强军的必然要求<br>— 习近平 · 《习近平谈治国理政·第三卷》 · p332	习近平 习近平谈治国理政第三 军事17条 命题
关于「军事（17条）」：着力锻造忠诚干净担当的高素质干部队伍，着力集聚矢志强军打赢的各方面优秀人才…？	着力锻造忠诚干净担当的高素质干部队伍，着力集聚矢志强军打赢的各方面优秀人才<br>— 习近平 · 《习近平谈治国理政·第三卷》 · p333	习近平 习近平谈治国理政第三 军事17条 命题
关于「党建（152条）」：我们党要始终成为时代先锋、民族脊梁，始终成为马克思主义执政党，自身必须始终过硬…？	我们党要始终成为时代先锋、民族脊梁，始终成为马克思主义执政党，自身必须始终过硬<br>— 习近平 · 《习近平谈治国理政·第三卷》 · p10	习近平 习近平谈治国理政第三 党建152条 命题
关于「党建（152条）」：完善、自我革新、自我提高的能力，始终保持党同人民群众的血肉联系…？	完善、自我革新、自我提高的能力，始终保持党同人民群众的血肉联系<br>— 习近平 · 《习近平谈治国理政·第三卷》 · p13	习近平 习近平谈治国理政第三 党建152条 命题
关于「党建（152条）」：全党必须牢记，为什么人的问题，是检验一个政党、一个政权性质的试金石…？	全党必须牢记，为什么人的问题，是检验一个政党、一个政权性质的试金石<br>— 习近平 · 《习近平谈治国理政·第三卷》 · p19	习近平 习近平谈治国理政第三 党建152条 命题
关于「党建（152条）」：挥机构，构建中国特色现代作战体系，担当起党和人民赋予的新时代使命任务…？	挥机构，构建中国特色现代作战体系，担当起党和人民赋予的新时代使命任务<br>— 习近平 · 《习近平谈治国理政·第三卷》 · p21	习近平 习近平谈治国理政第三 党建152条 命题
关于「党建（152条）」：绩，宣示了我们党深入推进党风廉政建设和反腐败斗争的坚强决心和坚定意志…？	绩，宣示了我们党深入推进党风廉政建设和反腐败斗争的坚强决心和坚定意志<br>— 习近平 · 《习近平谈治国理政·第三卷》 · p29	习近平 习近平谈治国理政第三 党建152条 命题
关于「党建（152条）」：第六，全面推进党的建设新的伟大工程，不断提高全面从严治党水平…？	第六，全面推进党的建设新的伟大工程，不断提高全面从严治党水平<br>— 习近平 · 《习近平谈治国理政·第三卷》 · p30	习近平 习近平谈治国理政第三 党建152条 命题
关于「党建（152条）」：成功经验，正视解决突出问题，一刻不停歇地推动全面从严治党向纵深发展…？	成功经验，正视解决突出问题，一刻不停歇地推动全面从严治党向纵深发展<br>— 习近平 · 《习近平谈治国理政·第三卷》 · p31	习近平 习近平谈治国理政第三 党建152条 命题
关于「党建（152条）」：贯彻落实党的十九大精神，还有一个重要任务，就是认真学习贯彻党章…？	贯彻落实党的十九大精神，还有一个重要任务，就是认真学习贯彻党章<br>— 习近平 · 《习近平谈治国理政·第三卷》 · p31	习近平 习近平谈治国理政第三 党建152条 命题
关于「党建（152条）」：——学习马克思，就要学习和实践马克思主义关于马克思主义政党建设的思想…？	——学习马克思，就要学习和实践马克思主义关于马克思主义政党建设的思想<br>— 习近平 · 《习近平谈治国理政·第三卷》 · p49	习近平 习近平谈治国理政第三 党建152条 命题
关于「党建（152条）」：习近平指出，坚持和加强党的全面领导，首先要维护党中央权威和集中统一领导…？	习近平指出，坚持和加强党的全面领导，首先要维护党中央权威和集中统一领导<br>— 习近平 · 《习近平谈治国理政·第三卷》 · p63	习近平 习近平谈治国理政第三 党建152条 命题
关于「党建（152条）」：习近平指出，要坚持以党的政治建设为统领，坚决维护党中央权威和集中统一领导…？	习近平指出，要坚持以党的政治建设为统领，坚决维护党中央权威和集中统一领导<br>— 习近平 · 《习近平谈治国理政·第三卷》 · p65	习近平 习近平谈治国理政第三 党建152条 命题
关于「党建（152条）」：治上都要站得稳、靠得住，对党忠诚老实、与党中央同心同德，听党指挥、为党尽责…？	治上都要站得稳、靠得住，对党忠诚老实、与党中央同心同德，听党指挥、为党尽责<br>— 习近平 · 《习近平谈治国理政·第三卷》 · p66	习近平 习近平谈治国理政第三 党建152条 命题
关于「党建（152条）」：习近平强调，要锲而不舍落实中央八项规定精神，保持党同人民群众的血肉联系…？	习近平强调，要锲而不舍落实中央八项规定精神，保持党同人民群众的血肉联系<br>— 习近平 · 《习近平谈治国理政·第三卷》 · p66	习近平 习近平谈治国理政第三 党建152条 命题
关于「党建（152条）」：各级党委（党组）就要敢抓敢管、严格执纪，把全面从严治党政治责任担负起来…？	各级党委（党组）就要敢抓敢管、严格执纪，把全面从严治党政治责任担负起来<br>— 习近平 · 《习近平谈治国理政·第三卷》 · p66	习近平 习近平谈治国理政第三 党建152条 命题
关于「党建（152条）」：要推动全面从严治党向基层延伸，严厉整治发生在群众身边的腐败问题…？	要推动全面从严治党向基层延伸，严厉整治发生在群众身边的腐败问题<br>— 习近平 · 《习近平谈治国理政·第三卷》 · p66	习近平 习近平谈治国理政第三 党建152条 命题
关于「党建（152条）」：要把扫黑除恶同反腐败结合起来，既抓涉黑组织，也抓后面的“保护伞”…？	要把扫黑除恶同反腐败结合起来，既抓涉黑组织，也抓后面的“保护伞”<br>— 习近平 · 《习近平谈治国理政·第三卷》 · p66	习近平 习近平谈治国理政第三 党建152条 命题
关于「党建（152条）」：各级纪检监察机关要以更高的标准、更严的纪律要求自己，提高自身免疫力…？	各级纪检监察机关要以更高的标准、更严的纪律要求自己，提高自身免疫力<br>— 习近平 · 《习近平谈治国理政·第三卷》 · p66	习近平 习近平谈治国理政第三 党建152条 命题
关于「党建（152条）」：系，强化分类考核，近距离接触干部，使选出来的干部组织放心、群众满意、干部服气…？	系，强化分类考核，近距离接触干部，使选出来的干部组织放心、群众满意、干部服气<br>— 习近平 · 《习近平谈治国理政·第三卷》 · p69	习近平 习近平谈治国理政第三 党建152条 命题
关于「综合（275条）」：* 这是习近平在“加强互联互通伙伴关系”东道主伙伴对话会上讲话的一部分…？	* 这是习近平在“加强互联互通伙伴关系”东道主伙伴对话会上讲话的一部分<br>— 习近平 · 《习近平谈治国理政·第二卷》 · p462	习近平 习近平谈治国理政第二 综合275条 命题
关于「理论命题/论断」：第一章序论：政府行为与中央一地方关系本书讨论的主题是中国当代的政府行为特征及其运…？	第一章序论：政府行为与中央一地方关系本书讨论的主题是中国当代的政府行为特征及其运作的规律<br>— 周飞舟 · 《以利为利》	周飞舟 以利为利 理论命题论断 命题
关于「理论命题/论断」：需要指出的是，这种财政分权下的地方竞争格局有着鲜明的中国特色…？	需要指出的是，这种财政分权下的地方竞争格局有着鲜明的中国特色，非常不同于如美国财政联邦制（Fiscal Federalism ）下的政府行为<br>— 周飞舟 · 《以利为利》	周飞舟 以利为利 理论命题论断 命题
关于「理论命题/论断」：由于中央政府掌握着对收入即“财权”的控制权…？	由于中央政府掌握着对收入即“财权”的控制权，所以这种分权在本质上是“事权”的下放和“财权”的部分下放<br>— 周飞舟 · 《以利为利》	周飞舟 以利为利 理论命题论断 命题
关于「理论命题/论断」：- 3-以利为利：财政关系与地方政府行为济现象…？	- 3-以利为利：财政关系与地方政府行为济现象，都一方面说明了这种“锦标赛体制”应对国际国内形势变化的极高效率，另一方面也说明了，在经历了九十年代快速的市场化改革之后，以地方政府为主导、以扩大投资规模为主要手段的经济增长模式又重新成为经济发展的主要路径<br>— 周飞舟 · 《以利为利》	周飞舟 以利为利 理论命题论断 命题
关于「理论命题/论断」：总结以上的研究，我们可以看出社会学在分析政府和社会关系时的特点…？	总结以上的研究，我们可以看出社会学在分析政府和社会关系时的特点<br>— 周飞舟 · 《以利为利》	周飞舟 以利为利 理论命题论断 命题
关于「理论命题/论断」：公共财政学派将政府定义为公共物品和公共服务的提供者…？	公共财政学派将政府定义为公共物品和公共服务的提供者，其提供公共服务的效率是辖区居民对政府认同和评价的基础，这也构成了制约政府行为最重要的力量<br>— 周飞舟 · 《以利为利》	周飞舟 以利为利 理论命题论断 命题
关于「理论命题/论断」：这个分析的意义在于，税费改革带来的中央和地方政府的一系列互动表面上看来都是针对农…？	这个分析的意义在于，税费改革带来的中央和地方政府的一系列互动表面上看来都是针对农民负担和农村公共服务的，但实质上却是在“谁来承担改革成本”这个问题的暗自较量<br>— 周飞舟 · 《以利为利》	周飞舟 以利为利 理论命题论断 命题
关于「理论命题/论断」：由此可以看出，地方政府剥夺农民土地、吸引企业和地产商占地的行为只有通过由分税制以…？	由此可以看出，地方政府剥夺农民土地、吸引企业和地产商占地的行为只有通过由分税制以来形成的政府间关系才可以得到较深层次的解释①<br>— 周飞舟 · 《以利为利》	周飞舟 以利为利 理论命题论断 命题
关于「理论命题/论断」：2002 年以来的税费改革表面上是减径农民负担的改革…？	2002 年以来的税费改革表面上是减径农民负担的改革，其实质是对中央一地方财政关系的改革<br>— 周飞舟 · 《以利为利》	周飞舟 以利为利 理论命题论断 命题
关于「理论命题/论断」：要做到农民负担减轻之后不出现反弹…？	要做到农民负担减轻之后不出现反弹，不陷入“黄宗穰定律”的怪圃，关键是要让基层政府的财政开支有相对稳定的来源<br>— 周飞舟 · 《以利为利》	周飞舟 以利为利 理论命题论断 命题
关于「理论命题/论断」：反过来，如果财权远远超出其事权，则政府提供公共品和公共服务的效率就会出现问题…？	反过来，如果财权远远超出其事权，则政府提供公共品和公共服务的效率就会出现问题，因为财政收人基本上来源于税收，财权超出事权说明这个地区的居民上缴了过多的税收却没有充分享受到这些税收所能提供的公共服务<br>— 周飞舟 · 《以利为利》	周飞舟 以利为利 理论命题论断 命题
关于「理论命题/论断」：一般而言，集权和分权概念涵盖了中央和地方关系中行政、财政、人事、军事等诸多方面的…？	一般而言，集权和分权概念涵盖了中央和地方关系中行政、财政、人事、军事等诸多方面的内容，对一个特定时期的特定政权而言，虽然这些方面集权和分权的情况可能不一一13 一以利为利｜：财政关系与地方政府行为致，但是总的来说各方面是互相关联的<br>— 周飞舟 · 《以利为利》	周飞舟 以利为利 理论命题论断 命题
关于「理论命题/论断」：世界上-14 一笙二童序论：政府行为与中央一地方关系大部分国家…？	世界上-14 一笙二童序论：政府行为与中央一地方关系大部分国家，无论其财政体制是联邦制的还是单一制的，都在致力于财政分权的改革，可以说分权是一个世界性的大趋势<br>— 周飞舟 · 《以利为利》	周飞舟 以利为利 理论命题论断 命题
关于「理论命题/论断」：这些前提条件都与政府行为模式有关系…？	这些前提条件都与政府行为模式有关系，所以，最重要的并不在于分权还是集权，而在于政府行为<br>— 周飞舟 · 《以利为利》	周飞舟 以利为利 理论命题论断 命题
关于「理论命题/论断」：在这些前提条件中，最重要的是官员行为问责制（Account抽出ty）的不完备性以…？	在这些前提条件中，最重要的是官员行为问责制（Account抽出ty）的不完备性以及由此带来的软预算约束问题（Soft Budget Problem）<br>— 周飞舟 · 《以利为利》	周飞舟 以利为利 理论命题论断 命题
关于「理论命题/论断」：由此可见，笼统地讨论分权和集权的利弊对于我们理解中央和地方关系、东部和中西部关系…？	由此可见，笼统地讨论分权和集权的利弊对于我们理解中央和地方关系、东部和中西部关系以及政府和企业关系是远远不够的，真正的分析应该进人到政府行为层面<br>— 周飞舟 · 《以利为利》	周飞舟 以利为利 理论命题论断 命题
关于「理论命题/论断」：在计划体制的政府预算中，最重要的部分不是公共服务，而是经济发展和基本建设投资…？	在计划体制的政府预算中，最重要的部分不是公共服务，而是经济发展和基本建设投资<br>— 周飞舟 · 《以利为利》	周飞舟 以利为利 理论命题论断 命题
关于「理论命题/论断」：可以看出，到1956 年，全部工业中三分之二为社会主义性质的国营和集体工业…？	可以看出，到1956 年，全部工业中三分之二为社会主义性质的国营和集体工业，三分之一为公私合营的国家资本主义工业<br>— 周飞舟 · 《以利为利》	周飞舟 以利为利 理论命题论断 命题
关于「理论命题/论断」：可以看出，企业收入由1950 年占财政收入的13. 4% …？	可以看出，企业收入由1950 年占财政收入的13. 4% ，到“一五”时期的最后一年，这个比重上升到了46. 5% ，和各项税收在财政收入中平分秋色<br>— 周飞舟 · 《以利为利》	周飞舟 以利为利 理论命题论断 命题
关于「理论命题/论断」：从表2 - 2 可以看出，工商企业缴纳的工商税收是税收的主体…？	从表2 - 2 可以看出，工商企业缴纳的工商税收是税收的主体，但是工商税收在财政总收入中的份额并没有发生变化，始终占总收入的35% 左右<br>— 周飞舟 · 《以利为利》	周飞舟 以利为利 理论命题论断 命题
关于「理论命题/论断」：从“大跃进”的实践中可以看出，锦标赛体制本身并不会内生出地方政府狂热追求高指标的…？	从“大跃进”的实践中可以看出，锦标赛体制本身并不会内生出地方政府狂热追求高指标的约束力量，而是相①关于这个精度的来源和影响．详见薄一波（2(削）．《若干重大决策与事件的回顾》，中共党史出版社<br>— 周飞舟 · 《以利为利》	周飞舟 以利为利 理论命题论断 命题
关于「理论命题/论断」：有研究表明，在三年自然灾害期间，灾害严重的省份甚至还通过向周围省份调出粮食的“支…？	有研究表明，在三年自然灾害期间，灾害严重的省份甚至还通过向周围省份调出粮食的“支援”举动隐瞒省内的灾情④<br>— 周飞舟 · 《以利为利》	周飞舟 以利为利 理论命题论断 命题
关于「理论命题/论断」：用下面一个简单的表格来表示：褒2-3虚拟的某省收入细长和总额分成比例｛亿元）地方…？	用下面一个简单的表格来表示：褒2-3虚拟的某省收入细长和总额分成比例｛亿元）地方预算收入地方预算支出地方留用比例上解中央比例第一年10 8 80% 20% 第二年15 8 539奋47% 第二年20 8 40% 60% 从这个表格可以看出，如果此省的支出规模保持不变，在其收入快速增长的同时，地方留用的比例呈快速的下降趋势，而上解比例则快速上升<br>— 周飞舟 · 《以利为利》	周飞舟 以利为利 理论命题论断 命题
关于「理论命题/论断」：-30 一靠一系一一一关第一制央申·的前革琦队作一个总结：褒2- 4财政体制的变…？	-30 一靠一系一一一关第一制央申·的前革琦队作一个总结：褒2- 4财政体制的变迁（1949 - 1979 ) 财政体制对地方收入的激励1949 -1952 统收统支无. 1953 - 1958 分类分成中1959 - 1970 总额分成弱1971 - 1973 收支包干强1974 -1975 固定分成中1976 - 1979 总额分成弱从表2-4 可以看出，在改革开放前的30 年间，中央与省的财政体制共做了五次调整，分成六种不同的体制<br>— 周飞舟 · 《以利为利》	周飞舟 以利为利 理论命题论断 命题
关于「理论命题/论断」：从本章的描述和分析可以看出，经济管理权种类繁多而复杂…？	从本章的描述和分析可以看出，经济管理权种类繁多而复杂，但是这些权限在“条条”系统和“块块”系统之间的转移趋势是相对比较清晰的<br>— 周飞舟 · 《以利为利》	周飞舟 以利为利 理论命题论断 命题
关于「理论命题/论断」：从这种反复的“收放”实践中，我们可以总结出以下几点重要的发现…？	从这种反复的“收放”实践中，我们可以总结出以下几点重要的发现，这对于我们理解改革开放后的三十年极为重要<br>— 周飞舟 · 《以利为利》	周飞舟 以利为利 理论命题论断 命题
关于「理论命题/论断」：地方政府展开的竞赛表面上是围绕经济…？	地方政府展开的竞赛表面上是围绕经济，实质上也是在高度集权下展开的政治竞赛，地方经济并不能从竞赛中得益<br>— 周飞舟 · 《以利为利》	周飞舟 以利为利 理论命题论断 命题
关于「理论命题/论断」：从图3 -1 中可以看出，工业产值占GDP 的比重以及工业对GDP 等拉动作用在…？	从图3 -1 中可以看出，工业产值占GDP 的比重以及工业对GDP 等拉动作用在1994 年双双达到了高峰，分别从1981 的14. 7% 和0.8 上升到1994 年的62. 5o/o 和8. 2 ，此后的十五年则稳定在50o/o 和5 左右的水平<br>— 周飞舟 · 《以利为利》	周飞舟 以利为利 理论命题论断 命题
关于「理论命题/论断」：与此前实行的“总额分成体制”相比…？	与此前实行的“总额分成体制”相比，这种体制由总额分成变成了“固定比例分成”，这实际上类似于1953 到1958 年间实行的“分类分成”体制，其关键在于中央明确划分了与省级单位的财政收入利支出的范围，与各省分别确定一个包干基数，在包干基数的基础上确定上缴和留用的比例<br>— 周飞舟 · 《以利为利》	周飞舟 以利为利 理论命题论断 命题
关于「理论命题/论断」：-35 一hn 行府政方地kd- LL一系和一是为一快和一财以一就全部恢复了“总…？	-35 一hn 行府政方地kd- LL一系和一是为一快和一财以一就全部恢复了“总额分戚”的办法，分级包干的尝试可以说是名存实亡<br>— 周飞舟 · 《以利为利》	周飞舟 以利为利 理论命题论断 命题
关于「理论命题/论断」：所谓“大包干”，其关键在于由比例上解和比例补助变为定额上解和定额补助…？	所谓“大包干”，其关键在于由比例上解和比例补助变为定额上解和定额补助，其中广东实行的是定额上解，收小于支的福建实行的是定额补助<br>— 周飞舟 · 《以利为利》	周飞舟 以利为利 理论命题论断 命题
关于「理论命题/论断」：这种包干形式的关键在于确定两个比例…？	这种包干形式的关键在于确定两个比例，一个是收入的环比递增率，另一个是收入的留成和上解比例<br>— 周飞舟 · 《以利为利》	周飞舟 以利为利 理论命题论断 命题
关于「理论命题/论断」：值得注意的是，这种竞争已经不同于改革前“锦标赛”大规模放权时期的竞争：在“锦标赛…？	值得注意的是，这种竞争已经不同于改革前“锦标赛”大规模放权时期的竞争：在“锦标赛”体制下，地方政府间的竞争更具政治目的<br>— 周飞舟 · 《以利为利》	周飞舟 以利为利 理论命题论断 命题
关于「理论命题/论断」：对于第一个机制，本章上一节提供了一个粗略的分析…？	对于第一个机制，本章上一节提供了一个粗略的分析，这个机制通过制度分析就基本可以证明<br>— 周飞舟 · 《以利为利》	周飞舟 以利为利 理论命题论断 命题
关于「理论命题/论断」：由此可见，地方工业尤其是乡镇企业的迅速发展是国家财政收人增长的一个重要动力…？	由此可见，地方工业尤其是乡镇企业的迅速发展是国家财政收人增长的一个重要动力，但是这种增长却与企业的效益关联甚小<br>— 周飞舟 · 《以利为利》	周飞舟 以利为利 理论命题论断 命题
关于「理论命题/论断」：总的来说，是从企业的利润分配改革扩展到经营体制的改革，再扩展到产权制度改革…？	总的来说，是从企业的利润分配改革扩展到经营体制的改革，再扩展到产权制度改革<br>— 周飞舟 · 《以利为利》	周飞舟 以利为利 理论命题论断 命题
关于「理论命题/论断」：值得注意的是，第一阶段国有企业的改革与改革开放前国家通过下放或收紧企业的管理权限…？	值得注意的是，第一阶段国有企业的改革与改革开放前国家通过下放或收紧企业的管理权限的做法有着很大的区别<br>— 周飞舟 · 《以利为利》	周飞舟 以利为利 理论命题论断 命题
关于「理论命题/论断」：从图3-2 中可以看出，造成企业利润率迅速下降的一个直接原因是企业固定资产规模的…？	从图3-2 中可以看出，造成企业利润率迅速下降的一个直接原因是企业固定资产规模的迅速增加和企业生产成本的提高<br>— 周飞舟 · 《以利为利》	周飞舟 以利为利 理论命题论断 命题
关于「理论命题/论断」：值得注意的是，企业上缴的税金在这段时间内也出现了明显的增长，年均增长率为23%…？	值得注意的是，企业上缴的税金在这段时间内也出现了明显的增长，年均增长率为23%<br>— 周飞舟 · 《以利为利》	周飞舟 以利为利 理论命题论断 命题
关于「理论命题/论断」：表中显示，所得税在1985 年到1990 年间几乎没有增长…？	表中显示，所得税在1985 年到1990 年间几乎没有增长，这说明在上表中企业税金的增长并不是所得税增长拉动的<br>— 周飞舟 · 《以利为利》	周飞舟 以利为利 理论命题论断 命题
关于「理论命题/论断」：如果看流转税类，则可以看出增长非常明显…？	如果看流转税类，则可以看出增长非常明显，平均年增长率11. 3% ，企业税金的增长有相当大的因素是来自流转税类增长的作用<br>— 周飞舟 · 《以利为利》	周飞舟 以利为利 理论命题论断 命题
关于「理论命题/论断」：-44 -窒二室财政包子的效应和后果从上面的分析可以看出…？	-44 -窒二室财政包子的效应和后果从上面的分析可以看出，企业固定资产规模的扩大与流转税的增长是同步的，而与所得税增长没有关系，和企业利润呈现出相反的关系<br>— 周飞舟 · 《以利为利》	周飞舟 以利为利 理论命题论断 命题
关于「理论命题/论断」：从上面的分析可以看出，地方政府在财政包干制的激励下…？	从上面的分析可以看出，地方政府在财政包干制的激励下，逐步与地方企业结合为紧密的利益共同体<br>— 周飞舟 · 《以利为利》	周飞舟 以利为利 理论命题论断 命题
关于「理论命题/论断」：从图3 -4 可以看出，中央财政收入的比重在1984 年以后明显下降…？	从图3 -4 可以看出，中央财政收入的比重在1984 年以后明显下降，由40.5% 下降到1993 年的22%<br>— 周飞舟 · 《以利为利》	周飞舟 以利为利 理论命题论断 命题
关于「理论命题/论断」：这说明大量的地方政府组织的财政收入上解到中央来由中央政府负责支出…？	这说明大量的地方政府组织的财政收入上解到中央来由中央政府负责支出<br>— 周飞舟 · 《以利为利》	周飞舟 以利为利 理论命题论断 命题
关于「理论命题/论断」：税制改革主要有这样几个方面：首先也是最重要的是流转税制改革：实行统一的在生产和流…？	税制改革主要有这样几个方面：首先也是最重要的是流转税制改革：实行统一的在生产和流通环节征收增值税并实行价外计税的办法，规定了统一的增值税率（17% ），这样，以前①’k据来自中国经济景气月报杂志社编（200的，《敛字中国三十年：改革开放30 年统计资料汇编》，《中国经济景气月被增刊》<br>— 周飞舟 · 《以利为利》	周飞舟 以利为利 理论命题论断 命题
关于「理论命题/论断」：我们来看下图4 -1: “两个比重··的变化情况60 10 圣亲亲去蒙蒙罢王军g…？	我们来看下图4 -1: “两个比重··的变化情况60 10 圣亲亲去蒙蒙罢王军g: 8i ~去§军系§§§§圣§§§50 40 30 20 －一中央财政收入占总收入%“两个比重”的变化情况－一财政收入削DP%图4-1从图4 -1 中可以看出，对中央财政收人的比重而言，1994 年前后有天壤之别<br>— 周飞舟 · 《以利为利》	周飞舟 以利为利 理论命题论断 命题
关于「理论命题/论断」：这一方面说明中央仍保持着对地方的绝对权威…？	这一方面说明中央仍保持着对地方的绝对权威，也与中央在谈判中与地方的讨价还价和妥协的方式有关<br>— 周飞舟 · 《以利为利》	周飞舟 以利为利 理论命题论断 命题
关于「理论命题/论断」：两组数字差别不大，都说明了地方政府对分税制方案的“应激”反应…？	两组数字差别不大，都说明了地方政府对分税制方案的“应激”反应<br>— 周飞舟 · 《以利为利》	周飞舟 以利为利 理论命题论断 命题
关于「理论命题/论断」：②这虽然反应出中央和地方对这个问题的不同看法…？	②这虽然反应出中央和地方对这个问题的不同看法，但是可以看出财政包干制下地方政府形成的地方保护主义和将财富藏于地方的结果，同时也可以看出1993 年作为返还基数实际上是中央为了照顾地方利益而为地方“开的口子”和做出的妥协<br>— 周飞舟 · 《以利为利》	周飞舟 以利为利 理论命题论断 命题
关于「理论命题/论断」：假设1993 年某省的两税收入为100 亿元，这就是1994 年的税收返还基数…？	假设1993 年某省的两税收入为100 亿元，这就是1994 年的税收返还基数<br>— 周飞舟 · 《以利为利》	周飞舟 以利为利 理论命题论断 命题
关于「理论命题/论断」：从回中可以看出，税收返还的增量的比重迅速下降…？	从回中可以看出，税收返还的增量的比重迅速下降，地方分享增值税的比重（增量的25% 部分＋增量返还部分）也在迅速下降<br>— 周飞舟 · 《以利为利》	周飞舟 以利为利 理论命题论断 命题
关于「理论命题/论断」：他们认为，分税制并没有改变中国改革开放以来的财政分权的进程…？	他们认为，分税制并没有改变中国改革开放以来的财政分权的进程，而且分税制以后财政分权的程度仍然有提高，所以财政分权与经济增长在统计上的紧密关系仍然说明了分权对于经济增长的重要作用①<br>— 周飞舟 · 《以利为利》	周飞舟 以利为利 理论命题论断 命题
关于「理论命题/论断」：事实上，分税制后中央和地方关系的最重要的变化之一就在于中央政府每年向地方政府拨付…？	事实上，分税制后中央和地方关系的最重要的变化之一就在于中央政府每年向地方政府拨付规模巨大的财政转移支付以弥补地方政府的支出缺口<br>— 周飞舟 · 《以利为利》	周飞舟 以利为利 理论命题论断 命题
关于「理论命题/论断」：从上面对分税制的制度效应的分析可以看出…？	从上面对分税制的制度效应的分析可以看出，分税制元疑是促成乡镇企业大规模转制以及国有企业股份化的主要动力之一<br>— 周飞舟 · 《以利为利》	周飞舟 以利为利 理论命题论断 命题
关于「理论命题/论断」：需要说明的是在统计口径上，“其他收人”在1998 年有一个比较大的变化…？	需要说明的是在统计口径上，“其他收人”在1998 年有一个比较大的变化，即在此之前，“其他收入”不包括各种杂项税收（如印花税、锺席税等等），而在1998 年以后则包括了各种杂项税收和纳入预算的非税收入，所以在1998 年，这个类别有一-6 1 一旦到生组二财政关系与地方政府行为35% 30% A、、＼、...._ 25% 、．－20% 15% 10% 5% 0% 1994 1995 1996 1997 1998 1999 2000 2001 2002 2003 ｜一←糟值税＋营业税t 其他收入｜固4-3县乡财政三类收入比重变化圈个非常明显的增长<br>— 周飞舟 · 《以利为利》	周飞舟 以利为利 理论命题论断 命题
关于「理论命题/论断」：在改革开放前十五年的第一阶段，以乡镇企业为主要动力的工业化并没有对城市化造成压力…？	在改革开放前十五年的第一阶段，以乡镇企业为主要动力的工业化并没有对城市化造成压力，企业座落于农村和小城镇地区，劳动力以“离土不离乡、进厂不进城”的农民为主，因此这个时期的工业化速度远高于城市化的速度，也可以说是城市化滞后于工业化<br>— 周飞舟 · 《以利为利》	周飞舟 以利为利 理论命题论断 命题
关于「理论命题/论断」：-64 一第五章转移支付体系的建立从上一章的分析可以看出…？	-64 一第五章转移支付体系的建立从上一章的分析可以看出，分税制实施的目的在于改变中央和地方、政府和企业的关系，使得中央财政在中央一地方关系中保持强劲的支配能力，使得国家财政收入能够随着工业化和企业繁荣而不断增长<br>— 周飞舟 · 《以利为利》	周飞舟 以利为利 理论命题论断 命题
关于「理论命题/论断」：上表画成图5 - 1 更为直观一些：可以看出…？	上表画成图5 - 1 更为直观一些：可以看出，在2（削年以前，税收返还在中央对地方的转移支付中占主要部分，占总量的一半以上，到2005 年基本呈现出三类转移支付三分天下、各占三分之－的局面<br>— 周飞舟 · 《以利为利》	周飞舟 以利为利 理论命题论断 命题
关于「理论命题/论断」：图5-4 表明，到立即年，地方政府标准财政收支缺口的将近一半（47. 3% ）已…？	图5-4 表明，到立即年，地方政府标准财政收支缺口的将近一半（47. 3% ）已经由中央财政用普通转移支付进行了补助<br>— 周飞舟 · 《以利为利》	周飞舟 以利为利 理论命题论断 命题
关于「理论命题/论断」：-68 一笙五童转移支付体系的建立.3 1995 1996 1997 1998 …？	-68 一笙五童转移支付体系的建立.3 1995 1996 1997 1998 1999 2000 2001 2002 2003 2004 2005 一一普通转移交付系数（%）回5-4转移支付系戴变化情况示’圄数据来源：李善事主编，《中国政府间财政关系图解》，中国财政经济出版社，2(脱年，第71 页由此可见，除了“一般性转移支付”以外，其他的转移支付虽然也是用于补助地方政府的财力但是都带有明确的倾向性和目的性，地方政府在使用这些财力的时候，也被要求用于中央制定的部分，实际上是一种“准专项”性质的转移支付<br>— 周飞舟 · 《以利为利》	周飞舟 以利为利 理论命题论断 命题
关于「理论命题/论断」：由此可以看出，分税制所划定的中①周飞舟、赵阳（200剖…？	由此可以看出，分税制所划定的中①周飞舟、赵阳（200剖，“剖析农村公共财政：乡镇财政的困搅和成因”．《中国农材观察》第4 期<br>— 周飞舟 · 《以利为利》	周飞舟 以利为利 理论命题论断 命题
关于「理论命题/论断」：②此掌中各袤的数据除非经过特殊说明…？	②此掌中各袤的数据除非经过特殊说明，均来自财政部编《中国地市县财政资料》( I” 3 -筑）（）剖，中国财政经济出版社<br>— 周飞舟 · 《以利为利》	周飞舟 以利为利 理论命题论断 命题
关于「理论命题/论断」：从上表可以看出，分税制改革前后上级财政对县乡的转移支付补助也显著增加…？	从上表可以看出，分税制改革前后上级财政对县乡的转移支付补助也显著增加<br>— 周飞舟 · 《以利为利》	周飞舟 以利为利 理论命题论断 命题
关于「理论命题/论断」：由此可见，虽然分税制改革集中了县乡财力…？	由此可见，虽然分税制改革集中了县乡财力，扩大了收支缺口，但是通过转移支付几乎完全弥补了因改革带来的县乡财力减少部分，维持了与改革前相同的相对收支水平<br>— 周飞舟 · 《以利为利》	周飞舟 以利为利 理论命题论断 命题
关于「理论命题/论断」：值得注意的是，这种对于财政收入的再分配不同于现代企业制度中的报酬分配…？	值得注意的是，这种对于财政收入的再分配不同于现代企业制度中的报酬分配，后者遵循的是效率原则，力图使得每个行动者的所得与所付出相一致，而前者首先遵循的是均等化原则，效率原则相对次耍<br>— 周飞舟 · 《以利为利》	周飞舟 以利为利 理论命题论断 命题
关于「理论命题/论断」：从图5 -7 可以看出，分税制以来…？	从图5 -7 可以看出，分税制以来，中部和西部地区的县乡财政增长十分缓慢，而且增长幅度基本相同，到2003 年，中部地区的人均预算收入为212600 500 400 300 200 100<br>— 周飞舟 · 《以利为利》	周飞舟 以利为利 理论命题论断 命题
关于「理论命题/论断」：mm唰mmmo1994 1995 1996 1997 1998 1999 2以灿…？	mm唰mmmo1994 1995 1996 1997 1998 1999 2以灿2001 2002 2003 ｜→一东部＋中部＋西部| 圃5-8东申西部县乡握的人均预算支出｛元｝图5 -8 中明显可以看出，人均支出的地区差距小于人均收入<br>— 周飞舟 · 《以利为利》	周飞舟 以利为利 理论命题论断 命题
关于「理论命题/论断」：这说明转移支付的均等化效应远弱于由于地区发展不平衡带来的不平等效应…？	这说明转移支付的均等化效应远弱于由于地区发展不平衡带来的不平等效应<br>— 周飞舟 · 《以利为利》	周飞舟 以利为利 理论命题论断 命题
关于「理论命题/论断」：对比这两个图还可以看出，中部和西部地区的人均收入基本相等…？	对比这两个图还可以看出，中部和西部地区的人均收入基本相等，但是人均支出水平却有明显的差异<br>— 周飞舟 · 《以利为利》	周飞舟 以利为利 理论命题论断 命题
关于「理论命题/论断」：其他补助是194 元（低于东部的199 元和西部的250 元）…？	其他补助是194 元（低于东部的199 元和西部的250 元），可以说全部都处于下凤，这很好地说明了为何中部地区的人均财政支出处于一个最低的水平<br>— 周飞舟 · 《以利为利》	周飞舟 以利为利 理论命题论断 命题
关于「理论命题/论断」：所以我们可以说，分税制实行十年以来…？	所以我们可以说，分税制实行十年以来，提高“两个比重”和“国家能力”的目的基本达到了，但是弱化地区间因发展速度带来的财力不均、公共服务水平不均的问题却不但没有能够解决，反而在一定程度上更加严重了<br>— 周飞舟 · 《以利为利》	周飞舟 以利为利 理论命题论断 命题
关于「理论命题/论断」：从全国趋势上来看，在过去的十年里…？	从全国趋势上来看，在过去的十年里，东部地区靠工业化、西部地区靠中央补助使得人均财力都有明显而迅速的增长，唯有中部地区基层政府、尤其是县乡政府的人均财力增长缓慢，也与东部与西部的差距越来越大，这说明转移支付制度还有待于进一步完善<br>— 周飞舟 · 《以利为利》	周飞舟 以利为利 理论命题论断 命题
关于「理论命题/论断」：由此我们看到，分税制在集中企业收入的同时…？	由此我们看到，分税制在集中企业收入的同时，将地方政府的关注重点“驱赶”到了另外一些领域，即农民负担和城市化，当然这也可以说成是地方政府在现行分税制制度安排下主动寻求的一些行为模式<br>— 周飞舟 · 《以利为利》	周飞舟 以利为利 理论命题论断 命题
关于「理论命题/论断」：预算外和非预算资金可以说是地方政府的“第二财政”…？	预算外和非预算资金可以说是地方政府的“第二财政”，这个财政几乎没有真正意义上的预算约束，地方政府不但用来补充预算内的实际支出，甚至将部分资金调人预算内充当预算内的税收收入<br>— 周飞舟 · 《以利为利》	周飞舟 以利为利 理论命题论断 命题
关于「理论命题/论断」：这意味着中央不会对省以下的政府间财政体制进行过多于预…？	这意味着中央不会对省以下的政府间财政体制进行过多于预，而最基层的县与乡镇间的财政体制也甚少受到来自中央、省、地市的直接干预，有着相当大的自由度<br>— 周飞舟 · 《以利为利》	周飞舟 以利为利 理论命题论断 命题
关于「理论命题/论断」：为了更加形象地说明这些复杂的体制…？	为了更加形象地说明这些复杂的体制，我们可以用下面的图6 -1 来表示这种包干制：实际完成数超基数收超任务数收入基数部分第一年第二年第＝三年圈6-1包子倒示意图从图中可以看出，对于一个连年超收的乡镇而言，总收入（也就是实际完成数）由三部分组成：基数部分＋超基数收人＋超任务数收入<br>— 周飞舟 · 《以利为利》	周飞舟 以利为利 理论命题论断 命题
关于「理论命题/论断」：一般而言，财政的支出责任可以总结为“三保”，即“保工资、保运转、保建设”…？	一般而言，财政的支出责任可以总结为“三保”，即“保工资、保运转、保建设”<br>— 周飞舟 · 《以利为利》	周飞舟 以利为利 理论命题论断 命题
关于「理论命题/论断」：激励作用是非常明显的，对于起收乡镇而言…？	激励作用是非常明显的，对于起收乡镇而言，增大超收部分所得的收人全部是可以自由支配的“活钱”，而对于欠收乡镇而言，完成收入基数就意味着不必东拼西凑地去填补支出基数<br>— 周飞舟 · 《以利为利》	周飞舟 以利为利 理论命题论断 命题
关于「理论命题/论断」：根据作者2003 年和2（阳4 年在湖南、重庆、吉林、江苏四省所傲的县乡财政的调…？	根据作者2003 年和2（阳4 年在湖南、重庆、吉林、江苏四省所傲的县乡财政的调研，可以发现这种情况的确比较普遍，但是各地之间有着很大的差异<br>— 周飞舟 · 《以利为利》	周飞舟 以利为利 理论命题论断 命题
关于「理论命题/论断」：2020年5月6日于沪上 （作者系经济学教授、复旦大学经济学院院长）目 录写在前…？	2020年5月6日于沪上 （作者系经济学教授、复旦大学经济学院院长）目 录写在前面的话宏观调控降杠杆与风险化解供给侧结构性改革的理论与实务供给侧结构性改革的理论与实务互联网金融发展中的经验教训、原则、特征、路径和风险防范基础货币货币的“锚”及发行制度分析面向未来的人民币发行制度资本市场中国资本市场的功能意义、问题短板及其改革重点 在复旦大学“改革开放再出发——第4届复旦首席经济学家论坛”上的演讲关于我国资本市场基础性制度改革的若干思考房地产发展关于建立房地产基础性制度和长效机制的若干思考…<br>— 黄奇帆 · 《分析与思考》	黄奇帆 分析与思考 理论命题论断 命题
关于「理论命题/论断」：第一方面，整个国家2018年最重要的一个任务…？	第一方面，整个国家2018年最重要的一个任务，就是金融领域，宏观经济领域去杠杆、防风险，这是党的十九大提出来的三大攻坚战之一<br>— 黄奇帆 · 《分析与思考》	黄奇帆 分析与思考 理论命题论断 命题
关于「理论命题/论断」：实际上去杠杆的重点在于宏观经济去杠杆…？	实际上去杠杆的重点在于宏观经济去杠杆，最重要的问题就是目前的国民经济中的宏观经济杠杆率比较高的问题，主要表现在四个指标与世界各个国家相比，我们显得比较高或者说特别高<br>— 黄奇帆 · 《分析与思考》	黄奇帆 分析与思考 理论命题论断 命题
关于「理论命题/论断」：中国在十余年前，也就是2005年的时候…？	中国在十余年前，也就是2005年的时候，金融增加值占当时GDP的5%不到，百分之四点几，快速增长恰恰是这些年异常扩张、高速发展的结果<br>— 黄奇帆 · 《分析与思考》	黄奇帆 分析与思考 理论命题论断 命题
关于「理论命题/论断」：从这个意义上，我认为对中国政府的债务并不要自我恐慌，把它当作太大的危机…？	从这个意义上，我认为对中国政府的债务并不要自我恐慌，把它当作太大的危机<br>— 黄奇帆 · 《分析与思考》	黄奇帆 分析与思考 理论命题论断 命题
关于「理论命题/论断」：我讲这段话的意思是，对中国居民债务占GDP 50%这件事…？	我讲这段话的意思是，对中国居民债务占GDP 50%这件事，关键是要遏制它继续高速扩张的势头<br>— 黄奇帆 · 《分析与思考》	黄奇帆 分析与思考 理论命题论断 命题
关于「理论命题/论断」：以上我对四大指标的结构做了一个分析，接下来问题关键是去杠杆怎么去…？	以上我对四大指标的结构做了一个分析，接下来问题关键是去杠杆怎么去<br>— 黄奇帆 · 《分析与思考》	黄奇帆 分析与思考 理论命题论断 命题
关于「理论命题/论断」：我认为今后五到十年，如果居民和政府的负债还能够稳稳当当控制在50%左右…？	我认为今后五到十年，如果居民和政府的负债还能够稳稳当当控制在50%左右，那是上上大吉，要害就是把企业的160%降40个点，降到120%<br>— 黄奇帆 · 《分析与思考》	黄奇帆 分析与思考 理论命题论断 命题
关于「理论命题/论断」：我相信通过这五方面措施，假以时日…？	我相信通过这五方面措施，假以时日，务实推进，那么有个三五年、近十年，我们去杠杆四五十个百分点的宏观目标就会实现，这是我今天讲的第一部分<br>— 黄奇帆 · 《分析与思考》	黄奇帆 分析与思考 理论命题论断 命题
关于「理论命题/论断」：怎么把股市融资和私募投资从10%上升到40%、50%…？	怎么把股市融资和私募投资从10%上升到40%、50%，这就是我们中国投融资体制，金融体制要发生一个坐标转换<br>— 黄奇帆 · 《分析与思考》	黄奇帆 分析与思考 理论命题论断 命题
关于「理论命题/论断」：可以说有散户的结构问题，有长期资本缺乏的问题…？	可以说有散户的结构问题，有长期资本缺乏的问题，有违规运作处罚不力的问题，有注册制不到位的问题，各种问题都可以说<br>— 黄奇帆 · 《分析与思考》	黄奇帆 分析与思考 理论命题论断 命题
关于「理论命题/论断」：我讲这段话的意思，就是说这个股权基金如果搞得好…？	我讲这段话的意思，就是说这个股权基金如果搞得好，他所有的出手就是股权投资，就是资源优化配置，就是使得美国每年新增股权融资量达到总融资量70%的关键所在<br>— 黄奇帆 · 《分析与思考》	黄奇帆 分析与思考 理论命题论断 命题
关于「理论命题/论断」：所以我认为，如果好好去讲资本市场的话…？	所以我认为，如果好好去讲资本市场的话，要么讲注册制、讲退市的机制体制，要么讲基金发展和制度建设<br>— 黄奇帆 · 《分析与思考》	黄奇帆 分析与思考 理论命题论断 命题
关于「理论命题/论断」：当你为实体经济服务，为实体经济中有钱的人理财…？	当你为实体经济服务，为实体经济中有钱的人理财，为实体经济中缺钱的人融资的时候，当然最重要的就是管控好信用、杠杆和风险<br>— 黄奇帆 · 《分析与思考》	黄奇帆 分析与思考 理论命题论断 命题
关于「理论命题/论断」：金融管理的要义就是把自己这个企业单位信用用足…？	金融管理的要义就是把自己这个企业单位信用用足，但是用足就表现为杠杆的放大，在放大杠杆的时候又把风险控制在底线里面，这就是一个高明的金融领导人员、管理人员、工作人员、财会人员必须负的基本责任<br>— 黄奇帆 · 《分析与思考》	黄奇帆 分析与思考 理论命题论断 命题
关于「理论命题/论断」：总之，金融产品创新全部的要义，孤立地看…？	总之，金融产品创新全部的要义，孤立地看，每一个环节都会有一点信用，都在考虑一种信用底数，每个环节如果没有信用底数它就无法操作，跟你合作的人也不会跟你合作<br>— 黄奇帆 · 《分析与思考》	黄奇帆 分析与思考 理论命题论断 命题
关于「理论命题/论断」：总之，这个案例从更深层提醒我们要加强监管，特别是跨领域的综合性监管…？	总之，这个案例从更深层提醒我们要加强监管，特别是跨领域的综合性监管<br>— 黄奇帆 · 《分析与思考》	黄奇帆 分析与思考 理论命题论断 命题
关于「理论命题/论断」：第二个例子，是用来说明有些事情发展过程中虽然出了岔子…？	第二个例子，是用来说明有些事情发展过程中虽然出了岔子，但是不要用鸡飞蛋打的方式，“一刀切”的办法去处理，不要泼脏水的时候把小孩也泼掉<br>— 黄奇帆 · 《分析与思考》	黄奇帆 分析与思考 理论命题论断 命题
关于「理论命题/论断」：但是绝不阻止和取消金融产品创新，因为它本质上是要求在合理信用基础上把杠杆用足…？	但是绝不阻止和取消金融产品创新，因为它本质上是要求在合理信用基础上把杠杆用足，然后创造新的产品方法灵活为实体经济服务，做得好是实体经济的助推剂<br>— 黄奇帆 · 《分析与思考》	黄奇帆 分析与思考 理论命题论断 命题
关于「理论命题/论断」：所以，我们常常说去杠杆，重点是降低国民经济的宏观杠杆率…？	所以，我们常常说去杠杆，重点是降低国民经济的宏观杠杆率，在中国关键是降低非金融类工商企业的负债率，增加直接金融在金融体系中的比重，尤其是增加企业股权配资的比重<br>— 黄奇帆 · 《分析与思考》	黄奇帆 分析与思考 理论命题论断 命题
关于「理论命题/论断」：但企业负债率是美国的2.3倍左右，究其原因，最重要的是中美融资结构存在较大的差别…？	但企业负债率是美国的2.3倍左右，究其原因，最重要的是中美融资结构存在较大的差别<br>— 黄奇帆 · 《分析与思考》	黄奇帆 分析与思考 理论命题论断 命题
关于「理论命题/论断」：总之，中国的政府债务风险是完全可控的和可以化解的，不必对此过分担心…？	总之，中国的政府债务风险是完全可控的和可以化解的，不必对此过分担心<br>— 黄奇帆 · 《分析与思考》	黄奇帆 分析与思考 理论命题论断 命题
关于「理论命题/论断」：如果我们系统审视改革开放历程，可以发现…？	如果我们系统审视改革开放历程，可以发现，供给侧结构性改革是改革开放的魂，既贯穿了改革开放的全过程，又是以习近平同志为核心的党中央在推进改革开放的事业进入新时代的理论升华<br>— 黄奇帆 · 《分析与思考》	黄奇帆 分析与思考 理论命题论断 命题
关于「理论命题/论断」：(1)事实证明，这是平衡总供给和总需求、推动经济持续健康稳定增长的有效办法…？	(1)事实证明，这是平衡总供给和总需求、推动经济持续健康稳定增长的有效办法<br>— 黄奇帆 · 《分析与思考》	黄奇帆 分析与思考 理论命题论断 命题
关于「理论命题/论断」：里根总统的实验表明，在总需求不足的经济衰退期…？	里根总统的实验表明，在总需求不足的经济衰退期，即使政府做出了必要的改革，微观效率的改进也不见得会实际发生，在总体过剩的环境下企业也不大可能有动力去增加产品供给，萨伊定理的逻辑链条根本就无法传导下去，供给学派所依据的“拉弗曲线”的故事也并未实现<br>— 黄奇帆 · 《分析与思考》	黄奇帆 分析与思考 理论命题论断 命题
关于「理论命题/论断」：与苏联等计划经济国家不同，中国的改革开放之所以取得成功…？	与苏联等计划经济国家不同，中国的改革开放之所以取得成功，恰恰是因为因势利导、与时俱进地开展了供给侧结构性改革<br>— 黄奇帆 · 《分析与思考》	黄奇帆 分析与思考 理论命题论断 命题
关于「理论命题/论断」：总的来说，上述这些措施的重要作用就是大幅减轻了企业的政策性负担…？	总的来说，上述这些措施的重要作用就是大幅减轻了企业的政策性负担，为企业公平参与市场竞争创造了重要前提<br>— 黄奇帆 · 《分析与思考》	黄奇帆 分析与思考 理论命题论断 命题
关于「理论命题/论断」：在操作过程中，尽管出现了价格水平不断上涨、部分产品倒买倒卖现象严重等问题…？	在操作过程中，尽管出现了价格水平不断上涨、部分产品倒买倒卖现象严重等问题，(4)总的来说，双轨制对当时的宏观经济产生了多重刺激效果<br>— 黄奇帆 · 《分析与思考》	黄奇帆 分析与思考 理论命题论断 命题
关于「理论命题/论断」：可以说，城镇住房的市场化改革几乎以一己之力将中国GDP重新推回10%以上的超高速…？	可以说，城镇住房的市场化改革几乎以一己之力将中国GDP重新推回10%以上的超高速增长<br>— 黄奇帆 · 《分析与思考》	黄奇帆 分析与思考 理论命题论断 命题
关于「理论命题/论断」：(10)总的来说，这八字方针仍然是瞄准“企业”“要素”“营商成本”“制度效率”“…？	(10)总的来说，这八字方针仍然是瞄准“企业”“要素”“营商成本”“制度效率”“创新动能”等供给侧，但在操作上更加切入到经济运行的内在机理之中，着力从体制机制的层面解决结构性问题<br>— 黄奇帆 · 《分析与思考》	黄奇帆 分析与思考 理论命题论断 命题
关于「理论命题/论断」：发展战略性新兴产业，当前并不缺技术，也不缺市场，关键是解决好投融资问题…？	发展战略性新兴产业，当前并不缺技术，也不缺市场，关键是解决好投融资问题<br>— 黄奇帆 · 《分析与思考》	黄奇帆 分析与思考 理论命题论断 命题
关于「理论命题/论断」：一个城市，创新平台不在于大批量、排浪式地去搞几十个、几百个平台…？	一个城市，创新平台不在于大批量、排浪式地去搞几十个、几百个平台，关键是要集合应有功能<br>— 黄奇帆 · 《分析与思考》	黄奇帆 分析与思考 理论命题论断 命题
关于「理论命题/论断」：关键是要做到“五种平衡”：第一，凡市场化收费可以平衡投资的…？	关键是要做到“五种平衡”：第一，凡市场化收费可以平衡投资的，比如高速公路项目，就完全放开，由市场主体来做<br>— 黄奇帆 · 《分析与思考》	黄奇帆 分析与思考 理论命题论断 命题
关于「理论命题/论断」：美国的铁路是100多年前造的，美国现在的货物运输量有20%是铁路运的，这就是节约…？	美国的铁路是100多年前造的，美国现在的货物运输量有20%是铁路运的，这就是节约<br>— 黄奇帆 · 《分析与思考》	黄奇帆 分析与思考 理论命题论断 命题
关于「理论命题/论断」：总之，经过这样的平滑转移，可以实现资源优化配置…？	总之，经过这样的平滑转移，可以实现资源优化配置，把百姓、企业所创造的财富最大限度地加以利用，并让它为国家、企业、个人都创造更大的价值<br>— 黄奇帆 · 《分析与思考》	黄奇帆 分析与思考 理论命题论断 命题
关于「理论命题/论断」：总之，推进供给侧结构性改革是中央审时度势作出的前瞻性谋划、战略性调整、综合性改革…？	总之，推进供给侧结构性改革是中央审时度势作出的前瞻性谋划、战略性调整、综合性改革，事关经济全局，事关长远利益，事关未来发展，将继往开来引领新常态，推动改革开放伟业继续前进、再创辉煌<br>— 黄奇帆 · 《分析与思考》	黄奇帆 分析与思考 理论命题论断 命题
关于「理论命题/论断」：总之，在发展网络贷款公司的过程中…？	总之，在发展网络贷款公司的过程中，只要合乎以上五条原则，一般都能实现小贷业务快速发展，中小企业融资难、融资贵的情况得以缓解且不良贷款率低的效果<br>— 黄奇帆 · 《分析与思考》	黄奇帆 分析与思考 理论命题论断 命题
关于「理论命题/论断」：三 网络数据的本质在于它具有颠覆传统的五全基因第一、二部分讲了P2P是互联网金融…？	三 网络数据的本质在于它具有颠覆传统的五全基因第一、二部分讲了P2P是互联网金融发展中的另类，没有任何前途，但是网络贷款公司只要按照五大原则发展，前景灿烂，能为小微企业、实体经济作出很大贡献<br>— 黄奇帆 · 《分析与思考》	黄奇帆 分析与思考 理论命题论断 命题
关于「理论命题/论断」：可以说，任何一个传统产业链与这五大信息科技结合…？	可以说，任何一个传统产业链与这五大信息科技结合，就会立即形成新的经济组织方式，从而对传统产业构成颠覆性的冲击<br>— 黄奇帆 · 《分析与思考》	黄奇帆 分析与思考 理论命题论断 命题
关于「理论命题/论断」：研究表明，“大智移云”基础平台实际存在“五全特征”：全时空、全流程、全场景、全解…？	研究表明，“大智移云”基础平台实际存在“五全特征”：全时空、全流程、全场景、全解析和全价值<br>— 黄奇帆 · 《分析与思考》	黄奇帆 分析与思考 理论命题论断 命题
关于「理论命题/论断」：可以说，任何一个传统产业链与这五大现代信息科技平台结合…？	可以说，任何一个传统产业链与这五大现代信息科技平台结合，就会立刻转变为全新的经济或商业的组织模式，从根本上改变传统经济、产业和企业的概念，并带来新的价值<br>— 黄奇帆 · 《分析与思考》	黄奇帆 分析与思考 理论命题论断 命题
关于「理论命题/论断」：关键是两条：第一，五大现代信息科技的发展速度过快…？	关键是两条：第一，五大现代信息科技的发展速度过快，过去十年一代，现在可能两三年一代，而新的应用技术更是层出不穷，高速迭代<br>— 黄奇帆 · 《分析与思考》	黄奇帆 分析与思考 理论命题论断 命题
关于「理论命题/论断」：四 互联网金融的大格局在于网络数字平台与产业链金融相结合基于上述…？	四 互联网金融的大格局在于网络数字平台与产业链金融相结合基于上述，我认为互联网金融的大格局大空间不在于互联网平台自身搞金融贷款，而在于以网络数字平台（大数据、云计算、人工智能的数据存储能力、计算能力、通讯能力）为基础，与金融机构特别是产业链金融相结合，形成基于数据平台的产业链金融，形成数据平台、金融企业、产业链上下游各方企业资源优化配置、运行成本下降、运行效率提高的良好格局<br>— 黄奇帆 · 《分析与思考》	黄奇帆 分析与思考 理论命题论断 命题
关于「理论命题/论断」：总之，大数据、云计算、人工智能下的现代互联网体系…？	总之，大数据、云计算、人工智能下的现代互联网体系，具有颠覆性作用，我们常常说的颠覆性产业，主要就是指具有以上五全信息的产业，这五全的信息在与金融结合的时候，无论是金融业务展开的价值链还是产业链，把这五全信息掌握在手里再开展金融的服务，这样的金融安全度将比没有五全信息的人工配置的金融服务系统安全度要高，坏账率要低，各方面的系统性风险的平衡要更好，这是一个基本原理<br>— 黄奇帆 · 《分析与思考》	黄奇帆 分析与思考 理论命题论断 命题
关于「理论命题/论断」：总之，一定不要违背这些金融常识，违背金融常识的人都认为自己很聪明…？	总之，一定不要违背这些金融常识，违背金融常识的人都认为自己很聪明，能够守住某个空间，但最后误了卿卿性命的就是自作聪明<br>— 黄奇帆 · 《分析与思考》	黄奇帆 分析与思考 理论命题论断 命题
关于「理论命题/论断」：我认为，产业链金融、互联网数字平台与实体经济各行业是可以重组的…？	我认为，产业链金融、互联网数字平台与实体经济各行业是可以重组的<br>— 黄奇帆 · 《分析与思考》	黄奇帆 分析与思考 理论命题论断 命题
关于「理论命题/论断」：总之，一旦形成互联网平台、物联网平台+金融…？	总之，一旦形成互联网平台、物联网平台+金融，这样的金融平台+产业链，便会形成中国特色的非常实际的供应链金融、产业链金融、物流链金融——整个金融为实体经济服务的微观系统，从而形成良性的供给系统<br>— 黄奇帆 · 《分析与思考》	黄奇帆 分析与思考 理论命题论断 命题
关于「理论命题/论断」：金融业务必须独立的根本原因在于：金融业务对数据安全性的要求与电商平台、娱乐平台完…？	金融业务必须独立的根本原因在于：金融业务对数据安全性的要求与电商平台、娱乐平台完全不可同日而语，传统金融机构为了确保客户数据安全，100%采用内网、外网绝对隔离制度，凭什么允许互联网金融公司低成本依托一般性、开放度很高的互联网平台开展金融业务<br>— 黄奇帆 · 《分析与思考》	黄奇帆 分析与思考 理论命题论断 命题
关于「理论命题/论断」：所以，政府及时掌握互联网商业技术进步的信息…？	所以，政府及时掌握互联网商业技术进步的信息，提前发现风险控制点和研发控制手段，并及时提示互联网商业公司必须注意的风险问题，这对政府监管和互联网商业公司都是大好事<br>— 黄奇帆 · 《分析与思考》	黄奇帆 分析与思考 理论命题论断 命题
关于「理论命题/论断」：综合来看，以“其他货币”为名义锚的货币制度主要是小国及附庸国的选择…？	综合来看，以“其他货币”为名义锚的货币制度主要是小国及附庸国的选择，较为被动，无法对货币供应量自主有效地调节<br>— 黄奇帆 · 《分析与思考》	黄奇帆 分析与思考 理论命题论断 命题
关于「理论命题/论断」：货币的锚定物及发行方式，是国家金融体系中最重要的基础组成部分…？	货币的锚定物及发行方式，是国家金融体系中最重要的基础组成部分<br>— 黄奇帆 · 《分析与思考》	黄奇帆 分析与思考 理论命题论断 命题
关于「理论命题/论断」：（二）“主权信用货币制”值得说明的是…？	（二）“主权信用货币制”值得说明的是，“二战”后建立的“布雷顿森林体系”，即“美元与黄金挂钩，其他国家货币与美元挂钩”的“双挂钩”制度，其实质也是一种“金本位”制度，而1971年美国总统尼克松宣布美元与黄金脱钩也正式标志着美元放弃了以黄金为本位的货币制度，随之采取的是“主权信用货币制”<br>— 黄奇帆 · 《分析与思考》	黄奇帆 分析与思考 理论命题论断 命题
关于「理论命题/论断」：当然，人类历史发展到今天，货币锚似乎已经不是货币发行之必须…？	当然，人类历史发展到今天，货币锚似乎已经不是货币发行之必须，如主权信用货币就是没有实物储备的货币，但自主权信用货币诞生以来的近半个世纪的经验似乎证明，不给货币下一个各方有共识的、比较刚性的“锚”，肯定会出现问题<br>— 黄奇帆 · 《分析与思考》	黄奇帆 分析与思考 理论命题论断 命题
关于「理论命题/论断」：大量的民营企业、外资企业蓬勃发展…？	大量的民营企业、外资企业蓬勃发展，农村土地承包制度又使得庞大的农村人口向工业和城市转移，具有比较优势的出口外向型战略成为我国经济发展最重要的战略<br>— 黄奇帆 · 《分析与思考》	黄奇帆 分析与思考 理论命题论断 命题
关于「理论命题/论断」：从国际看，当时发达国家正在向广大发展中国家实施产业转移…？	从国际看，当时发达国家正在向广大发展中国家实施产业转移，美元又是主要的国际货币、全球第一“强币”，美国也是中国最重要的出口目的地国，采取盯住美元的策略能够保证人民币币值的稳定，从而保障我国出口外向型战略的顺利实施<br>— 黄奇帆 · 《分析与思考》	黄奇帆 分析与思考 理论命题论断 命题
关于「理论命题/论断」：第一种，当外资到我国投资时，需要将其持有的外币兑换成人民币，这就是被结汇…？	第一种，当外资到我国投资时，需要将其持有的外币兑换成人民币，这就是被结汇<br>— 黄奇帆 · 《分析与思考》	黄奇帆 分析与思考 理论命题论断 命题
关于「理论命题/论断」：在“汇兑本位制”下，外汇储备可以视作人民币发行的基础或储备…？	在“汇兑本位制”下，外汇储备可以视作人民币发行的基础或储备，且由于实行强制结汇，外汇占款逐渐成为我国基础货币发行的主要途径，到2013年末达到83%的峰值，此后略有下降，截至2019年7月末，外汇占款占中国人民银行资产总规模达到59.35%，说明有近六成人民币仍然通过外汇占款的方式发行<br>— 黄奇帆 · 《分析与思考》	黄奇帆 分析与思考 理论命题论断 命题
关于「理论命题/论断」：需要指出的是，此时的货币制度依然属于“汇兑本位制”…？	需要指出的是，此时的货币制度依然属于“汇兑本位制”，只不过人民币钩住的锚从美元变成了“一篮子货币”而已<br>— 黄奇帆 · 《分析与思考》	黄奇帆 分析与思考 理论命题论断 命题
关于「理论命题/论断」：由于美元是目前世界上最主要的货币…？	由于美元是目前世界上最主要的货币，所以虽然人民币与一篮子货币形成相对均衡的比价，但由于美元在一篮子货币中占有较大的比重，人民币最重要的比价货币是美元<br>— 黄奇帆 · 《分析与思考》	黄奇帆 分析与思考 理论命题论断 命题
关于「理论命题/论断」：因此，由于我国的货币发行的基础是外汇…？	因此，由于我国的货币发行的基础是外汇，而美元在我国的外汇占款、一篮子货币中占比较高，因此可以说人民币是间接锚定美元发行的<br>— 黄奇帆 · 《分析与思考》	黄奇帆 分析与思考 理论命题论断 命题
关于「理论命题/论断」：这说明了随着外汇占款成为基础货币回笼而非投放的主渠道…？	这说明了随着外汇占款成为基础货币回笼而非投放的主渠道，央行主要通过公开市场操作和各类再贷款便利操作购买国内资产来投放货币，不失为在外汇占款不足的情况下供给货币的明智选择<br>— 黄奇帆 · 《分析与思考》	黄奇帆 分析与思考 理论命题论断 命题
关于「理论命题/论断」：在这三个指标中，通货膨胀率是欧洲央行最关注的…？	在这三个指标中，通货膨胀率是欧洲央行最关注的，其货币政策战略是“中期通货膨胀率低于但接近2%”，这就是欧元基础货币的投放机制<br>— 黄奇帆 · 《分析与思考》	黄奇帆 分析与思考 理论命题论断 命题
关于「理论命题/论断」：总而言之，从全世界来看，锚定强势货币仍然是大部分小经济体的选择…？	总而言之，从全世界来看，锚定强势货币仍然是大部分小经济体的选择<br>— 黄奇帆 · 《分析与思考》	黄奇帆 分析与思考 理论命题论断 命题
关于「理论命题/论断」：总之，从当前来看，世界的货币大致形成了两类发行制度：以“其他货币”为名义锚的货币…？	总之，从当前来看，世界的货币大致形成了两类发行制度：以“其他货币”为名义锚的货币发行体制和以“本国资产”为名义锚的货币发行体系，也称为主权信用货币制度<br>— 黄奇帆 · 《分析与思考》	黄奇帆 分析与思考 理论命题论断 命题
关于「理论命题/论断」：所以，我认为未来我们也要转向主权信用货币制度…？	所以，我认为未来我们也要转向主权信用货币制度，但转向政府信用货币制度不意味着货币可以随意发放，也要有一个锚来约束<br>— 黄奇帆 · 《分析与思考》	黄奇帆 分析与思考 理论命题论断 命题
关于「理论命题/论断」：我基本赞同财政部专家的三条意见，但我认为…？	我基本赞同财政部专家的三条意见，但我认为，这几条意见，只是以国债作为货币发行之锚在操作路径上的具体表述，缺少以国债为锚的主权信用货币的宏观意义解释<br>— 黄奇帆 · 《分析与思考》	黄奇帆 分析与思考 理论命题论断 命题
关于「理论命题/论断」：新中国成立之后，我国根据国内的物资储备发行货币…？	新中国成立之后，我国根据国内的物资储备发行货币，取得了良好的效果，也证明了这种货币发行方式的可行性<br>— 黄奇帆 · 《分析与思考》	黄奇帆 分析与思考 理论命题论断 命题
关于「理论命题/论断」：总之，“主权信用货币制度”是货币制度历史上一次伟大的发明…？	总之，“主权信用货币制度”是货币制度历史上一次伟大的发明，适应了世界经济过去几十年来发展的需要，但在新的经济周期（低增长、低利率、低通胀）下，仍然面临着新的挑战，需要根据现实问题不断找到更好的解决方案<br>— 黄奇帆 · 《分析与思考》	黄奇帆 分析与思考 理论命题论断 命题
关于「理论命题/论断」：总之，“主权信用货币制度”在实践中要对发行国债的目的、程序进行严格管控…？	总之，“主权信用货币制度”在实践中要对发行国债的目的、程序进行严格管控<br>— 黄奇帆 · 《分析与思考》	黄奇帆 分析与思考 理论命题论断 命题
关于「理论命题/论断」：可以说，这种锚体系维护了世界经济的平稳运行…？	可以说，这种锚体系维护了世界经济的平稳运行，偶尔的主权信用滥用和局部货币危机不会动摇它的根本<br>— 黄奇帆 · 《分析与思考》	黄奇帆 分析与思考 理论命题论断 命题
关于「理论命题/论断」：3．中国由出口导向型战略向内需增长型战略转变的必然要求总的来说…？	3．中国由出口导向型战略向内需增长型战略转变的必然要求总的来说，2008年国际金融危机后特别是中美摩擦持续升级背景下呈现的新的世界经济环境和贸易格局，其核心就是过去那种“中国生产—美欧消费”的世界经济大循环难以为继<br>— 黄奇帆 · 《分析与思考》	黄奇帆 分析与思考 理论命题论断 命题
关于「理论命题/论断」：因为国债余额一旦超过GDP，意味着现在债务余额还本付息的总额将接近或超过年度税收…？	因为国债余额一旦超过GDP，意味着现在债务余额还本付息的总额将接近或超过年度税收收入，国家开支会进入危机状态，货币的信用就会丢失<br>— 黄奇帆 · 《分析与思考》	黄奇帆 分析与思考 理论命题论断 命题
关于「理论命题/论断」：目前我国股票市场的总市值与GDP比值大概在60%…？	目前我国股票市场的总市值与GDP比值大概在60%，还远未达到100%程度，说明资本市场还有较大的发展空间<br>— 黄奇帆 · 《分析与思考》	黄奇帆 分析与思考 理论命题论断 命题
关于「理论命题/论断」：此外，一旦股票总市值超过GDP的150%…？	此外，一旦股票总市值超过GDP的150%，意味着股市泡沫化，就要引导资金从股市中流出<br>— 黄奇帆 · 《分析与思考》	黄奇帆 分析与思考 理论命题论断 命题
关于「理论命题/论断」：综合来看，房地产总市值与GDP合理的比值大体在2∶1，绝对不能超过3∶1…？	综合来看，房地产总市值与GDP合理的比值大体在2∶1，绝对不能超过3∶1<br>— 黄奇帆 · 《分析与思考》	黄奇帆 分析与思考 理论命题论断 命题
关于「理论命题/论断」：因此可以认为，未来数字货币大规模发行后…？	因此可以认为，未来数字货币大规模发行后，可以锚定数字化时代的核心生产要素——在数据、计算设备、技术人员等基础上形成的计算能力、存储能力、通讯能力等数字化能力<br>— 黄奇帆 · 《分析与思考》	黄奇帆 分析与思考 理论命题论断 命题
关于「理论命题/论断」：数字化生产要素，不仅是全人类当前需要且未来持续需要的…？	数字化生产要素，不仅是全人类当前需要且未来持续需要的，而且本身蕴含价值，可以通过区块链分布式、可追溯、不可篡改等特性进行发行，无需国家信用担保，可以说是未来数字化社会中最合适的货币锚定物<br>— 黄奇帆 · 《分析与思考》	黄奇帆 分析与思考 理论命题论断 命题
关于「理论命题/论断」：这意味着中国人民银行不能以政府的债权作为抵押发行货币…？	这意味着中国人民银行不能以政府的债权作为抵押发行货币，只能参与国债二级市场的交易而不能参与国债一级市场的发行，央行直接购买国债来发行基础货币的方式就被法律禁止了<br>— 黄奇帆 · 《分析与思考》	黄奇帆 分析与思考 理论命题论断 命题
关于「理论命题/论断」：综上所述，在纵向和横向比较了几种货币发行制度的利弊…？	综上所述，在纵向和横向比较了几种货币发行制度的利弊，以及分析了当前我国货币制度改革面临的新的“局限条件”之后，可以得出结论：未来我国货币制度的改革方向应该是当前大国普遍实施的主权信用货币制度<br>— 黄奇帆 · 《分析与思考》	黄奇帆 分析与思考 理论命题论断 命题
关于「理论命题/论断」：总之，未来我国的货币政策要与我国的GDP在全世界的占比…？	总之，未来我国的货币政策要与我国的GDP在全世界的占比，我国的影响力，我国的数字化实力相匹配<br>— 黄奇帆 · 《分析与思考》	黄奇帆 分析与思考 理论命题论断 命题
关于「理论命题/论断」：作者指出，外卖骑手虽然在中国城镇化和数字化进程中涌现…？	作者指出，外卖骑手虽然在中国城镇化和数字化进程中涌现，但这一职业充满了临时性和过渡性，许多骑手并不打算长期从事这份工作，而是将其视为一种过渡性的谋生手段<br>— 孙萍 · 《过渡劳动》	孙萍 过渡劳动 理论命题论断 命题
关于「理论命题/论断」：通过分析外卖骑手的劳动实践，作者提出了“过渡劳动”这一概念…？	通过分析外卖骑手的劳动实践，作者提出了“过渡劳动”这一概念，强调外卖骑手的工作既不是传统意义上的正规就业，也不是简单的零工劳动，而是一种悬浮于正式与非正式劳动之间的状态<br>— 孙萍 · 《过渡劳动》	孙萍 过渡劳动 理论命题论断 命题
关于「理论命题/论断」：需要指出的是，今日数量庞大的平台零工劳动者很少能够完全呈现自己的话语…？	需要指出的是，今日数量庞大的平台零工劳动者很少能够完全呈现自己的话语，作为一个观察者、记录者，本书的观点无权也无法完整地代表他们的想法与信念<br>— 孙萍 · 《过渡劳动》	孙萍 过渡劳动 理论命题论断 命题
关于「理论命题/论断」：通过田野调查，我发现外卖骑手大部分来自农村，却日夜穿行于都市之中…？	通过田野调查，我发现外卖骑手大部分来自农村，却日夜穿行于都市之中<br>— 孙萍 · 《过渡劳动》	孙萍 过渡劳动 理论命题论断 命题
关于「理论命题/论断」：这不仅让我洞见了劳动本身的复杂、丰富和能动性…？	这不仅让我洞见了劳动本身的复杂、丰富和能动性，也让我发现了某些情况下可以主动改变的机会，这种行动传播学的经历极为宝贵<br>— 孙萍 · 《过渡劳动》	孙萍 过渡劳动 理论命题论断 命题
关于「理论命题/论断」：这就意味着研究者要对研究问题的提出视角和立场采取一种质疑的态度：这个研究问题反映…？	这就意味着研究者要对研究问题的提出视角和立场采取一种质疑的态度：这个研究问题反映的是谁的视角<br>— 孙萍 · 《过渡劳动》	孙萍 过渡劳动 理论命题论断 命题
关于「理论命题/论断」：作者发现，数字平台语境下的劳动问题不单单是一个资本与劳动的问题…？	作者发现，数字平台语境下的劳动问题不单单是一个资本与劳动的问题，它是一个超越简单的“控制-反抗”逻辑的复杂系统<br>— 孙萍 · 《过渡劳动》	孙萍 过渡劳动 理论命题论断 命题
关于「理论命题/论断」：劳动的不稳定性从来不指向单一的划定标准…？	劳动的不稳定性从来不指向单一的划定标准，恰恰相反，它有着诸多情境的不同和解释视角的差异<br>— 孙萍 · 《过渡劳动》	孙萍 过渡劳动 理论命题论断 命题
关于「理论命题/论断」：通过研究，这个社会可能变得平等一些…？	通过研究，这个社会可能变得平等一些，但研究本身也可能巩固已有的不平等关系或制造新的不平等关系，这就是研究政治的基本议题之一<br>— 孙萍 · 《过渡劳动》	孙萍 过渡劳动 理论命题论断 命题
关于「理论命题/论断」：雇佣关系，这种在过去维持劳动的持久感最重要的契约…？	雇佣关系，这种在过去维持劳动的持久感最重要的契约，正在因为平台零工化的到来而日渐失效<br>— 孙萍 · 《过渡劳动》	孙萍 过渡劳动 理论命题论断 命题
关于「理论命题/论断」：可以说，社会保障和基本工资的缺失成为骑手过渡劳动形成的重要原因…？	可以说，社会保障和基本工资的缺失成为骑手过渡劳动形成的重要原因<br>— 孙萍 · 《过渡劳动》	孙萍 过渡劳动 理论命题论断 命题
关于「理论命题/论断」：本书提出“过渡劳动”的概念，试图追问这样一种工作背后的意义与结果…？	本书提出“过渡劳动”的概念，试图追问这样一种工作背后的意义与结果<br>— 孙萍 · 《过渡劳动》	孙萍 过渡劳动 理论命题论断 命题
关于「理论命题/论断」：外卖：平台与骑手我相信多数读者对于外卖骑手相当熟悉…？	外卖：平台与骑手我相信多数读者对于外卖骑手相当熟悉，毕竟在过去的十年间，没有吃过外卖的人少之又少<br>— 孙萍 · 《过渡劳动》	孙萍 过渡劳动 理论命题论断 命题
关于「理论命题/论断」：概括来说，外卖产业共经历了四个阶段：初始创业期、平台扩张期、竞争兼并期、寡头垄断…？	概括来说，外卖产业共经历了四个阶段：初始创业期、平台扩张期、竞争兼并期、寡头垄断期（参见表1）<br>— 孙萍 · 《过渡劳动》	孙萍 过渡劳动 理论命题论断 命题
关于「理论命题/论断」：我所在的十几个外卖骑手的微信群里…？	我所在的十几个外卖骑手的微信群里，每天都有大量中介发广告，表示可以快速帮办理健康证、开具无犯罪记录的证明<br>— 孙萍 · 《过渡劳动》	孙萍 过渡劳动 理论命题论断 命题
关于「理论命题/论断」：也正是在那段时间，外卖骑手作为“朝不保夕者”的身份更加凸显…？	也正是在那段时间，外卖骑手作为“朝不保夕者”的身份更加凸显，“手停”“脚停”意味着“嘴停”，没有收入给他们带来的冲击极大<br>— 孙萍 · 《过渡劳动》	孙萍 过渡劳动 理论命题论断 命题
关于「理论命题/论断」：需要说明的是，这里的外卖骑手不仅包括送餐的骑手…？	需要说明的是，这里的外卖骑手不仅包括送餐的骑手，也包括送文件、药品、生活用品的骑手，如“闪送”和“UU 跑腿”等细分业务的骑手等，但不包括快递配送员<br>— 孙萍 · 《过渡劳动》	孙萍 过渡劳动 理论命题论断 命题
关于「理论命题/论断」：多次拒绝让我开始变得厚脸皮、自来熟…？	多次拒绝让我开始变得厚脸皮、自来熟，有时我觉得自己像一个打足了鸡血的销售冠军，即便被拒绝也可以笑嘻嘻地站在那里，淡定且从容，继续等待“捕捉”下一个骑手<br>— 孙萍 · 《过渡劳动》	孙萍 过渡劳动 理论命题论断 命题
关于「理论命题/论断」：视角与结构如前文所言，本书想要论述的最核心的问题是：外卖劳动如何变成一种过渡劳动…？	视角与结构如前文所言，本书想要论述的最核心的问题是：外卖劳动如何变成一种过渡劳动<br>— 孙萍 · 《过渡劳动》	孙萍 过渡劳动 理论命题论断 命题
关于「理论命题/论断」：数字劳动与平台劳动的研究越来越变成一个宏大而丰富的概念框架…？	数字劳动与平台劳动的研究越来越变成一个宏大而丰富的概念框架，这就意味着穷尽其意义和进行总体性的论断变得越来越困难<br>— 孙萍 · 《过渡劳动》	孙萍 过渡劳动 理论命题论断 命题
关于「理论命题/论断」：我们比以往任何时候都更需要看到大规模数字化、城镇化、平台化所催生的新型能动力量…？	我们比以往任何时候都更需要看到大规模数字化、城镇化、平台化所催生的新型能动力量<br>— 孙萍 · 《过渡劳动》	孙萍 过渡劳动 理论命题论断 命题
关于「理论命题/论断」：一个有趣的发现是，在过去的十年间…？	一个有趣的发现是，在过去的十年间，外卖平台正经历着组织化的不断增强，但是这种强组织化并没有给骑手带来职业的稳定性，恰恰相反，它进一步加剧了骑手的灵活性<br>— 孙萍 · 《过渡劳动》	孙萍 过渡劳动 理论命题论断 命题
关于「理论命题/论断」：需要看到的是，这种层层编织的网格化管理虽然有效…？	需要看到的是，这种层层编织的网格化管理虽然有效，却也凸显了平台经济发展中的矛盾：组织化的形态想要尽可能地“拢住人”，而落实到具体的情境下时，鲜活的劳动者会在层级化的管理中努力跳脱出来，这其中充满了组织与个人关系式、人情式的张力角逐<br>— 孙萍 · 《过渡劳动》	孙萍 过渡劳动 理论命题论断 命题
关于「理论命题/论断」：需要指出的是，外卖市场的用工类别并不是一开始就如此多样…？	需要指出的是，外卖市场的用工类别并不是一开始就如此多样，而是伴随着外卖市场业务的不断拓展而产生<br>— 孙萍 · 《过渡劳动》	孙萍 过渡劳动 理论命题论断 命题
关于「理论命题/论断」：对于李小川而言，“收购”意味着他将由一名“百度外卖”的正式员工变成第三方外包的临…？	对于李小川而言，“收购”意味着他将由一名“百度外卖”的正式员工变成第三方外包的临时工<br>— 孙萍 · 《过渡劳动》	孙萍 过渡劳动 理论命题论断 命题
关于「理论命题/论断」：大规模的“直营”转“外包”意味着平台与配送骑手之间的直接劳动关系被斩断…？	大规模的“直营”转“外包”意味着平台与配送骑手之间的直接劳动关系被斩断<br>— 孙萍 · 《过渡劳动》	孙萍 过渡劳动 理论命题论断 命题
关于「理论命题/论断」：李小川和几个同事懵懵懂懂地找到了海淀区人力资源和社会保障局（下文简称“劳动局”）…？	李小川和几个同事懵懵懂懂地找到了海淀区人力资源和社会保障局（下文简称“劳动局”），表明态度说自己不想被转为第三方用工<br>— 孙萍 · 《过渡劳动》	孙萍 过渡劳动 理论命题论断 命题
关于「理论命题/论断」：直营外卖员的消失，意味着平台经济下稳定劳动的结束和临时劳动的开始…？	直营外卖员的消失，意味着平台经济下稳定劳动的结束和临时劳动的开始<br>— 孙萍 · 《过渡劳动》	孙萍 过渡劳动 理论命题论断 命题
关于「理论命题/论断」：需要注意的是，平台并不限制加盟商和代理商的公司类型…？	需要注意的是，平台并不限制加盟商和代理商的公司类型，而只要求该公司的经营范围中有物流配送、人力资源管理的相关业务<br>— 孙萍 · 《过渡劳动》	孙萍 过渡劳动 理论命题论断 命题
关于「理论命题/论断」：可以说，各类中介机构的出现成为大规模生产数字零工的重要组织化力量…？	可以说，各类中介机构的出现成为大规模生产数字零工的重要组织化力量<br>— 孙萍 · 《过渡劳动》	孙萍 过渡劳动 理论命题论断 命题
关于「理论命题/论断」：需要注意的是，平台与中介公司的合作并不都是皆大欢喜，因为两者各有各的“算计”…？	需要注意的是，平台与中介公司的合作并不都是皆大欢喜，因为两者各有各的“算计”<br>— 孙萍 · 《过渡劳动》	孙萍 过渡劳动 理论命题论断 命题
关于「理论命题/论断」：可以说，一个代理商存活下来的背后，是无数“炮灰”代理商的血泪故事…？	可以说，一个代理商存活下来的背后，是无数“炮灰”代理商的血泪故事<br>— 孙萍 · 《过渡劳动》	孙萍 过渡劳动 理论命题论断 命题
关于「理论命题/论断」：可以说，在外卖骑手的劳动管理问题上，外包站点和平台算法几乎具有同等的权力…？	可以说，在外卖骑手的劳动管理问题上，外包站点和平台算法几乎具有同等的权力<br>— 孙萍 · 《过渡劳动》	孙萍 过渡劳动 理论命题论断 命题
关于「理论命题/论断」：这一系列动作都在瞬间完成，以至于刚开始我以为他只是下楼去上厕所…？	这一系列动作都在瞬间完成，以至于刚开始我以为他只是下楼去上厕所<br>— 孙萍 · 《过渡劳动》	孙萍 过渡劳动 理论命题论断 命题
关于「理论命题/论断」：需要看到，外卖平台不断变动的组织模式是在尝试形塑一种能够保有骑手劳动稳定增长的最…？	需要看到，外卖平台不断变动的组织模式是在尝试形塑一种能够保有骑手劳动稳定增长的最佳状态<br>— 孙萍 · 《过渡劳动》	孙萍 过渡劳动 理论命题论断 命题
关于「理论命题/论断」：需要看到，在算法的生成过程中，无论是劳动者还是研发者…？	需要看到，在算法的生成过程中，无论是劳动者还是研发者，都在算法技术体系的升级过程中扮演着重要角色<br>— 孙萍 · 《过渡劳动》	孙萍 过渡劳动 理论命题论断 命题
关于「理论命题/论断」：”沿着这一脉络，本章想要阐释的核心观点是：算法是一个生成性的过程…？	”沿着这一脉络，本章想要阐释的核心观点是：算法是一个生成性的过程，也是一种生产性的技术<br>— 孙萍 · 《过渡劳动》	孙萍 过渡劳动 理论命题论断 命题
关于「理论命题/论断」：可以说，在平台管理中，算法和劳动是一对“双生子”，它们彼此依赖，却也充满矛盾…？	可以说，在平台管理中，算法和劳动是一对“双生子”，它们彼此依赖，却也充满矛盾<br>— 孙萍 · 《过渡劳动》	孙萍 过渡劳动 理论命题论断 命题
关于「理论命题/论断」：需要说明的是，本章节对于算法的认知并未聚焦在它的技术逻辑本身…？	需要说明的是，本章节对于算法的认知并未聚焦在它的技术逻辑本身，相反，我们试图对算法做出一个更加宏观、更加社会导向的解读<br>— 孙萍 · 《过渡劳动》	孙萍 过渡劳动 理论命题论断 命题
关于「理论命题/论断」：这也正是本节要论述的核心问题：对于算法…？	这也正是本节要论述的核心问题：对于算法，我们除了看到它的技术属性，更应该看到其背后的价值附着，这是我们讨论算法技术和骑手劳动的前提<br>— 孙萍 · 《过渡劳动》	孙萍 过渡劳动 理论命题论断 命题
关于「理论命题/论断」：但是一个不能忽视的事实是，相较于14.55亿的总人口…？	但是一个不能忽视的事实是，相较于14.55亿的总人口，中国依旧有近4亿人口未能接入互联网，其中包括老人、小孩，以及诸多像老高一样的努力挣扎着的人<br>— 孙萍 · 《过渡劳动》	孙萍 过渡劳动 理论命题论断 命题
关于「理论命题/论断」：可以说，“多线劳动”处理的好坏，直接决定了骑手能否准时完成送单任务…？	可以说，“多线劳动”处理的好坏，直接决定了骑手能否准时完成送单任务<br>— 孙萍 · 《过渡劳动》	孙萍 过渡劳动 理论命题论断 命题
关于「理论命题/论断」：概括来说，游戏化指的是一个有意设定的过程…？	概括来说，游戏化指的是一个有意设定的过程，即在非游戏的场景下，通过使用游戏化的元素来达成娱乐化之外的目的或结果<br>— 孙萍 · 《过渡劳动》	孙萍 过渡劳动 理论命题论断 命题
关于「理论命题/论断」：但是布洛维没有过多谈论游戏规则的设立过程…？	但是布洛维没有过多谈论游戏规则的设立过程，而这正是平台经济下外卖劳动值得关注的地方<br>— 孙萍 · 《过渡劳动》	孙萍 过渡劳动 理论命题论断 命题
关于「理论命题/论断」：可以说，这是一场基于人机互动精心设计的“真人游戏”…？	可以说，这是一场基于人机互动精心设计的“真人游戏”，外卖骑手本身既是游戏的参与者，也是游戏的建设者<br>— 孙萍 · 《过渡劳动》	孙萍 过渡劳动 理论命题论断 命题
关于「理论命题/论断」：需要看到的是，外卖系统的建立绝非一朝一夕…？	需要看到的是，外卖系统的建立绝非一朝一夕，而是与外卖产业不断增强的组织化、市场业务的不断细分以及个体劳动者持续不断的劳动力供给有着密切联系<br>— 孙萍 · 《过渡劳动》	孙萍 过渡劳动 理论命题论断 命题
关于「理论命题/论断」：虽然截止到目前还没有关于外卖员就业人数的官方统计…？	虽然截止到目前还没有关于外卖员就业人数的官方统计，但通过把主要的外卖平台就业人员相加，我发现，外卖员的就业人口实现了从个别到超过千万的增长<br>— 孙萍 · 《过渡劳动》	孙萍 过渡劳动 理论命题论断 命题
关于「理论命题/论断」：根据技术团队的解释，“美团”的知识图谱意味着人工智能技术的又一大进步：机器开始从…？	根据技术团队的解释，“美团”的知识图谱意味着人工智能技术的又一大进步：机器开始从感知智能向认知智能跃迁<br>— 孙萍 · 《过渡劳动》	孙萍 过渡劳动 理论命题论断 命题
关于「理论命题/论断」：在你来我往的激烈讨论中，我发现，虽然大家对于平台的派单系统充满了各式各样的不满…？	在你来我往的激烈讨论中，我发现，虽然大家对于平台的派单系统充满了各式各样的不满，但是却在一点上达成了共识，那就是，作为骑手，需要养好自己的派单系统<br>— 孙萍 · 《过渡劳动》	孙萍 过渡劳动 理论命题论断 命题
关于「理论命题/论断」：技术可能会被滥用，但技术带有的共享、公益，始终是其最重要的社会属性…？	技术可能会被滥用，但技术带有的共享、公益，始终是其最重要的社会属性<br>— 孙萍 · 《过渡劳动》	孙萍 过渡劳动 理论命题论断 命题
关于「理论命题/论断」：正如有学者指出，“与狭隘的私人性、集团性相对立的公共性、公益性…？	正如有学者指出，“与狭隘的私人性、集团性相对立的公共性、公益性，是技术社会化实践最重要的价值内核和评判标准”<br>— 孙萍 · 《过渡劳动》	孙萍 过渡劳动 理论命题论断 命题
关于「理论命题/论断」：无论是技术史还是社会史都表明，一项技术的生成绝对不是个体化、单一化的产物…？	无论是技术史还是社会史都表明，一项技术的生成绝对不是个体化、单一化的产物，恰恰相反，它具有集体性、互动性，是结合了多种行动者且具有多元特质的产物<br>— 孙萍 · 《过渡劳动》	孙萍 过渡劳动 理论命题论断 命题
关于「理论命题/论断」：而恰恰是这样的“旧人群”，他们的职业伦理出现了“新变化”，才更值得我们注意…？	而恰恰是这样的“旧人群”，他们的职业伦理出现了“新变化”，才更值得我们注意<br>— 孙萍 · 《过渡劳动》	孙萍 过渡劳动 理论命题论断 命题
关于「理论命题/论断」：在调研的过程中我发现，不少刚加入的骑手都会出现一种“转行不适症”…？	在调研的过程中我发现，不少刚加入的骑手都会出现一种“转行不适症”<br>— 孙萍 · 《过渡劳动》	孙萍 过渡劳动 理论命题论断 命题
关于「理论命题/论断」：第一次见他的时候，我觉得他像一个初中生，驴哥平日里就叫他“小孩”…？	第一次见他的时候，我觉得他像一个初中生，驴哥平日里就叫他“小孩”<br>— 孙萍 · 《过渡劳动》	孙萍 过渡劳动 理论命题论断 命题
关于「理论命题/论断」：可以说，这是一种“全景敞视”的可见性服务，骑手的一举一动都处于顾客的监督之下…？	可以说，这是一种“全景敞视”的可见性服务，骑手的一举一动都处于顾客的监督之下<br>— 孙萍 · 《过渡劳动》	孙萍 过渡劳动 理论命题论断 命题
关于「理论命题/论断」：送餐超时意味着骑手的送单准时率下降、积分数额下调…？	送餐超时意味着骑手的送单准时率下降、积分数额下调，甚至部分骑手要面临被扣除配送费的风险<br>— 孙萍 · 《过渡劳动》	孙萍 过渡劳动 理论命题论断 命题
关于「理论命题/论断」：虽然骑手被平台、站点、算法的层层管理限制…？	虽然骑手被平台、站点、算法的层层管理限制，但这并不意味着他们一直老老实实、言听计从<br>— 孙萍 · 《过渡劳动》	孙萍 过渡劳动 理论命题论断 命题
关于「理论命题/论断」：“打架”这种事情在服务业十分不被看好…？	“打架”这种事情在服务业十分不被看好，因为它不但意味着买卖生意的完全丧失，更预示着服务者和被服务者就此“结仇”，老死不相往来<br>— 孙萍 · 《过渡劳动》	孙萍 过渡劳动 理论命题论断 命题
关于「理论命题/论断」：可恰恰是这样一种极度不被看好、不被鼓励的事情，却屡屡出现在外卖骑手的身上…？	可恰恰是这样一种极度不被看好、不被鼓励的事情，却屡屡出现在外卖骑手的身上<br>— 孙萍 · 《过渡劳动》	孙萍 过渡劳动 理论命题论断 命题
关于「理论命题/论断」：概括来说，运力考核指的是某一区域的订单配送能力…？	概括来说，运力考核指的是某一区域的订单配送能力，尤其是在高峰时段，平台需要尽力确保在规定时间内将所有订单派送完毕，而运力保障的前提是充足的外卖骑手在线<br>— 孙萍 · 《过渡劳动》	孙萍 过渡劳动 理论命题论断 命题
关于「理论命题/论断」：每次问到乐跑的问题时，他们都会当机立断地表明自己绝对不会转乐跑…？	每次问到乐跑的问题时，他们都会当机立断地表明自己绝对不会转乐跑<br>— 孙萍 · 《过渡劳动》	孙萍 过渡劳动 理论命题论断 命题
关于「理论命题/论断」：我们想论述的核心观点是，伴随着平台组织化的不断提升…？	我们想论述的核心观点是，伴随着平台组织化的不断提升，外卖骑手在平台上参与劳动的时间越来越长<br>— 孙萍 · 《过渡劳动》	孙萍 过渡劳动 理论命题论断 命题
关于「理论命题/论断」：“涵化理论”最早出现于传播学的电视研究领域…？	“涵化理论”最早出现于传播学的电视研究领域，它旨在说明长期沉浸于暴力电视节目的青少年更加有可能出现暴力倾向<br>— 孙萍 · 《过渡劳动》	孙萍 过渡劳动 理论命题论断 命题
关于「理论命题/论断」：“区隔”也就意味着展现不同和差异，甚至利用这些所谓不同和差异再造不平等…？	“区隔”也就意味着展现不同和差异，甚至利用这些所谓不同和差异再造不平等<br>— 孙萍 · 《过渡劳动》	孙萍 过渡劳动 理论命题论断 命题
关于「理论命题/论断」：在其他职业的人看来，外卖骑手所承担的风险表明他们是一群勇敢的、敢于挑战生活的“孤…？	在其他职业的人看来，外卖骑手所承担的风险表明他们是一群勇敢的、敢于挑战生活的“孤勇者”，但社会和个体对于这样一种“承担风险”的话语阐释却往往带有无可奈何的意味，正如李烨的妻子郭霞感慨，“不是被逼无奈谁干这个”<br>— 孙萍 · 《过渡劳动》	孙萍 过渡劳动 理论命题论断 命题
关于「理论命题/论断」：这意味着他们既要承担“在交通事故中无法得到保障”的社会风险…？	这意味着他们既要承担“在交通事故中无法得到保障”的社会风险，也要承担事故给个人和家庭带来的身心伤害<br>— 孙萍 · 《过渡劳动》	孙萍 过渡劳动 理论命题论断 命题
关于「理论命题/论断」：虽然我们没有证据证明这是一场骗局…？	虽然我们没有证据证明这是一场骗局，但是老刘关于表壳破碎的质疑以及吴之峰关于赔偿金不断降低的质疑，的确让我看到了骑手承担的另外一重风险，那就是一部分人刻意创造出来的对于骑手的恶意欺诈<br>— 孙萍 · 《过渡劳动》	孙萍 过渡劳动 理论命题论断 命题
关于「理论命题/论断」：一旦骑手转变成个体工商户，便意味着与平台、合作商公司无法构成劳动关系…？	一旦骑手转变成个体工商户，便意味着与平台、合作商公司无法构成劳动关系，这也就意味着，平台无须承担对于劳动者的劳动权益的保障<br>— 孙萍 · 《过渡劳动》	孙萍 过渡劳动 理论命题论断 命题
关于「理论命题/论断」：或者可以说，劳动者从来都吃苦耐劳…？	或者可以说，劳动者从来都吃苦耐劳，只要能赚钱，他们便愿意慷慨拿出自己的休息时间，日夜兼程或者昼夜颠倒似乎也都不算什么<br>— 孙萍 · 《过渡劳动》	孙萍 过渡劳动 理论命题论断 命题
关于「理论命题/论断」：因为大家都知道，一旦被牵连，就意味着自己要连续14天甚至更多天没有任何收入…？	因为大家都知道，一旦被牵连，就意味着自己要连续14天甚至更多天没有任何收入<br>— 孙萍 · 《过渡劳动》	孙萍 过渡劳动 理论命题论断 命题
关于「理论命题/论断」：（因为）我穿的“闪送”的衣服，他们说穿这种衣服不能进，我认为这是在歧视我…？	（因为）我穿的“闪送”的衣服，他们说穿这种衣服不能进，我认为这是在歧视我<br>— 孙萍 · 《过渡劳动》	孙萍 过渡劳动 理论命题论断 命题
关于「理论命题/论断」：对于很多已婚骑手来说，来大城市送外卖意味着长期的异地分居…？	对于很多已婚骑手来说，来大城市送外卖意味着长期的异地分居，这给婚姻和家庭带来了挑战<br>— 孙萍 · 《过渡劳动》	孙萍 过渡劳动 理论命题论断 命题
关于「理论命题/论断」：他们不认为这是一种苦难，恰恰相反…？	他们不认为这是一种苦难，恰恰相反，他们会怀念一起在公园的长凳上躺着聊天的时刻，会时常想起黑夜里的寂静和天上闪亮的星星<br>— 孙萍 · 《过渡劳动》	孙萍 过渡劳动 理论命题论断 命题
关于「理论命题/论断」：概括来说，本章对于女骑手的研究与分析主要源于以下两点思考：首先是生产与再生产的关…？	概括来说，本章对于女骑手的研究与分析主要源于以下两点思考：首先是生产与再生产的关系问题<br>— 孙萍 · 《过渡劳动》	孙萍 过渡劳动 理论命题论断 命题
关于「理论命题/论断」：对于这样一群女性来说，家庭的责任与重担并没有因为她们加入骑手行列而消失…？	对于这样一群女性来说，家庭的责任与重担并没有因为她们加入骑手行列而消失，这意味着她们不得不面临生产和再生产之间的拉扯，并在这种拉扯之中寻找解决之策<br>— 孙萍 · 《过渡劳动》	孙萍 过渡劳动 理论命题论断 命题
关于「理论命题/论断」：我把这样的性别身份建构看作一种生存策略…？	我把这样的性别身份建构看作一种生存策略，它充满不确定性，甚至在我看来有些苛刻，但是这样的策略对于女骑手而言又十分有效，它能够使进入外卖行业的女性有效地适应家庭与市场的双重需求，也能够使其在对女性不那么友好的外卖劳动中努力站稳脚跟<br>— 孙萍 · 《过渡劳动》	孙萍 过渡劳动 理论命题论断 命题
关于「理论命题/论断」：根据调查问卷的分析来看，八成以上的人选择跑外卖都有经济收入方面的考量…？	根据调查问卷的分析来看，八成以上的人选择跑外卖都有经济收入方面的考量，这也可以说是他们加入外卖最根本的动因<br>— 孙萍 · 《过渡劳动》	孙萍 过渡劳动 理论命题论断 命题
关于「理论命题/论断」：我问老高为什么不两个人分开跑，多挣点钱…？	我问老高为什么不两个人分开跑，多挣点钱，他说，“一个人等单无聊得很，两个人可以说话<br>— 孙萍 · 《过渡劳动》	孙萍 过渡劳动 理论命题论断 命题
关于「理论命题/论断」：但是这样的脱离并不意味着完全的解脱，因为它是在家务的二次外包的基础上实现的…？	但是这样的脱离并不意味着完全的解脱，因为它是在家务的二次外包的基础上实现的<br>— 孙萍 · 《过渡劳动》	孙萍 过渡劳动 理论命题论断 命题
关于「理论命题/论断」：我试图在《历史决定论的贫困》中证明…？	我试图在《历史决定论的贫困》中证明，历史决定论是一种拙劣的方法——不能产生任何结果的方法<br>— 波普尔 · 《历史决定论的贫困》	波普尔 历史决定论的贫困 理论命题论断 命题
关于「理论命题/论断」：在那时以后，我成功地对历史决定论给予反驳：我已证明…？	在那时以后，我成功地对历史决定论给予反驳：我已证明，由于纯粹的逻辑理由，我们不可能预测历史的未来进程<br>— 波普尔 · 《历史决定论的贫困》	波普尔 历史决定论的贫困 理论命题论断 命题
关于「理论命题/论断」：（4）这就是说，我们必须摈弃理论历史学的可能性…？	（4）这就是说，我们必须摈弃理论历史学的可能性，即摈弃与理论物理学相当的历史社会科学的可能性<br>— 波普尔 · 《历史决定论的贫困》	波普尔 历史决定论的贫困 理论命题论断 命题
关于「理论命题/论断」：我以为下列的说法是令人信服的：如果有不断增长的人类知识这回事…？	我以为下列的说法是令人信服的：如果有不断增长的人类知识这回事，那么我们今天就不可能预先知道我们明天才会知道的事情<br>— 波普尔 · 《历史决定论的贫困》	波普尔 历史决定论的贫困 理论命题论断 命题
关于「理论命题/论断」：我在上述论文中提供的（2）的证明是复杂的：如果能找到较为简单的证明，我也不会惊异…？	我在上述论文中提供的（2）的证明是复杂的：如果能找到较为简单的证明，我也不会惊异<br>— 波普尔 · 《历史决定论的贫困》	波普尔 历史决定论的贫困 理论命题论断 命题
关于「理论命题/论断」：我的证明在于指出了任何科学预测者——不管是一位科学家还是一部计算机——都不能用科…？	我的证明在于指出了任何科学预测者——不管是一位科学家还是一部计算机——都不能用科学方法预测它自己未来的结果<br>— 波普尔 · 《历史决定论的贫困》	波普尔 历史决定论的贫困 理论命题论断 命题
关于「理论命题/论断」：在后一部著作《开放社会及其敌人》中…？	在后一部著作《开放社会及其敌人》中，我已从历史决定论思想史中选取若干事件，以证明这个问题对赫拉克利特和柏拉图到黑格尔和马克思的社会政治哲学的持续而有害的影响<br>— 波普尔 · 《历史决定论的贫困》	波普尔 历史决定论的贫困 理论命题论断 命题
关于「理论命题/论断」：在前一部著作《历史决定论的贫困》（现在第一次用英文以书籍的形式出版）中…？	在前一部著作《历史决定论的贫困》（现在第一次用英文以书籍的形式出版）中，我2力图证明历史决定论作为一种智力结构所具有的意义，我已试图分析它的逻辑——往往是如此深奥晦涩，如此咄咄逼人，如此容易骗人——并且我已经证明它有着固有的、无法弥补的弱点<br>— 波普尔 · 《历史决定论的贫困》	波普尔 历史决定论的贫困 理论命题论断 命题
关于「理论命题/论断」：并且我认为，在大多数方法论讨论中…？	并且我认为，在大多数方法论讨论中，关键性的错误在于对物理学方法的一些十分常见的误解<br>— 波普尔 · 《历史决定论的贫困》	波普尔 历史决定论的贫困 理论命题论断 命题
关于「理论命题/论断」：而且虽然可以说它们依赖人类的本性…？	而且虽然可以说它们依赖人类的本性，它们之所以如此，乃是因为人类的本性有力量改变它们，而且也许能控制它们<br>— 波普尔 · 《历史决定论的贫困》	波普尔 历史决定论的贫困 理论命题论断 命题
关于「理论命题/论断」：我们对物理学新情况的解释是把它们视5为原有因素的重新排列…？	我们对物理学新情况的解释是把它们视5为原有因素的重新排列，但对于社会生活这个极其重要的方面，却不能按照我们在物理学中这个习惯的路子来加以研究，即使普通的物理学方法可以适用于社会，但决不会适用于最重要的特点：社会划分为各个时期并出现新情况，一旦我们理解社会新事物的意义，我们就不得不放弃这样的想法，即把通常的物理学方法应用于社会学问题会有助于我们理解社会发展问题<br>— 波普尔 · 《历史决定论的贫困》	波普尔 历史决定论的贫困 理论命题论断 命题
关于「理论命题/论断」：我们已看到，每一特定的社会事件，社会生活中每一件事，在某种意义上都可以说是新的…？	我们已看到，每一特定的社会事件，社会生活中每一件事，在某种意义上都可以说是新的<br>— 波普尔 · 《历史决定论的贫困》	波普尔 历史决定论的贫困 理论命题论断 命题
关于「理论命题/论断」：社会学在学科系统中排在最后，这一事实清楚地向我们表明…？	社会学在学科系统中排在最后，这一事实清楚地向我们表明，涉及社会生活的因素是极端复杂的<br>— 波普尔 · 《历史决定论的贫困》	波普尔 历史决定论的贫困 理论命题论断 命题
关于「理论命题/论断」：5．预测的不精确性 在讨论历史决定论的泛自然主义学说时将表明…？	5．预测的不精确性 在讨论历史决定论的泛自然主义学说时将表明，历史决定论往往强调预测作为科学任务之一的重要性<br>— 波普尔 · 《历史决定论的贫困》	波普尔 历史决定论的贫困 理论命题论断 命题
关于「理论命题/论断」：但是科学家及其对象属于同一个较大的世界这一事实…？	但是科学家及其对象属于同一个较大的世界这一事实，在社会科学中是没有的，这导致社会科学中（正如已经表明的那样）预测的不确定性，这种不确定性有时具有重大的实际意义<br>— 波普尔 · 《历史决定论的贫困》	波普尔 历史决定论的贫困 理论命题论断 命题
关于「理论命题/论断」：在其相反的极端情况下，对即将来临的事件的预测可导致防止该事件的发生（因此可以说…？	在其相反的极端情况下，对即将来临的事件的预测可导致防止该事件的发生（因此可以说，社会科学家能够通过故意地或不经心地不去预测它，来使之发生，或引起它发生）<br>— 波普尔 · 《历史决定论的贫困》	波普尔 历史决定论的贫困 理论命题论断 命题
关于「理论命题/论断」：为了证明这些论点，历史决定论者可以指出…？	为了证明这些论点，历史决定论者可以指出，只要社会发展中某一个时期具有某种固有倾向，我们就可期望发现能影响这种发展的社会学理论<br>— 波普尔 · 《历史决定论的贫困》	波普尔 历史决定论的贫困 理论命题论断 命题
关于「理论命题/论断」：这可以表明，人们说一个集团有它自己的历史…？	这可以表明，人们说一个集团有它自己的历史，而它的结构在很大程度上又取决于它7的历史（参阅上面第三节论“新颖性”），就是这个意思<br>— 波普尔 · 《历史决定论的贫困》	波普尔 历史决定论的贫困 理论命题论断 命题
关于「理论命题/论断」：社会集团的整体性质（即这种集团决不能完全解释为它们成员的单纯集合）…？	社会集团的整体性质（即这种集团决不能完全解释为它们成员的单纯集合），说明了历史决定论者关于物理学中的新事物（只是原有要素和因素的新组合或新排列）与社会生活中的新事物（不可归结为纯属新排列的那种真正的新事物）之间的区别<br>— 波普尔 · 《历史决定论的贫困》	波普尔 历史决定论的贫困 理论命题论断 命题
关于「理论命题/论断」：虽然研究它的历史是有趣的，并且这种研究有助于说明它的目前状态…？	虽然研究它的历史是有趣的，并且这种研究有助于说明它的目前状态，但我们知道，在某种意义上，这种状态与这个系统的历史无关<br>— 波普尔 · 《历史决定论的贫困》	波普尔 历史决定论的贫困 理论命题论断 命题
关于「理论命题/论断」：这些考察有力地表明，历史决定论与所谓社会结构的生物学理论或有机理论（把社会和活机…？	这些考察有力地表明，历史决定论与所谓社会结构的生物学理论或有机理论（把社会和活机体类比来解释社会集团的理论）之间有着密切的联系<br>— 波普尔 · 《历史决定论的贫困》	波普尔 历史决定论的贫困 理论命题论断 命题
关于「理论命题/论断」：但是反对数量方法和数学方法的某些最有说服力的论点却很能表明我称之为历史决定论的观…？	但是反对数量方法和数学方法的某些最有说服力的论点却很能表明我称之为历史决定论的观点，这里将讨论这些论点<br>— 波普尔 · 《历史决定论的贫困》	波普尔 历史决定论的贫困 理论命题论断 命题
关于「理论命题/论断」：历史决定论者可以说，我完全同意你的意见：但是在社会科学的统计方法与物理学的数量—…？	历史决定论者可以说，我完全同意你的意见：但是在社会科学的统计方法与物理学的数量——数学方法之间仍有巨大差别<br>— 波普尔 · 《历史决定论的贫困》	波普尔 历史决定论的贫困 理论命题论断 命题
关于「理论命题/论断」：换言之，这种定律表明了一个可测量对另一个可测量的依赖关系以及一个量对于另一个量的…？	换言之，这种定律表明了一个可测量对另一个可测量的依赖关系以及一个量对于另一个量的依赖方式是以精确的数量形式来规定的<br>— 波普尔 · 《历史决定论的贫困》	波普尔 历史决定论的贫困 理论命题论断 命题
关于「理论命题/论断」：总之历史决定论反对定量的数学方法的论点认为…？	总之历史决定论反对定量的数学方法的论点认为，社会学家的任务是对例如国家、经济体制或政治制度等社会实体在历史进程中所经历的变化给予因果解释<br>— 波普尔 · 《历史决定论的贫困》	波普尔 历史决定论的贫困 理论命题论断 命题
关于「理论命题/论断」：然而，就一个政府来说，我们可以说尽管它大大的改变了，但它在本质上是相同的…？	然而，就一个政府来说，我们可以说尽管它大大的改变了，但它在本质上是相同的<br>— 波普尔 · 《历史决定论的贫困》	波普尔 历史决定论的贫困 理论命题论断 命题
关于「理论命题/论断」：所以，对于任何社会事物都可以说，“仅就其本质而论…？	所以，对于任何社会事物都可以说，“仅就其本质而论，它可以出现在任何其他地方，采取任何其他形式，它也可以有所改变而事实上又保持不变，或者虽说改变了，但改变的方式与实际变化不同”（胡塞尔）<br>— 波普尔 · 《历史决定论的贫困》	波普尔 历史决定论的贫困 理论命题论断 命题
关于「理论命题/论断」：有的现象从某种观点来看，可以在本质上是不同的…？	有的现象从某种观点来看，可以在本质上是不同的，而从另一种观点来看，又可以在本质上是相同的<br>— 波普尔 · 《历史决定论的贫困》	波普尔 历史决定论的贫困 理论命题论断 命题
关于「理论命题/论断」：从上述的历史决定论的论点可以看出，对社会发展的纯粹描述是不可能的…？	从上述的历史决定论的论点可以看出，对社会发展的纯粹描述是不可能的<br>— 波普尔 · 《历史决定论的贫困》	波普尔 历史决定论的贫困 理论命题论断 命题
关于「理论命题/论断」：于是，本质可以被解释为该事物所固有的潜能（Potcentialities）的总和…？	于是，本质可以被解释为该事物所固有的潜能（Potcentialities）的总和或本源，而变化（或运动）则可能被解释为事物本质的隐蔽潜能的实现或表现，（这就是亚里士多德的学说）<br>— 波普尔 · 《历史决定论的贫困》	波普尔 历史决定论的贫困 理论命题论断 命题
关于「理论命题/论断」：本质主义也许是由于如下理由而被引进…？	本质主义也许是由于如下理由而被引进，这就是说，因为它使我们能够在变化的事物中看到同一性，但它又提出了一些很有力的论点支持一种学说，即认为社会科学必须采用历史的方法<br>— 波普尔 · 《历史决定论的贫困》	波普尔 历史决定论的贫困 理论命题论断 命题
关于「理论命题/论断」：他们声称，进行这样的长期预报是可能的…？	他们声称，进行这样的长期预报是可能的，而且这表明，预言遥远未来这个古老的梦想并未越出人类心智可能达到的范围<br>— 波普尔 · 《历史决定论的贫困》	波普尔 历史决定论的贫困 理论命题论断 命题
关于「理论命题/论断」：我们已经表明（在第5、6 节），比方说…？	我们已经表明（在第5、6 节），比方说，可以与航海年历相比的关于社会事件的精确的科学历法，在逻辑上是不可能的<br>— 波普尔 · 《历史决定论的贫困》	波普尔 历史决定论的贫困 理论命题论断 命题
关于「理论命题/论断」：在另一方面，从我们对历史决定论的反自然主义学说的阐述中可以得出…？	在另一方面，从我们对历史决定论的反自然主义学说的阐述中可以得出，社会科学的短期预报必定有很大的缺点<br>— 波普尔 · 《历史决定论的贫困》	波普尔 历史决定论的贫困 理论命题论断 命题
关于「理论命题/论断」：物理学家知道，静力学只是动力学的一种抽象：可以说…？	物理学家知道，静力学只是动力学的一种抽象：可以说，静力学是关于在某些条件下如何和为什么不发生任何事情的理论，即为什么不发生变化的理论：而且它以反作用力大小相等来解释这一情况，另一方面，动力学则涉及一般情况，即涉及作用力相等或不相等的情况，并可被描述为如何和为什么确实发生某事的理论<br>— 波普尔 · 《历史决定论的贫困》	波普尔 历史决定论的贫困 理论命题论断 命题
关于「理论命题/论断」：例如，他也许说，历史决定论所设想的社会学类似于动力学…？	例如，他也许说，历史决定论所设想的社会学类似于动力学，因为它本质上是一种因果理论，而因果解释一般是关于如何和为什么发生某些事情的解释<br>— 波普尔 · 《历史决定论的贫困》	波普尔 历史决定论的贫困 理论命题论断 命题
关于「理论命题/论断」：只有用这种方式，我们才能发展一种为大规模预报奠定基础的理论科学…？	只有用这种方式，我们才能发展一种为大规模预报奠定基础的理论科学，而大规模预报的确证则意味着社会理论的成功<br>— 波普尔 · 《历史决定论的贫困》	波普尔 历史决定论的贫困 理论命题论断 命题
关于「理论命题/论断」：然而这只能意味着，它们适用于整个人类历史…？	然而这只能意味着，它们适用于整个人类历史，包括它的一切时期，而不是仅适用于某些时期<br>— 波普尔 · 《历史决定论的贫困》	波普尔 历史决定论的贫困 理论命题论断 命题
关于「理论命题/论断」：可以说，它们是建设性的，表示我们若要达到某些结果我们要采取什么步骤…？	可以说，它们是建设性的，表示我们若要达到某些结果我们要采取什么步骤<br>— 波普尔 · 《历史决定论的贫困》	波普尔 历史决定论的贫困 理论命题论断 命题
关于「理论命题/论断」：我选择“预言的”和“技术的”这两个词，当然要表明它们在实用观点来看所显示的特点…？	我选择“预言的”和“技术的”这两个词，当然要表明它们在实用观点来看所显示的特点<br>— 波普尔 · 《历史决定论的贫困》	波普尔 历史决定论的贫困 理论命题论断 命题
关于「理论命题/论断」：值得注意的是，预言的科学性和工程的科学性的这种区别不同于长期预测与短期预测之间的…？	值得注意的是，预言的科学性和工程的科学性的这种区别不同于长期预测与短期预测之间的区别<br>— 波普尔 · 《历史决定论的贫困》	波普尔 历史决定论的贫困 理论命题论断 命题
关于「理论命题/论断」：16．历史发展的理论 这些考虑已把我们带到了我建议称之为“历史决定”的那些论据的…？	16．历史发展的理论 这些考虑已把我们带到了我建议称之为“历史决定”的那些论据的核心，并且这些考虑证明，选择这个说法是对的<br>— 波普尔 · 《历史决定论的贫困》	波普尔 历史决定论的贫困 理论命题论断 命题
关于「理论命题/论断」：然而这些论点很容易扩大，以致证明技术性的理论社会科学是不可能的…？	然而这些论点很容易扩大，以致证明技术性的理论社会科学是不可能的<br>— 波普尔 · 《历史决定论的贫困》	波普尔 历史决定论的贫困 理论命题论断 命题
关于「理论命题/论断」：我们已经看到，实用工程的冒险之所以必然失败…？	我们已经看到，实用工程的冒险之所以必然失败，可以由极其重要的社会学的事实和规律来说明<br>— 波普尔 · 《历史决定论的贫困》	波普尔 历史决定论的贫困 理论命题论断 命题
关于「理论命题/论断」：但这种说法不仅意味着这种冒险没有任何实用价值…？	但这种说法不仅意味着这种冒险没有任何实用价值，而且也意味着它在理论上也是不对的，因为它忽视了唯一真正重要的社会规律——发展规律<br>— 波普尔 · 《历史决定论的贫困》	波普尔 历史决定论的贫困 理论命题论断 命题
关于「理论命题/论断」：一种社会科学若没有讲授理性社会构想的不可能性…？	一种社会科学若没有讲授理性社会构想的不可能性，那就是完全没有看到社会生活中最重要的事实，并且必定也不知道唯一真正有效和真正重要的社会规律<br>— 波普尔 · 《历史决定论的贫困》	波普尔 历史决定论的贫困 理论命题论断 命题
关于「理论命题/论断」：认为我们能够在科学的基础上合理地构想新的社会结构这个想法…？	认为我们能够在科学的基础上合理地构想新的社会结构这个想法，意味着我们能够在不同程度上准确地按我们的计划使一个新的社会时期出现<br>— 波普尔 · 《历史决定论的贫困》	波普尔 历史决定论的贫困 理论命题论断 命题
关于「理论命题/论断」：然而，如果这个计划的根据是探讨社会事实的科学…？	然而，如果这个计划的根据是探讨社会事实的科学，那么，它就不可能说明内在的新特点，而只能说明新的排列（参阅第3 节）<br>— 波普尔 · 《历史决定论的贫困》	波普尔 历史决定论的贫困 理论命题论断 命题
关于「理论命题/论断」：17．社会变革的解释与设计 历史决定论关于社会发展的观点并不意味着宿命论…？	17．社会变革的解释与设计 历史决定论关于社会发展的观点并不意味着宿命论，它也不一定导致无所作为——恰恰相反，大多数历史决定论者都具有十分显著的“能动主义”倾向（参阅第 1 节）<br>— 波普尔 · 《历史决定论的贫困》	波普尔 历史决定论的贫困 理论命题论断 命题
关于「理论命题/论断」：如果这种解释表明他们所盼望的变化行将来临…？	如果这种解释表明他们所盼望的变化行将来临，那么，他们的愿望是合理的，因为这符合科学的预测<br>— 波普尔 · 《历史决定论的贫困》	波普尔 历史决定论的贫困 理论命题论断 命题
关于「理论命题/论断」：我已经表明，在历史决定论看来，自然主义方法包含着某种社会学理论——这个理论认为社…？	我已经表明，在历史决定论看来，自然主义方法包含着某种社会学理论——这个理论认为社会没有重大的发展或变化<br>— 波普尔 · 《历史决定论的贫困》	波普尔 历史决定论的贫困 理论命题论断 命题
关于「理论命题/论断」：但是它与历史决定论的极其重要的学说相冲突…？	但是它与历史决定论的极其重要的学说相冲突，因为正如我们现在看到，我们可以说：“历史决定论者只能解释社会发展并以种种方式促其实现<br>— 波普尔 · 《历史决定论的贫困》	波普尔 历史决定论的贫困 理论命题论断 命题
关于「理论命题/论断」：因为这些提法试图表明，某些历史决定论者的乐观主义或能动性倾向…？	因为这些提法试图表明，某些历史决定论者的乐观主义或能动性倾向，正是由其分析本身的结论而受到挫折<br>— 波普尔 · 《历史决定论的贫困》	波普尔 历史决定论的贫困 理论命题论断 命题
关于「理论命题/论断」：他会说，这就是为什么他和其他历史决定论者要对能够被他们视为有用的活动的范围给于限…？	他会说，这就是为什么他和其他历史决定论者要对能够被他们视为有用的活动的范围给于限定之故，就是为什么要强调这些限定对于进行任何明确的历史决定论分析是必要之故<br>— 波普尔 · 《历史决定论的贫困》	波普尔 历史决定论的贫困 理论命题论断 命题
关于「理论命题/论断」：由于这些理由，我认为我的论述并不是不公道的，而只是在能动主义这个问题上加以澄清…？	由于这些理由，我认为我的论述并不是不公道的，而只是在能动主义这个问题上加以澄清<br>— 波普尔 · 《历史决定论的贫困》	波普尔 历史决定论的贫困 理论命题论断 命题
关于「理论命题/论断」：同样，我认为我在前一节中的其他评论也不能被视为对历史决定论的贬意评论…？	同样，我认为我在前一节中的其他评论也不能被视为对历史决定论的贬意评论<br>— 波普尔 · 《历史决定论的贫困》	波普尔 历史决定论的贫困 理论命题论断 命题
关于「理论命题/论断」：某些历史决定论者实际上持这类观点…？	某些历史决定论者实际上持这类观点，并发展为颇为连贯的（并且十分流行的）历史决定论的道德学说：道德上的善就是道德上的进步，这就是说，道德上的善是提前遵守将要到来的时期要采取的那类行为准则<br>— 波普尔 · 《历史决定论的贫困》	波普尔 历史决定论的贫困 理论命题论断 命题
关于「理论命题/论断」：尤其是，它可以被视为一个标志，表明历史决定论（本书只在其方法论方面作了认真的考察…？	尤其是，它可以被视为一个标志，表明历史决定论（本书只在其方法论方面作了认真的考察）可以扩大并发展为一个完整的哲学体系<br>— 波普尔 · 《历史决定论的贫困》	波普尔 历史决定论的贫困 理论命题论断 命题
关于「理论命题/论断」：可以认为，维护“纯粹的”或“基础的”研究权利的那些人应该获得一切支持去反对那种狭…？	可以认为，维护“纯粹的”或“基础的”研究权利的那些人应该获得一切支持去反对那种狭隘而不幸的时髦观点——认为18科学研究只有确属合理的投资才是对的<br>— 波普尔 · 《历史决定论的贫困》	波普尔 历史决定论的贫困 理论命题论断 命题
关于「理论命题/论断」：我们不必采取实用主义的态度以赞赏康德如下的话：“允许我们出现各种好奇的怪念头…？	我们不必采取实用主义的态度以赞赏康德如下的话：“允许我们出现各种好奇的怪念头，除了我们力所不及之外，不要让我们的探索热情受到任何约束，这就是不致于成为学究的那种精神追求<br>— 波普尔 · 《历史决定论的贫困》	波普尔 历史决定论的贫困 理论命题论断 命题
关于「理论命题/论断」：正如哈那克（HayeK）教授所说：“经济分析从来就不是探求社会现象何以如此的那种…？	正如哈那克（HayeK）教授所说：“经济分析从来就不是探求社会现象何以如此的那种超脱的心智好奇心的产物，而是强烈要求改造令人极为不平的世界的结果，除经济学外，其他一些社会科学还没有采取这种看法，它们毫无成果，表明它们的思考何等迫切地需要实践的检验<br>— 波普尔 · 《历史决定论的贫困》	波普尔 历史决定论的贫困 理论命题论断 命题
关于「理论命题/论断」：由于新方法的引进意味着根本的和革命性的变革，因而这种批评就更加重要了…？	由于新方法的引进意味着根本的和革命性的变革，因而这种批评就更加重要了<br>— 波普尔 · 《历史决定论的贫困》	波普尔 历史决定论的贫困 理论命题论断 命题
关于「理论命题/论断」：我准备在这个共同的根据上表明自己的立场…？	我准备在这个共同的根据上表明自己的立场，从而批评历史决定论是一种拙劣的方法，它不能产生它所许诺的结果<br>— 波普尔 · 《历史决定论的贫困》	波普尔 历史决定论的贫困 理论命题论断 命题
关于「理论命题/论断」：而不是我认为已取得成功并希望有进一步的和更加自觉的发展的那些方法…？	而不是我认为已取得成功并希望有进一步的和更加自觉的发展的那些方法，但是在这里首先简单地谈一谈那些成功的方法，以便向读者表明我自己的倾向，阐明我的批评所根据的观点，是有好处的<br>— 波普尔 · 《历史决定论的贫困》	波普尔 历史决定论的贫困 理论命题论断 命题
关于「理论命题/论断」：这种方法确实可以称之为古典的方法…？	这种方法确实可以称之为古典的方法，而这就是当我把技术方法归结为社会科学或归结为“渐进工程”的时候我心中所想的方法<br>— 波普尔 · 《历史决定论的贫困》	波普尔 历史决定论的贫困 理论命题论断 命题
关于「理论命题/论断」：强调实际的技术方法并不意味着应该排除通过实际问题的分析而提出的理论问题…？	强调实际的技术方法并不意味着应该排除通过实际问题的分析而提出的理论问题<br>— 波普尔 · 《历史决定论的贫困》	波普尔 历史决定论的贫困 理论命题论断 命题
关于「理论命题/论断」：恰恰相反，我的主要观点之一是认为技术的方法可能有助于提出一个纯属理论的重大问题…？	恰恰相反，我的主要观点之一是认为技术的方法可能有助于提出一个纯属理论的重大问题<br>— 波普尔 · 《历史决定论的贫困》	波普尔 历史决定论的贫困 理论命题论断 命题
关于「理论命题/论断」：再者，我们已表明了这些僵化的自然主义者所抨击的一些方法基本上正是自然科学中所采用…？	再者，我们已表明了这些僵化的自然主义者所抨击的一些方法基本上正是自然科学中所采用的方法，除此之外，我们很难提出比这更有力的论点来反对他们<br>— 波普尔 · 《历史决定论的贫困》	波普尔 历史决定论的贫困 理论命题论断 命题
关于「理论命题/论断」：表面上看对我们称之为技术方法所提出的一种异议是…？	表面上看对我们称之为技术方法所提出的一种异议是，这种方法意味着对社会秩序采取”能动主义的”态度（参阅第①节），因而容易使我们不赞同反干预主义者或“被动主义者”的观点<br>— 波普尔 · 《历史决定论的贫困》	波普尔 历史决定论的贫困 理论命题论断 命题
关于「理论命题/论断」：相反，我认为反干预主义包含着一种技术方法…？	相反，我认为反干预主义包含着一种技术方法，因为断言干预主义会使事情变得更糟，就是说某些政治行为不能取得某些结果——取得的不是希望的结果<br>— 波普尔 · 《历史决定论的贫困》	波普尔 历史决定论的贫困 理论命题论断 命题
关于「理论命题/论断」：正如我在别处表明的，所有的自然规律都可以表述为断定某事不可能发生…？	正如我在别处表明的，所有的自然规律都可以表述为断定某事不可能发生<br>— 波普尔 · 《历史决定论的贫困》	波普尔 历史决定论的贫困 理论命题论断 命题
关于「理论命题/论断」：”（这也可以说是“总有与现实相联系的利益”的技术推论）——”你不能进行革命而又不…？	”（这也可以说是“总有与现实相联系的利益”的技术推论）——”你不能进行革命而又不引起反抗<br>— 波普尔 · 《历史决定论的贫困》	波普尔 历史决定论的贫困 理论命题论断 命题
关于「理论命题/论断」：恰恰相反，技术师以假说的形式来表述他的结果时…？	恰恰相反，技术师以假说的形式来表述他的结果时，不但要研究它们之间的相似，也要研究它们之间的区别<br>— 波普尔 · 《历史决定论的贫困》	波普尔 历史决定论的贫困 理论命题论断 命题
关于「理论命题/论断」：下面的例子表明，用技术形式来提出关于社会建构的假说确实是不困难的…？	下面的例子表明，用技术形式来提出关于社会建构的假说确实是不困难的<br>— 波普尔 · 《历史决定论的贫困》	波普尔 历史决定论的贫困 理论命题论断 命题
关于「理论命题/论断」：我们还可以说，如果我们把这两种学说在合理改革所应采取的方法的看法上来比较的话…？	我们还可以说，如果我们把这两种学说在合理改革所应采取的方法的看法上来比较的话，它们的区别不在于规模和范围，而在于别的方面，与我们往往所设想的相反<br>— 波普尔 · 《历史决定论的贫困》	波普尔 历史决定论的贫困 理论命题论断 命题
关于「理论命题/论断」：我认为在这两种学说中，一个是真的，另一个是假的，并容易导致本来可以避免的严重错误…？	我认为在这两种学说中，一个是真的，另一个是假的，并容易导致本来可以避免的严重错误<br>— 波普尔 · 《历史决定论的贫困》	波普尔 历史决定论的贫困 理论命题论断 命题
关于「理论命题/论断」：我认为这两种方法，其一是可能的，其一简直是不存在的，不可能的…？	我认为这两种方法，其一是可能的，其一简直是不存在的，不可能的<br>— 波普尔 · 《历史决定论的贫困》	波普尔 历史决定论的贫困 理论命题论断 命题
关于「理论命题/论断」：例如，这一节上面提到的表明“人的因素”所造成的不确定性那个假说…？	例如，这一节上面提到的表明“人的因素”所造成的不确定性那个假说<br>— 波普尔 · 《历史决定论的贫困》	波普尔 历史决定论的贫困 理论命题论断 命题
关于「理论命题/论断」：乌托邦工程不是本书的主要论题，但有两个理由说明它为什么要在以下三节中和历史决定论…？	乌托邦工程不是本书的主要论题，但有两个理由说明它为什么要在以下三节中和历史决定论一起加以考察<br>— 波普尔 · 《历史决定论的贫困》	波普尔 历史决定论的贫困 理论命题论断 命题
关于「理论命题/论断」：”考虑到密尔的“社会形态”恰恰相当于我们称之为“历史时期”…？	”考虑到密尔的“社会形态”恰恰相当于我们称之为“历史时期”，因而很明显，他所说的“两种社会学研究”之间的区别就相当于我们所说的渐进技术观点与历史决定论观点之间的区别<br>— 波普尔 · 《历史决定论的贫困》	波普尔 历史决定论的贫困 理论命题论断 命题
关于「党建·党的领导」：有红色乡村的存在。江苏农民运动发展到这个地步…？	有红色乡村的存在。江苏农民运动发展到这个地步，虽然还有许多缺点，但它的确是广大贫苦农民为切身利益所需要的斗争。目前农村斗争中还存在许多问题，我们的领导工作也还有不少缺点。党组织过去对农民运动没有进行坚决的领导，连实行土地革命〔１５〕的宣传也很少。农民的群众性组织发展不广，也不巩固，没有汇合起来形成有系统的农民协会。由于国民党军阀的残酷压迫和豪绅地主的屠杀，农民还有害怕心理，尤其在斗争失败了的地区，这种情绪更重。国民党散布的改良主义幻想，在农民中还有相当的影响。就我们党内来说，虽还有盲动主义的残余，但主张和平发展的倾向却有相当的基础，有些党组织不敢领导农民斗争，有些党员甚至不敢到农村去。个别地方党的领导机关内，混入了富农分子，以致很难开展斗争，即使斗争起来了，也常常妥协，甚至被出卖。总的说来，各地斗争的发展是很不平衡的，往往忽起忽落。党只有坚决克服了这些缺点，才能领导农民取得土地革命的胜利。党领导农村斗争的任务和策略，目前应注意以下各点。（一）党在现时农民运动中的政治路线，仍然是加紧争取群众，组织群众，以准备武装暴动。在指导思想上，党必须坚决领导农民，深入开展土地革命，进行游击战争。应该...<br>— 陈云 · 《陈云文选·第一卷》 · p15	陈云 陈云文选第一卷 党建党的领导 命题
关于「党建·党的组织」：道了红军与白军在水西渡〔３４〕打仗之后…？	道了红军与白军在水西渡〔３４〕打仗之后，国民党对于苏区〔１９〕经济的流通加紧封锁，许多货物因为不能从上杭运来，汀州店铺只好从宁化等地远道买进，或者仅向上杭来的挑贩买货。在成本提高、营业减少的情形下，有些资本家借口封锁故意不进货。许多工人觉得，工资等等的要求，现在企业是不能担负了，按照企业现在的情形，即使工人不吃老板饭，不拿工资，给老板无代价的工作，老板仍要亏本。我还了解到，四、五、六这三个月是该业生意清淡的时期，加上上杭完全封锁的特殊情形，更增加了经营的困难。经过这个考察，使我对于企业情形和工人情绪有了大概的了解。二、以党的支部为中心去动员群众，加强支部对工人签订合同的领导，并通过群众工作巩固党的组织。我在京果业党的支部会议上，详细地说明了“五一”代表大会关于纠正“左”倾的决议及新起草的劳动法草案〔３５〕的几个主要条文，并且详细地考察了每个党员对于“五一”代表大会决议和劳动法草案了解的程度，诚恳地要求他们把每个细小的怀疑都提出来讨论。经过两个半钟头的讨论，全体到会的４１陈云文选 第一卷<br>— 陈云 · 《陈云文选·第一卷》 · p24	陈云 陈云文选第一卷 党建党的组织 命题
关于「党建·党的领导」：要求自由买米买盐，反对抽丁筑路，要求筑路给工资…？	要求自由买米买盐，反对抽丁筑路，要求筑路给工资，等等。在城市要抓住工人和贫民任何的细小的不满，领导和组织他们的斗争。在领导斗争中，不是要提出许多要求，不是要提出过高的群众还不了解或不能立刻为这些要求而起来斗争的口号。在提出要求时，必须倾听群众的意见，适合他们的需要，并估计到争取每个日常斗争胜利的可能性。我们领导的艺术，不在于口号提得多，提得高，而在于每个口号为当时当地群众所能接受，并立刻起来斗争。在斗争的过程中，要不放松每个机会去提高群众斗争的积极性和政治觉悟，使群众去为更高的口号而斗争。在一切斗争中，必须不放松丝毫机会去扩大党和群众的组织，去建立包括广大群众的各种斗争委员会。这种斗争委员会在党的领导下，在斗６２陈云文选 第一卷<br>— 陈云 · 《陈云文选·第一卷》 · p36	陈云 陈云文选第一卷 党建党的领导 命题
关于「党建·党的组织」：游击区域的斗争方式和组织方式B（一九三四年九月十四日）现在…？	游击区域的斗争方式和组织方式B（一九三四年九月十四日）现在，许多被敌人占领的区域中，还没有真正地开展群众性的游击战争。即使挺入游击区域的游击队，非但队伍缩小，而且经常退回苏区〔１９〕。有些游击队在游击区域中坚持活动，也还没有发动当地的广大群众，开展群众性的游击战争。游击区域中虽有不少的党员，一些同志还在独自与敌人作顽强的斗争，但是没有党的组织和领导。总的说来，游击区域中游击队和党的活动还没有给前进的敌人以极大的困难，还没有起吸引敌人到自己方面和阻止敌人前进的应有的作用。游击区域的游击战争没有广大地开展起来，原因何在？第一，对游击战争的重要性的认识还非常不够，一般地还没有把发动群众性的游击战争，作为党的第一等任务。我们可以看见，放弃被占领区域工作的倾向还是存在的。代英县〔５１〕被敌人占领只剩下四个乡，但是县委和分区没有到被占领区域去开展游击战争，而把各级工作人员、党员、难民和分区机０３B本文原载中国共产党苏区中央局机关报《斗争》第七十二期，题为《游击区域（被敌人占领的区域）的工作方式与组织方式》，收入本书时略有删节。<br>— 陈云 · 《陈云文选·第一卷》 · p40	陈云 陈云文选第一卷 党建党的组织 命题
关于「党建·党的领导」：、做工事，也是停留在“要饭吃要工资”的口号上…？	、做工事，也是停留在“要饭吃要工资”的口号上，不曾进一步去领导群众进行怠工破坏，使其修不成堡垒和马路，更没有领导群众激进地与敌人作武装的斗争。要使一切党的组织了解游击战争的重要，了解发展游击战争是现时党的第一等任务，是主力红军取得胜利的必要条件之一。游击战争的广泛开展，可以阻止敌人的前进，可以保卫苏区。深入敌人的后方去开展游击战争，可以创造新的苏区和新的红军。只有最清楚地认识、并向一切党组织和广大党员解释党的开展游击战争的正确方针，才能克服一切放弃游击区工作、轻视游击战争的错误。为了开展群众性的游击战争，应该：（一）加强现有游击部队政治和军事的教育，派遣政治上最坚定的干部，去健全党的支部，加强党的领导，保证这些游击部队能够坚定地执行党的路线去开展游击战争，并使之成为群众性的游击战争。（二）加强赤少队〔５２〕首先是模范赤少队的领导，派遣干部，建立支部，健全组织，使赤少队首先是模范赤少队在党的坚强领导之下，能够挺进到游击区域去开展游击战争，成为现成的地方游击部队。（三）赤少队组织还未健全而游击小组已经组织好了的地方，党应该领导这些游击小组参加到赤少队中成为一排一班，领导赤少队去开展游击战争...<br>— 陈云 · 《陈云文选·第一卷》 · p41	陈云 陈云文选第一卷 党建党的领导 命题
关于「党建·党的组织」：关，以及各武装队伍，都紧缩在这四个乡里面…？	关，以及各武装队伍，都紧缩在这四个乡里面。许多战区还是消极的坚壁清野，没有立即武装群众去进行游击战争。在游击区域中，党的组织没有积极地去领导游击战争，一些党部变成了“谍报小组”；有的党组织即使领导了一部分群众反抗国民党强迫修路、做工事，也是停留在“要饭吃要工资”的口号上，不曾进一步去领导群众进行怠工破坏，使其修不成堡垒和马路，更没有领导群众激进地与敌人作武装的斗争。要使一切党的组织了解游击战争的重要，了解发展游击战争是现时党的第一等任务，是主力红军取得胜利的必要条件之一。游击战争的广泛开展，可以阻止敌人的前进，可以保卫苏区。深入敌人的后方去开展游击战争，可以创造新的苏区和新的红军。只有最清楚地认识、并向一切党组织和广大党员解释党的开展游击战争的正确方针，才能克服一切放弃游击区工作、轻视游击战争的错误。为了开展群众性<br>— 陈云 · 《陈云文选·第一卷》 · p41	陈云 陈云文选第一卷 党建党的组织 命题
关于「党建·党的路线」：号上，不曾进一步去领导群众进行怠工破坏…？	号上，不曾进一步去领导群众进行怠工破坏，使其修不成堡垒和马路，更没有领导群众激进地与敌人作武装的斗争。要使一切党的组织了解游击战争的重要，了解发展游击战争是现时党的第一等任务，是主力红军取得胜利的必要条件之一。游击战争的广泛开展，可以阻止敌人的前进，可以保卫苏区。深入敌人的后方去开展游击战争，可以创造新的苏区和新的红军。只有最清楚地认识、并向一切党组织和广大党员解释党的开展游击战争的正确方针，才能克服一切放弃游击区工作、轻视游击战争的错误。为了开展群众性的游击战争，应该：（一）加强现有游击部队政治和军事的教育，派遣政治上最坚定的干部，去健全党的支部，加强党的领导，保证这些游击部队能够坚定地执行党的路线去开展游击战争，并使之成为群众性的游击战争。（二）加强赤少队〔５２〕首先是模范赤少队的领导，派遣干部，建立支部，健全组织，使赤少队首先是模范赤少队在党的坚强领导之下，能够挺进到游击区域去开展游击战争，成为现成的地方游击部队。（三）赤少队组织还未健全而游击小组已经组织好了的地方，党应该领导这些游击小组参加到赤少队中成为一排一班，领导赤少队去开展游击战争。游击战争的胜利开展，必须依靠游击队去发...<br>— 陈云 · 《陈云文选·第一卷》 · p41	陈云 陈云文选第一卷 党建党的路线 命题
关于「党建·党的路线」：动觉悟还不够的群众。正像永定游击区域的县委和游击队…？	动觉悟还不够的群众。正像永定游击区域的县委和游击队，虽然他们长期坚持奋斗，积极开展像中心苏区一样的“扩红突击”，但是三个月来只扩大八个人。这种“劳而无功”，正是因为不懂得运用适应环境的工作方法去发动群众。第二，在组织领导工作上，还有着几个严重的错误。首先是各地党组织还没有分配最好的最适当的最有能力的干部去担负游击区域的领导。其次，过去战区党〔５５〕所组织的“秘密支部”，没有和群众打成一片，甚至脱离群众。再次，游击区域中没有建立集中的领导机关。所有这些组织领导上的错误，妨碍党在游击区域中去进行发动群众的工作，结果使游击队得不到群众的配合而陷于孤立，甚至失败。要保证游击区域中党组织和游击队坚持执行党的路线，就必须在组织上保证有最好的干部去领导。派遣到游击区域去担负工作和领导的干部，必须是在各方面有独立工作能力的，他们即使暂时与上级党失去联系时，仍能毫不动摇地执行党的路线。同时，要选择当地了解地方情形又为党员群众平昔所信任的干部，担负领导工作。这些干部，都必须懂得游击战术。如果不审慎地按照这些条件去选派干部，那必然会重复粤赣及其他游击区域中曾经出现的一些问题，如在敌人到处追逐的情形之下，发生...<br>— 陈云 · 《陈云文选·第一卷》 · p43	陈云 陈云文选第一卷 党建党的路线 命题
关于「党建·领导干部」：心。必须纠正过去那种组织“秘密支部”的错误…？	心。必须纠正过去那种组织“秘密支部”的错误。那种“秘密支部”是放弃了支部中其他好的党员，只找三四个老弱妇幼的党员来组织的支部，它的结果必然脱离群众，而且根本不会领导游击战争。我们必须教育党员到游击区域群众中去进行艰苦的不退却的工作，成为领导群众斗争的核心。只要我们深入群众，取得群众拥护，非但可以得到群众的掩护，而且能够去开展群众的革命斗争。在游击区域中，党组织要建立集中的领导。必须纠正过去工作团、县委与游击队相互之间没有联系，没有统一的集中领导的错误。这种错误会使游击队得不到地方党的配合，得不到群众的拥护而陷于孤军作战，以至失败。还必须纠正庞大的机关跟着游击队走，而下面的各区以及小的游击队缺乏领导干部的现象。庞大的机关工作人员跟游击队东奔西走，只会便利于敌人找到游击队的目标，而且使游击队无法灵活机动作战。为了建立集中的领导机关，应该从区的独立团、工作团和游击队中选择最好的干部组成集中领导的军事政治委员会。在已经有县委而与游击队没有联系的地方，应该改组县委，选择县委中和最大的游击队中好的领导干部，组织新的县委，县委书记即为这个最大的游击队的政治委员。所有区的军事政治委员会或县委均须与游击...<br>— 陈云 · 《陈云文选·第一卷》 · p44	陈云 陈云文选第一卷 党建领导干部 命题
关于「党建·党的领导」：统的，如反对苛捐杂税，反对抽丁、派夫等等…？	统的，如反对苛捐杂税，反对抽丁、派夫等等，而必须是当地最大多数群众眼前的反对某一种捐税、某一种压迫的要求。我们只有提出了这种具体的口号，而且充分说明这个口号的理由，使群众充分相信这个口号是他们所必需的，而且是可以胜利的。只有真正进行了这种具体工作，使我们提出的口号成为群众自己的口号，才能动员群众为着实现这个口号而坚决斗争。只有群众在我们领导之下起来斗争的时候，我们才能逐渐地领导群众走向更高的斗争。在群众工作的策略上，必须指出，我们能否组织和掀起广大群众反对反动统治的斗争，能否扩大斗争的范围，能否真正把握住群众的革命运动的领导权，这就决定于我们能否正确地运用广大的统一战线和保证这一统一战线内部的党的领导权。统一战线之所以成为在四川发动群众的策略上的中心，是因为在四川存在着最残酷的剥削群众的军阀统治。因此，在四３９游击队如何去组织群众运动<br>— 陈云 · 《陈云文选·第一卷》 · p103	陈云 陈云文选第一卷 党建党的领导 命题
关于「党建·党的领导」：为着在革命运动中投机，必然会混到革命运动中来…？	为着在革命运动中投机，必然会混到革命运动中来，有时这些分子可能暂时占着运动的领导地位（过去四方面军入川时，有过十几万抗捐军的运动，虽然经过几年土地革命的深入斗争，斗争中的阶级分化更尖锐了，但是在某些地区、某些条件之下，依然或多或少的可能存在着这种现象）。把这种反对反动统治的斗争（不管谁领导的），组织成更大的范围，并且掌握在我们领导之下，这是有利于我们彻底推翻四川反动统治、建立新苏区的战略方针的。统一战线的正确运用，首先就在于不惧怕、不拒绝任何投机分子参加到群众运动中来（当着他们在与群众一起反对军阀的时候，或者还能号召群众的时候）。拒绝这些分子参加，常常使群众运动不能得到应有的开展，更谈不上争取党的领导权。在这种情形下，我们基本的策略，就在于去联合和组织这种群众运动达到更大的范围，这是有利于红军反对四川军阀的战争的。为了争取领导，必须用我们的主张去取得群众的拥护，同时组织斗争中的群众。这样做，也就有充分的可能逐渐使群众脱离那些投机的不可靠的分子，而迅速站在我们领导之下。在组织群众的工作上，我们必须反对脱离群众的关门主义。我们应该估计到群众中政治觉悟程度的不同，不必立即在群众中组织“工农红...<br>— 陈云 · 《陈云文选·第一卷》 · p104	陈云 陈云文选第一卷 党建党的领导 命题
关于「党建·领导干部」：义错误（一千余人的大会，四五百群众要求报名加入抗捐军…？	义错误（一千余人的大会，四五百群众要求报名加入抗捐军，而正副队长拒绝登记老的、少的、不能脱离生产的分子，结果只登记了五十余人）。是的，抗捐军应该是群众的武装组织，而且要使它真正成为能够作战的群众武装，但是它不能脱离群众运动而去招兵买马组织队伍。只有把抗捐军的组织扩大成为群众运动，才能在运动中锻炼出更勇敢更觉悟的、能够脱离生产的分子来组织作战的队伍。必须注意到，组织抗捐军也是组织群众的方式之一。要使我们的游击队完成赤化群众、创造苏区的任务，要使它这样去组织群众与灵活运用策略，同时要估计到游击队常常可能得不到上级按时的领导，而必须能够在各种顺利的、困难的、复杂的环境之下独立地工作，就必须使游击队的领导干部具有各种才能。而这种才能必须给以培养和教育。游击队在出发以前，至少要使领导干部了解：（一）产生中国苏维埃革命运动的基本原因和目前革命形势的存在；（二）发动和领导群众的策略及工作方法；（三）怎样组织党、发展党和领导党；（四）游击队的必要的军事知识。只有了解了上述问题，才能使游击队在政治上坚定起来，在群众运动的发展上措置裕如。要使游击队能够担负起这样伟大的任务，不仅必须给以上述的教育，而且在组...<br>— 陈云 · 《陈云文选·第一卷》 · p105	陈云 陈云文选第一卷 党建领导干部 命题
关于「党建·干部政策」：论干部政策B（一九三八年九月）干部政策…？	论干部政策B（一九三八年九月）干部政策，拿俗话来讲，就是用人之道。为何要讲这个问题呢？因为同学们要到敌人占领的后方去工作，不单是当一个游击队员，而且要当干部，当领导者，而用人之道对于领导工作是非常重要的。有一句这样的话：“干部决定一切。”〔１５７〕这是通用于全世界的，不但外国通用，中国也通用；不但共产党通用，其他政党也通用。可惜得很，中国共产党在过去十年斗争中，干部损失了十几万，没有陕北根据地〔１５８〕的话，连现在这一点干部也保存不了。全中国一千八百多个县，假如每个县能够保存三个党员，我们党开展工作的力量就大得多了。我现在来讲干部政策，只想用十二个字，分成四个问题来解释：第一，了解人；第二，气量大；第三<br>— 陈云 · 《陈云文选·第一卷》 · p119	陈云 陈云文选第一卷 党建干部政策 命题
关于「党建·干部政策」：、毫无缺点的，所以我们说，在革命队伍里…？	、毫无缺点的，所以我们说，在革命队伍里，无一人不可用。第二种毛病是，了解人的时候，只看他的今天，不看他的昨天，或者只看过去，不看现在；只看见功不看见过，或者只看见过不看见功；只看见今天的好，不看见昨天的坏，或者只看见今天的坏，不看见昨天的好。这样就往往对于干部不能有根本的估计。这种毛病表现在什么地方呢？表现在随便提上来，随便放下去。我们共产党中也有过这种情形：今天这个干部表现得好一点，就把他一抬抬上了天，同一干部明天表现得坏一点，就把他一打打到地下去。你们看见过老百姓盖房子打桩，一上一下。使用干部不能也像打桩子一样，今天看他好，便把他提得高高的，明天看他做得不够，便把他打下去，后天又把１１１论干部政策<br>— 陈云 · 《陈云文选·第一卷》 · p121	陈云 陈云文选第一卷 党建干部政策 命题
关于「党建·干部政策」：搏斗还不会成功，要团结更多的同志和广大的群众…？	搏斗还不会成功，要团结更多的同志和广大的群众。干革命如果怕复杂，便会愈弄愈复杂，不怕复杂，革命就好办。孙中山先生是一个伟大的人物，辛亥革命〔１６７〕武昌起义，几天之内全国就有十几个省起来响应。何以孙中山先生能够得到成功呢？原因之一就是他气量大，什么红枪会〔１１〕、哥老会〔１６８〕、三教九流〔１６９〕的人他都要，不论党派成分，各种人都要，所以能做大事。我们也必须善于用人，只要这个人有一技之长，就要用，只有这样，才能成大事业。我们能不能说只有共产党员才是了不得的人才呢？不见得。社会上的人才不知有多少，许多人都不是共产党员。所以我们要有大的气量，善用各种人才。单枪匹马，革命到底是干不成功的。３１１论干部政策<br>— 陈云 · 《陈云文选·第一卷》 · p123	陈云 陈云文选第一卷 党建干部政策 命题
关于「党建·干部政策」：什么要看面孔呢？但是很多人都要看面孔…？	什么要看面孔呢？但是很多人都要看面孔，不要说别的，就是共产党员中间也有这种习惯，所以领导者必须注意这个问题。还有，开会的方式不要刻板。开会时尽可让到会者随便、热烈的争论。规规矩矩请他们一个一个发表意见，很可能有的人就不会说出自己的意见，因为有人常常不敢在严肃的场面中间说话。总而言之，如果下级敢说话，有话就讲，这就是好的现象，就证明了你们领导得好，因为他们觉得说错了也不要紧。第二，少戴大帽子。比如，有一个人说错了几句话，你就对他来一顿批评，不是说他是“左”倾空谈主义，便是讲他有右倾机会主义的嫌疑。如果随便给人家戴上这类大而无当的帽子，一个人头上戴上三四顶，恐怕就“差不多”了，不能工作了。５１１论干部政策<br>— 陈云 · 《陈云文选·第一卷》 · p125	陈云 陈云文选第一卷 党建干部政策 命题
关于「党建·干部政策」：点是好意，不要只看到态度或语气的不妥…？	点是好意，不要只看到态度或语气的不妥，就以为不得了。批评的时候还要注意到：是老党员还是新党员，是老干部还是新干部，参加共产党久不久，革命的历史长不长。因为对于老党员批评，态度和方式好不好，没有多大关系。对新党员就不同，因为他们刚刚加入，他们的意识观念与老党员有差别，所以对他们批评，宜于采取温和的方式去劝导、说服。总结起来，就是要使人敢说话。要人敢说话，就不能给人戴大帽子，不能把每个微小的错误都提到原则的最高度。要能善意地、诚恳地批评人，态度要好，还要指出犯错误的原因以及纠正错误的方法。用人用得好，还要使人敢于做事。如果你有这样一个脾气，喜欢在你领导下的人遇到任何一个小问题，任何一件小事７１１论干部政策<br>— 陈云 · 《陈云文选·第一卷》 · p127	陈云 陈云文选第一卷 党建干部政策 命题
关于「党建·老干部」：被批评者心服意满，问题才能够真正解决…？	被批评者心服意满，问题才能够真正解决。上级领导人对下级的批评，务必要适当和正确，千万不要戴大帽子，因为上级领导人批评下级，与同级的同志互相批评所发生的影响不一样。为什么呢？因为同级的人，他们认为大家都差不多，即使你批评他过火一点，或不大正确，还没有什么要紧，他也不会十分在意；如果是上级给他的批评，那就不同了。因为下级对上级所说的话，都是很认真的，所以不能随便地任意地批评。假如批评得过火或不正确，那要花费很大的气力，才能使得被你批评的人对你解除误会，才能使别人对他不至于蔑视。当然下级也要想到上级的出发点是好意，不要只看到态度或语气的不妥，就以为不得了。批评的时候还要注意到：是老党员还是新党员，是老干部还是新干部，参加共产党久不久，革命的历史长不长。因为对于老党员批评，态度和方式好不好，没有多大关系。对新党员就不同，因为他们刚刚加入，他们的意识观念与老党员有差别，所以对他们批评，宜于采取温和的方式去劝导、说服。总结起来，就是要使人敢说话。要人敢说话，就不能给人戴大帽子，不能把每个微小的错误都提到原则的最高度。要能善意地、诚恳地批评人，态度要好，还要指出犯错误的原因以及纠正错误的方法。用人用...<br>— 陈云 · 《陈云文选·第一卷》 · p127	陈云 陈云文选第一卷 党建老干部 命题
关于「党建·干部政策」：下面干部任何不安心问题，都要想法子去解决…？	下面干部任何不安心问题，都要想法子去解决。我住在那个山上，有时候也烦得很，刚刚看文件，就会有人来找你，到底会不会他呢？很犹豫。可是，设身处地想一想，人家热心来找你，一定有什么重要的事情需要解决，所以还是应该会一会。有时候正在写一件东西，一个不速之客，事先不打招呼就跑进来了，你不能还是直挺着腰板坐在那里不睬人家，只得放下笔来，倾听他说话；谈话的时候，还要聚精会神，耐心地郑重地解答各种问题，这样才能满足人家的要求。如果花了几个钟点，替一个干部把事情办好，也还是值得的。做干部工作，无论大事小事，都要不怕麻烦。除非不接受人家的要求，既然接受了，就得彻底替人家解决，花一些时间，决不是白白浪费的。９１１论干部政策<br>— 陈云 · 《陈云文选·第一卷》 · p129	陈云 陈云文选第一卷 党建干部政策 命题
关于「党建·干部政策」：是讲公道的。犯了错误只要自己觉悟…？	是讲公道的。犯了错误只要自己觉悟，只要能够切实改正，在革命队伍里就应该允许人家继续革命。今天犯了错误，以前的功劳可以拿来相抵；若是今天有错，以前也有错，可以将来赎罪。我们共产党要尽最大努力把有错误的人挽教回来，因为这样做对于革命有利。四、对于干部不要“抬轿子”，只说他的好处。如果对于下面干部只说他好，掩饰他的缺点，以致养成他自高自大，工作不求实际，这样只会害干部，而不是帮助干部。干部中间也有些人很喜欢别人说他的好话，说他好就感到舒服，不然他就生气，很不乐意。其实光说好话的人都是拍马屁的，拍马屁决不是件好事；不客气批评别人的人，才是好人，才够得上是革命同志。有些干部常常不了解这一点。俗话１２１论干部政策<br>— 陈云 · 《陈云文选·第一卷》 · p131	陈云 陈云文选第一卷 党建干部政策 命题
关于「党建·提拔干部」：说，“忠言逆耳，良药苦口”，每个同志都要注意这一点…？	说，“忠言逆耳，良药苦口”，每个同志都要注意这一点。总结起来，爱护人很重要。凡是提拔干部，得全面估计他的德和才；既提拔起来，就得多方面帮助他，不使他垮台。对干部一切不安心的问题，都要很耐心很彻底地去解决。当牵涉到一个干部政治生命问题的时候，要很郑重很谨慎地处理。对于干部，不要“抬轿子”，要实事求是。做到这些，才能算真正的爱护人。我就讲这些。但是有两点必须申明：第一，同志们不要引起这种感觉，以为革命纪律这东西也可以不要了，这种观念是不对的。一个革命的队伍必须有铁的纪律，来保障完成革命的任务。中国共产党和八路军如果没有铁的纪律，也就不会存在，不可能发展到现在这样。革命的纪律一定要遵守，希望同志们不要违犯革命的纪律，我这篇讲演不能帮助那些违犯纪律的人。第二，有的同志过去受了什么冤屈、处<br>— 陈云 · 《陈云文选·第一卷》 · p132	陈云 陈云文选第一卷 党建提拔干部 命题
关于「党建·党的建设」：为什么要开除刘力功的党籍B（一九三九年五月二十三日）刘力功去年加入了共产党…？	为什么要开除刘力功的党籍B（一九三九年五月二十三日）刘力功去年加入了共产党，并且在抗大〔１６３〕毕业以后又进了党的训练班，专门学习了一次党的建设的课程。当他在训练班毕业时，党组织根据他在学习过程中的表现，给他作了鉴定，认为他“非常自高自大，有不少共产党员所不应有的观点”，又是工作无经验的新党员，因此党组织决定他到基层工作中去锻炼。刘力功则坚持要进马列学院〔１７１〕或回原籍（离延安很远）工作，否则就退出党。为教育新党员，党组织曾经与他谈过七次话。在第一次谈话中他声明退出党的说法是错误的，但是仍旧坚持自己不到基层工作的意见。党组织认为马列学院是党的比较高级的学校，不能接收像刘力功这样思想意识极端错误的分子，认为派他回原籍工作，只是满足了他的家庭观念，非但不能对当地工作有帮助，而且有害于事，因此拒绝了他的要求。在最后一次谈话中，党组织告诉他<br>— 陈云 · 《陈云文选·第一卷》 · p133	陈云 陈云文选第一卷 党建党的建设 命题
关于「党建·党的纪律」：毕业时，党组织根据他在学习过程中的表现…？	毕业时，党组织根据他在学习过程中的表现，给他作了鉴定，认为他“非常自高自大，有不少共产党员所不应有的观点”，又是工作无经验的新党员，因此党组织决定他到基层工作中去锻炼。刘力功则坚持要进马列学院〔１７１〕或回原籍（离延安很远）工作，否则就退出党。为教育新党员，党组织曾经与他谈过七次话。在第一次谈话中他声明退出党的说法是错误的，但是仍旧坚持自己不到基层工作的意见。党组织认为马列学院是党的比较高级的学校，不能接收像刘力功这样思想意识极端错误的分子，认为派他回原籍工作，只是满足了他的家庭观念，非但不能对当地工作有帮助，而且有害于事，因此拒绝了他的要求。在最后一次谈话中，党组织告诉他：“个人服从组织”是党的纪律，要你到华北去做下层工作是党的决定，必须服从。可是他还是要求党接受他的意见，实际上是要“组织服从个人”。最后党组织给他一个时间去反省自己的错误，几天３２１B本文原载中国共产党中央委员会机关刊物《解放》第七十三期。<br>— 陈云 · 《陈云文选·第一卷》 · p133	陈云 陈云文选第一卷 党建党的纪律 命题
关于「党建·党的纪律」：以后，他声明愿意到华北去，但是又提出条件…？	以后，他声明愿意到华北去，但是又提出条件，一定要到八路军总司令部工作。党不同意他的意见，他就干脆拒绝执行党的决定。中央党务委员会〔１７２〕认为，党已尽了最大的努力，对刘力功进行说服教育工作。“个人服从组织，少数服从多数，下级服从上级，全党服从中央”是党的纪律，党的纪律不容任何人破坏。刘力功违犯了党的纪律，又不接受党的教育，改正自己的错误，因此，决定开除其党籍，并公布于全党。刘力功开除出党了。如果问：我们党内具有或多或少像刘力功这样观点的党员还有没有？还有。这是由于我们党内接收了大批新党员，这些新党员极大部分是散漫的小资产阶级的成分。他们为追求真理，愿意为共产主义奋斗，加入了共产党，我们欢迎他们。但是，他们之中的许多人还带着浓厚的非无产阶级的思想和习惯，这就需要引起我们极大的注意，加强对新党员的思想意识的教育。同时，要求每个新党员自觉地在革命工作中锻炼，不断地克服自己的错误思想和习惯。我们在分配党员工作时常常碰到对于党的决定讨价还价的现象，借口干部<br>— 陈云 · 《陈云文选·第一卷》 · p134	陈云 陈云文选第一卷 党建党的纪律 命题
关于「党建·干部政策」：纪律，党的纪律不容任何人破坏。刘力功违犯了党的纪律…？	纪律，党的纪律不容任何人破坏。刘力功违犯了党的纪律，又不接受党的教育，改正自己的错误，因此，决定开除其党籍，并公布于全党。刘力功开除出党了。如果问：我们党内具有或多或少像刘力功这样观点的党员还有没有？还有。这是由于我们党内接收了大批新党员，这些新党员极大部分是散漫的小资产阶级的成分。他们为追求真理，愿意为共产主义奋斗，加入了共产党，我们欢迎他们。但是，他们之中的许多人还带着浓厚的非无产阶级的思想和习惯，这就需要引起我们极大的注意，加强对新党员的思想意识的教育。同时，要求每个新党员自觉地在革命工作中锻炼，不断地克服自己的错误思想和习惯。我们在分配党员工作时常常碰到对于党的决定讨价还价的现象，借口干部政策来抵制党的决定。这样的党员虽然他满口“干部政策”，可是他并没有完全了解干部政策。他没有想到：分配党员工作时，党固然要考虑到个人的特长，但主要还是决定于党的工作需要。试问，你如果是一个飞机师，但是我们今天还没有飞机，不能用你驾驶飞机的特长，那还不是只能分配你做其他工作？所以，不能只讲干部政策“量才使用”的一个原则，而不讲干部政策的另一个原则，而且是主要的原则，这就是党的工作的需要。那种只看重...<br>— 陈云 · 《陈云文选·第一卷》 · p134	陈云 陈云文选第一卷 党建干部政策 命题
关于「党建·党的建设」：，而刘力功却要到总司令部去工作。还有些新党员…？	，而刘力功却要到总司令部去工作。还有些新党员，在意见书上也说要做“上层工作”。在这一点上，许多老党员与他们恰恰相反。我碰到许多久经锻炼、有不少工作经验的党员，他们常常说：“啊呀！我们新的经验不够，要到基层工作中去锻炼一下。”而某些新党员却以为自己已经在某个学校或几个学校毕业了，学得差不多了，现在就可以做“领导工作”了。他们不懂得学校内学的理论固然重要，但到实际中去运用，并取得实践经验更重要。干部是从实际工作中锻炼出来的。班长要从老兵中提升起来，区委书记要从支部书记中提升起来。一般说来，越级提拔常常会发生领导无经验和不称职的现象，而有害于事。领导工作的能力要从下层的实际工作中生长起来。刘力功上过党的建设的课程，曾经举过手“拥护”党的纪律。但是，要他从口头上赞成到实际上执行党的决议时，就完全相反，不服从党的纪律了。这就告诉全党同志，遵守纪律不是在口头上，而是在实际行动上。口头上说遵守纪律是容易５２１为什么要开除刘力功的党籍<br>— 陈云 · 《陈云文选·第一卷》 · p135	陈云 陈云文选第一卷 党建党的建设 命题
关于「党建·党的纪律」：观点，是错误的、片面的，实际上是不了解干部政策…？	观点，是错误的、片面的，实际上是不了解干部政策。那末，究竟一个共产党员在党分配工作时有些什么权利和义务呢？只有说明自己意见的权利，只有在党决定以后无条件地执行决议的义务。除此之外，决不能增加一点权利，也决不能附加一个条件，否则就违犯了党的纪律。能不能说“如果党不答应我的要求我就不服从”？决不能。如果那样，实际上不是个人服从组织，而是组织服从个人了。因此，每一个共产党员在接受党分配工作时，只能是这样的立场：“我个人有做某种工作的愿望，但是如果党有任何别的决定，我绝对服从。”作为一个新党员，本来应该积极要求到基层工作中去锻炼，而刘力功却要到总司令部去工作。还有些新党员，在意见书上也说要做“上层工作”。在这一点上，许多老党员与他们恰恰相反。我碰到许多久经锻炼、有不少工作经验的党员，他们常常说：“啊呀！我们新的经验不够，要到基层工作中去锻炼一下。”而某些新党员却以为自己已经在某个学校或几个学校毕业了，学得差不多了，现在就可以做“领导工作”<br>— 陈云 · 《陈云文选·第一卷》 · p135	陈云 陈云文选第一卷 党建党的纪律 命题
关于「党建·党的纪律」：的，困难的是在实际行动上真正遵守纪律…？	的，困难的是在实际行动上真正遵守纪律。所以党观察党员是否遵守纪律，要看他的行动。党不仅在课堂上要教育党员遵守纪律，而且要在每个具体违犯纪律的问题上给以纪律的教育。我也碰到过这样的党员，他平常批评别人不遵守纪律的时候，理直气壮，还要进行“不调和的思想斗争”；但是自己在执行党的决定时，就完全相反，讨价还价，甚至公然违犯党的纪律。似乎党的纪律是为别人写的，他自己可以例外。这个不成。中国共产党党章〔１７３〕第四十四条规定：“严格的遵守党的纪律为所有党员及各级党部之最高责任。”这里所谓“所有党员”，不管你是中央委员，还是一般党员，不管你是老党员，还是新党员，都要遵守纪律。所谓“各级党部”，不管是中央委员会，还是支部委员会，都要遵守纪律。一句话，党内不准有不遵守纪律的“特殊人物”、“特殊组织”。遵守纪律首先要从自己做起，要与党内一切破坏党纪的倾向作斗争，但尤贵于与自己破坏党纪的倾向作斗争。那末，怎样才叫做真正遵守纪律呢？一句话：迅速确切地执行党的决议。为什么执行决议是遵守纪律的表现呢？因为党所规定的“个人服从组织，少数服从<br>— 陈云 · 《陈云文选·第一卷》 · p136	陈云 陈云文选第一卷 党建党的纪律 命题
关于「党建·党的纪律」：，才是我们的力量。要保障我们的党能有组织和统一…？	，才是我们的力量。要保障我们的党能有组织和统一，这就需要有严格的纪律。列宁在十月革命胜利以后说过：“无产阶级的无条件的集中制和极严格的纪律，是战胜资产阶级的基本条件之一”〔１７４〕。中国革命是长期艰苦的事业，共产党及其党员没有意志行动的统一，没有百折不回的坚持性和铁的纪律，就不能胜利。中国是一个小资产阶级成分占优势的国家，如果中国共产党没有严格的纪律，将无法防止小资产阶级意识侵入党内。如果党不是有铁的纪律的队伍，就不能去团结最大多数的人民群众。因此破坏党纪，实质上就是破坏革命，我们必须与任何破坏纪律的倾向作斗争。今天党内加强纪律的教育特别重要。毛泽东同志在党的六届六中全会〔１７５〕的报告中，论党的纪律及个人服从组织、少数服从多数、下级服从上级、全党服从中央的四个基本原则时，说：“经验证明：有些破坏纪律的人，是由于他们不懂得什么是党的纪律；有些明知故犯的人，例如张国焘，则利用许多党员的无知以售其奸。因此，必须对党员进行有关党的纪律的教育，既使一般党员能遵守纪律，又使一般党员能监督党的领袖人物也一起遵守纪律，避免再发生张国焘事件。”〔１７６〕我们党内今天有大批的新党员，他们还没有受过党的纪...<br>— 陈云 · 《陈云文选·第一卷》 · p137	陈云 陈云文选第一卷 党建党的纪律 命题
关于「党建·党的纪律」：党员遵守党的纪律是胜利的必要条件…？	党员遵守党的纪律是胜利的必要条件。我们共产党员在政权机关中、民众团体中工作着，他们行为的好坏就立刻影响到人民对共产党的观感。因此，今天在党内尤其是新党员中加强纪律的教育，使他们了解为什么要遵守纪律，怎样做才是遵守纪律，什么事是违犯纪律的等等一类问题，是非常重要的。纪律虽然带着强制性，但必须自觉遵守。只有使全体党员自觉地遵守纪律，纪律才能成为铁的、不可动摇的、有效的东西。共产党之所以能够成为无产阶级有组织的部队，正是因为它的党员都有着高度的政治觉悟，对革命有无限忠诚和责任心，是无产阶级先进分子。一切经验证明，不是无产阶级的先锋队就不会是有组织的队伍。所以，在无产阶级有组织的队伍内，也决不允许那些明知故犯的不能自<br>— 陈云 · 《陈云文选·第一卷》 · p138	陈云 陈云文选第一卷 党建党的纪律 命题
关于「党建·党的建设」：怎样做一个共产党员B（一九三九年五月三十日）一 入党资格中国共产党是中国无产阶级…？	怎样做一个共产党员B（一九三九年五月三十日）一 入党资格中国共产党是中国无产阶级的先锋队。中国共产党要成为无产阶级的先锋队，其重要条件之一，就是要保持党的成分的纯洁。什么人有资格加入党，是我党经常留心的问题。征收党员是每个共产党员的义务和经常工作之一，所以，什么人有资格加入党，是我党每个同志都应该通晓的。第一，什么人可以加入共产党？依照中共党章〔１７３〕第二条，对于什么人有资格可以加入党的规定是：“凡承认共产国际和本党党纲及党章，加入党的组织之一，在其中积极工作，服从国际和本党一切决议案，且经常缴纳党费者，均得为本党党员。”党的性质和党员的成分与入党的条件是有着密切的关系的，在党的建设中党员的意义和作用这一问题，占有头等重要９２１B本文原载中国共产党中央委员会机关刊物《解放》第七十二期，一九四三年编入解放社出版的《整风文献》。<br>— 陈云 · 《陈云文选·第一卷》 · p139	陈云 陈云文选第一卷 党建党的建设 命题
关于「党建·党的组织」：的位置。这个问题远在一九○三年，在俄国社会民主工党〔１７７〕第二次代表大会上…？	的位置。这个问题远在一九○三年，在俄国社会民主工党〔１７７〕第二次代表大会上，是第一次引起热烈争论和严重意见分歧的问题，并成为列宁与孟什维克基本分歧之点。列宁的主张是：“凡是承认党纲、在物质上帮助党并亲自参加党的一个组织的人，都可以作为党员。”而孟什维克马尔托夫〔１７８〕的条文是：“凡是承认党纲、在物质上帮助党并在党的一个组织领导下经常亲自协助党的人，都可以作为俄国社会民主工党党员。”根据列宁的主张，只有真正加入组织，一切服从组织和愿意将自己全部贡献给党的事业——共产主义事业的人，才能成为共产党员。为了建立党的组织上的基本原则，列宁曾与马尔托夫进行了斗争，坚决反对马尔托夫所提出的一个人不一定甚至不愿加入到党的任何组织，只要能在组织外同情和赞助党，都可算作共产党员的主张。这种十足的机会主义的观点，不仅根本抹煞了党和阶级的界限，而且混淆了党的本质，使党降为职工会或学生会，使党沉没在同情者的大海中，“为一切涣散的、动摇的和机会主义的分子敞开大门”〔１７９〕。所以参加党的一定组织，为党积极工作，是每个党员最低限度的义务。坚持列宁的原则，布尔什维克建立了自己的彻底马克思主义的、在思想上和组织上一...<br>— 陈云 · 《陈云文选·第一卷》 · p140	陈云 陈云文选第一卷 党建党的组织 命题
关于「党建·党的建设」：大的党，也正因为我党在开始成立时的第一次代表大会上便对李汉俊〔１８０〕的合法主义…？	大的党，也正因为我党在开始成立时的第一次代表大会上便对李汉俊〔１８０〕的合法主义的孟什维克的观点作了斗争，根据列宁的原则，奠定了党的建设之基础。在现在我党大量发展党员时，列宁的关于党员的这个原则，更有着重要的意义。要克服我们党内还存在着的个别党员不经党的允许任意离开原来所属的组织，任意离开工作的倾向。第二，每个入党者必须承认党纲，但这不等于要求精通党纲。中国共产党现在虽还没有成文地规定自己完整的党纲〔１８１〕，但是它却有世界共产党总的纲领（共产国际纲领〔１８２〕）和它自己的最低纲领（如历次大会的政纲和一九三七年的抗战十大纲领〔１８３〕）。承认党纲是每个入党者的先决条件，但这并不是说要把精通党纲作为入党的条件。因为精通党纲，是要有理论修养的人才行的。如果要求加入党的人特别是工人、农民，必须精通党章党纲之后才能入党，这样不仅会把许<br>— 陈云 · 《陈云文选·第一卷》 · p141	陈云 陈云文选第一卷 党建党的建设 命题
关于「党建·党的领导」：第二，党应该注意到贫苦的农民和知识分子成分…？	第二，党应该注意到贫苦的农民和知识分子成分。中国不是一个资本主义发达的国家，而是一个半殖民地半封建的落后的国家。在这样的国家中，存在着广大的、贫苦的、革命的农民群众。他们遭受种种压迫和剥削，生活在多重痛苦和压抑下，因而决定他们愿意拥护共产党，能够在共产党的领导下，为反帝反封建作坚决的斗争。历史的经验已经充分证明了农民在革命中的伟大作用，而在今后革命的进程中，贫苦的农民仍然和必将成为无产阶级最有力的联盟者。因此，大量吸收他们之中的积极分子到党内来，使自己在农村中的社会基础放在农村无产者和贫苦农民分子的上面，是完全必需的。同样地，半殖民地半封建的中国的小资产阶级知识分子，在革命运动中也有着重要的作用。在过去的革命运动中，特别在今日抗日战争中，都证明他们之中有许多是能够为正确的政治方向而英勇奋斗的。由于他们的文化水平和政治觉悟，使他们成为党与群众之间的必要的桥梁。我们党应该吸收许多能够献身于共产主义和无产阶级事业的革命知识分子入党，同时，经验还告诉我们，<br>— 陈云 · 《陈云文选·第一卷》 · p143	陈云 陈云文选第一卷 党建党的领导 命题
关于「党建·党的组织」：收女党员注意不够。要反对借口于中国社会男女不能接近而放弃共产党员介绍女党员的任务…？	收女党员注意不够。要反对借口于中国社会男女不能接近而放弃共产党员介绍女党员的任务。每个共产党员首先是女共产党员应该把发展女党员当作重要工作之一。党今日应该强调提出吸收大批革命的妇女——女工、贫苦的农妇和知识分子妇女到党内来。党应该以此作为有计划的经常工作之一，并且注意在学习中工作中提高她们的政治觉悟和文化水平。第四，一切党员必须为无产阶级的共产主义事业奋斗。工人成分是党的基础，党特别要注意在自己的组织内加强工人的成分。对于在日常斗争中和革命运动中训练出来的其他阶级出身的分子，党并不拒绝将他们吸收到自己队伍中来，但是他们必须放弃自己原有的非无产阶级的、非共产主义的立场，承认党纲党章，才能允许加入党的组织。因此，党坚决反对不保持党的成分的纯洁，不加强无产阶级的骨干，不以共产主义为根本目标，使党降为各阶级的“民族革命联盟”的任何观点，而牢固地确立一切党员都必须为无产阶级的共产主义事业奋斗终身的思想。三入党手续，恢复党籍或重新入党第一，一定的手续。新党员入党时必须经过一定的介绍人（依党章及目前规定是：工人、雇农一人介绍；小资产阶级出身者二人介绍；脱离其他政党而加入本党者三人介绍）。由党的小组和...<br>— 陈云 · 《陈云文选·第一卷》 · p144	陈云 陈云文选第一卷 党建党的组织 命题
关于「党建·党的领导」：事业，洞悉共产党及其党员的当前任务和根本目标…？	事业，洞悉共产党及其党员的当前任务和根本目标。只有这样，他才能确定自己的人生观，终其一生，为他的信仰的实现而奋斗到底。同时，每一党员应该深刻知道，中国革命是一个长期的艰苦的斗争过程，在弯曲险峻的革命道路上，革命者必须经历长期的艰苦和波折；在与敌人经常的斗争中，在每一事变的紧急关头，还有牺牲的可能。因此，每个共产党员不仅要坚信共产主义的必然实现，而且必须对于工人阶级和中国人民、中华民族的解放事业，有不怕牺牲、不怕困难和奋斗到底的决心。第二，革命的利益高于一切。我党是以彻底解放中国无产阶级和全国人民、全中华民族，建立共产主义社会为职志的政党，因此，民族的和人民的利益与党的利益是一致的。共产党员是在党的领导下为共产主义事业奋斗的战士，党员的利益同民族的、人民的和党的利益也是一致的。每个党员必须对于民族、对于革命、对于本阶级、对于党，表示无限的忠诚，把个人利益服从于民族的、革命的、本阶级的和党的利益。但是在革命工作中，在党的工作中，可能发生党员个人的利益与党的利益的不一致。在这样的时候，每个党员必须依靠他对革命对党的无限忠诚，坚决牺牲个人利益，服从革命的和党的整个利益。每个共产党员，都要把革命...<br>— 陈云 · 《陈云文选·第一卷》 · p148	陈云 陈云文选第一卷 党建党的领导 命题
关于「党建·党的纪律」：人问题，而不能把个人利益超过革命的和党的利益…？	人问题，而不能把个人利益超过革命的和党的利益。革命的和党的利益高于一切，这不是一句空话。党不仅要求每个党员懂得这一条，特别是要求每个党员能在实际行动和日常生活的每个具体问题上，坚决地毫不疑惑动摇地执行这一条。党内有了这样为革命为党的利益而牺牲一切的党员，才能保证党胜利地完成革命。第三，遵守党的纪律，严守党的秘密。十八年来党的斗争经验，证明了纪律是执行党的路线的保证。在过去，由于正确地开展了党内斗争，执行了党的纪律，我们克服了陈独秀〔１８６〕等人的错误路线，制止和战胜了张国焘〔１４３〕的反革命破坏阴谋，保证了党在各个时期的革命任务的实现，以及现在抗日民族统一战线的成立和抗日战争的进行。在今后，党仍应坚持这种纪律，才能团结全党，克服新的困难，争取新的胜利。因此，一个共产党员坚决地自觉地遵守党的纪律是他的义务。他不仅应该与一切破坏党纪的倾向作斗争，而且要着重与自己的一切破坏党纪的言论行动作斗争，使自己成为遵守党纪的模范。不要以为自己能够在会议上或稠人广众之前声明拥护并举手赞成党的路线，就算遵<br>— 陈云 · 《陈云文选·第一卷》 · p149	陈云 陈云文选第一卷 党建党的纪律 命题
关于「党建·党的纪律」：别加紧自己的秘密工作，提高秘密工作的纪律…？	别加紧自己的秘密工作，提高秘密工作的纪律，与忽视、破坏秘密工作的现象作斗争。党应该指出，在今日的某些地方党部，还竟以为在现在环境下可以忽视秘密工作，这是十分危险的。每个党员应该不忘记许多年来由于疏忽秘密工作而受到牺牲的血的经验教训。为了保持抗战的力量，为了保证革命和党的事业的胜利完成，每个党员必须高度地提高政治警惕性，严守党的秘密工作的纪律，并且与一切忽视、破坏党的秘密工作的危险倾向作斗争。任何党内的不对外公开的事件，不准任意向党外宣传；任何对其他党员没有必要说出的秘密事件，不准在其他党员中乱说。一切破坏秘密工作的行动，必须受到党的纪律的制裁，直到开除党籍。第四，百折不挠地执行决议。一个共产党员，不能只是口头上拥护党的决议就算完事，他的责任在于坚决地执行决议，在实际工作中实现这些决议。实现党的决议时，在工作中不可免地会遇到一些挫折和困难，共产党员必须有大无畏的百折不挠的精神去克服这些困难。在工作中萎靡不振和用雇佣劳动的态度来对付党的工作，是绝对不允许的。中国革命是艰苦的长期奋斗的事业。中国共产党的特色之一，就是它具有不怕困难、牺牲奋斗的作风。每个中国共产党党员，必须具有艰苦奋斗的精神，...<br>— 陈云 · 《陈云文选·第一卷》 · p150	陈云 陈云文选第一卷 党建党的纪律 命题
关于「党建·党的组织」：组。在绝对秘密的环境下（如敌占之大城市工厂中）…？	组。在绝对秘密的环境下（如敌占之大城市工厂中），党的支部应该扩大与群众的联系，但支部的人数不应过多，应该短小精干，而且可以在一个工厂中建立两个以上的相互之间并不直接发生联系的党的组织。第二，支部的领导机关。支部领导机关的健全与否，对于党的任务的完成有决定的作用。因此，支部的党员必须慎重地选择自己领导机关的人员。要保证支部书记和支部委员（或支部干事）必须是政治坚定，忠实执行党的政策，有工作能力并为大家所信仰的党员。党必须严重注意现在大量组织的新支部及新党员政治上还幼稚的情形下，投机分子混入支部领导机关的危险。支部委员会（或干事会）人数的多少，按党员的数量和工作的范围、工作的需要来决定。在我们领导的政权下（如陕甘宁边区），则分书记、组织、宣传、军事（自卫军）、政府、工会、农会、青年、妇女等各种工作的委员。为了处理日常工作的便利，可以设立支部委员会的常委。不满五个党员的支部，只<br>— 陈云 · 《陈云文选·第一卷》 · p157	陈云 陈云文选第一卷 党建党的组织 命题
关于「党建·党的领导」：支部必须建立起它自己的基本工作，分配和责成每个党员去执行…？	支部必须建立起它自己的基本工作，分配和责成每个党员去执行。依据中共党章及中国革命现在发展的形势，支部的任务，或者说支部的基本工作，应该包含着下列四个方面。第一，支部是党团结群众的核心组织。支部在周围群众中间工作的好坏是测量支部工作好坏的尺度。支部中每个党员积极地、经常地进行群众工作，是支部周围的群众工作开展的基本条件。支部周围群众工作的开展，可以使党员更加积极，支部生活更加健全。新党员占绝大多数的支部，要特别注意分配新党员去进行群众工作；支部委员会及上级党部必须经常地帮助他们，因为他们往往缺乏工作的经验。支部进行群众工作的目的，是要争取自己周围的群众，接受党的领导。支部及其每个党员应该密切地与周围的群众联系着，了解群众的情绪，倾听群众的呼声，依据群众当时的觉悟程度，有计划地在群众中解释党的政策和口号，散布党的报纸，宣传共产主义，使群众走到党的方面来。支部，尤其是战区的支部，进行群众工作的中心一项，是在组织和领导群众参加抗战，动员他们参加正规军，组织游击队、自卫队，进行为战争服务的各项工作。同时，应该领导群众开展生产运动，进行经济建设，改善群众的生活，并使优待抗日军人家属的条例得以实现。...<br>— 陈云 · 《陈云文选·第一卷》 · p158	陈云 陈云文选第一卷 党建党的领导 命题
关于「党建·党的领导」：上，应该依据当地的具体环境和群众的需要…？	上，应该依据当地的具体环境和群众的需要，去选择适当的群众组织的形式。战区中一般的要以适合战争需要、对于战争担负具体工作的组织形式开始（如自卫军、慰劳队、少先队等），以这些组织为基础去建立更广泛的群众组织（如农民救国会、工人救国会、妇女救国会、青年救国会等）。在大后方及敌占区，一般的首先要把积极分子组织起来，经过他们去组织更广大的群众。支部应该分配适当的党员到各个群众团体中去积极参加工作，并且参加群众旧有的一切团体，与群众在一起，领导他们，同时向他们学习。要以民主的作风与群众一起工作，不要包办，不要以支部的领导来代替群众团体自己的领导。要经常注意团结群众的领袖，尊重他们，向他们学习，并吸收他们到党的领导下来。支部的责任是要引导群众一步步走向共产党的周围，所以应该在各种斗争中提高他们的政治觉悟，使他们相信我们党的一切口号、主张就是他们的切身的要求，并且为这些口号、主张而努力奋斗。支部要保证自己对于群众团体的领导完全正确，就必须在支部会议上经常讨论群众团体中党的工作，及时审查自己的决定是否正确，党员执行支部的决定是否正确，以及群众的意见和要求。应该随时注意情况的变化，使党的活动适合于情况。第...<br>— 陈云 · 《陈云文选·第一卷》 · p159	陈云 陈云文选第一卷 党建党的领导 命题
关于「党建·党的纪律」：细去了解准备吸收入党的对象，包括什么样的社会地位…？	细去了解准备吸收入党的对象，包括什么样的社会地位，为人如何，在群众运动中特别在紧要关头的表现，判断其是否具备入党的条件。总之，既要保证支部能大量地征收党员，而又不让一个坏分子混入党内。支部必须要求党员按照党章规定缴纳党费，不能以为这是可有可无的小事。共产党员按月或定期缴纳党费，是应尽的义务。这与服从党纲、党章、党纪和参加党的组织为党工作，同是每一个共产党员必须具备的基本条件。第三，支部是教育党员的学校。支部是教育党员训练党员最基本的学校。支部委员会应该取得上级党部的帮助，有计划地教育党员。支部教育党员的内容首先着重于共产主义的基本教育，以坚定党员的革命人生观。在支部的日常工作中，要监督党员遵守党的纪律，开展批评和自我批评，克服党员中间各种脱离党的理论、政策、党规、党法等错误倾向。文化程度低的党员，支部应该帮助他们识字读书，督促他们自习，以提高他们的文化政治水平。支部应该教育党员进行群众工作的方法，利用现成的事例和经验教训，教育党员。支部领导机关和支部中党龄较长的党员，应该担负教育１５１党 的 支 部<br>— 陈云 · 《陈云文选·第一卷》 · p161	陈云 陈云文选第一卷 党建党的纪律 命题
关于「党建·党的组织」：遵守个别征收的原则，防止和纠正只要报名、不经审查即吸收入党的办法…？	遵守个别征收的原则，防止和纠正只要报名、不经审查即吸收入党的办法，防止和纠正“小集团”整批入党而不作个别审查的办法。即使在群众斗争中有一批积极分子具备入党的条件，在吸收他们入党时，也必须逐个进行审查、通过、批准。支部必须教育党员了解党章上所规定的征收新党员的手续和办法，要他们详细去了解准备吸收入党的对象，包括什么样的社会地位，为人如何，在群众运动中特别在紧要关头的表现，判断其是否具备入党的条件。总之，既要保证支部能大量地征收党员，而又不让一个坏分子混入党内。支部必须要求党员按照党章规定缴纳党费，不能以为这是可有可无的小事。共产党员按月或定期缴纳党费，是应尽的义务。这与服从党纲、党章、党纪和参加党的组织为党工作，同是每一个共产党员必须具备的基本条件。第三，支部是教育党员的学校。支部是教育党员训练党员最基本的学校。支部委员会应该取得上级党部的帮助，有计划地教育党员。支部教育党员的内容首先着重于共产主义的基本教育，以坚定党员的革命人生观。在支部的日常工作中，要监督党员遵守党的纪律，开展批评和自我批评，克服党员中间各种脱离党的理论、政策、党规、党法等错误倾向。文化程度低的党员，支部应该帮助他们...<br>— 陈云 · 《陈云文选·第一卷》 · p161	陈云 陈云文选第一卷 党建党的组织 命题
关于「党建·党的组织」：巩固党和加强群众工作B（一九三九年九月十八日）巩固党的首先而且基本的工作是巩固党…？	巩固党和加强群众工作B（一九三九年九月十八日）巩固党的首先而且基本的工作是巩固党的内部，教育党员，清除坏人。因为只有健全的巩固的党，才能够领导群众去完成它的历史任务。但是，当着我们去巩固党的基层组织——支部的时候，除了去整理支部内部以外，同时应该加强支部在群众中的工作。推动党员到群众工作中去锻炼，加强党与群众之间的联系，都可以帮助党的组织的巩固。群众工作的好坏，是测量党组织的巩固程度的标准之一。苏维埃时期〔１９〕江西兴国县的群众工作是模范，而这个县的党组织也是最健全的。过去，大城市中有些支部不巩固，时起时伏，大半也是那些脱离群众、不进行群众工作的支部。《联共（布）党史简明教程》在总结苏联共产党历史的基本教训时说：“当布尔什维克保持同广大人民群众的联系时，他们将是不可战胜的——这可以认为是一个规律。”“如果党在自己的党的狭隘圈子里闭关自守，如果它脱离群众，如果它蒙上了官６５１B本文原载中国共产党中央委员会主办的党内刊物《共产党人》创刊号，题为《巩固党与战区的群众工作》。<br>— 陈云 · 《陈云文选·第一卷》 · p166	陈云 陈云文选第一卷 党建党的组织 命题
关于「党建·党的组织」：僚主义的灰尘，那它就会遭到灭亡。”能不能说我们党没有领导群众或者与群众脱离呢…？	僚主义的灰尘，那它就会遭到灭亡。”能不能说我们党没有领导群众或者与群众脱离呢？不能这样说。现在我们党领导着八路军、新四军，领导着广大人民参加反对日本帝国主义的各种工作，党在人民中有着空前的政治威信。但这并不是说我们所有支部都已成为群众的核心。在战区内，在共产党领导的地区（如边区〔１９５〕等），能够掌握全村的党、政、军、民、学各方面工作的农村支部还不多。如果我们在巩固党的时期〔１９６〕内，把整理党的内部与加紧支部周围的群众工作联系起来，那末，不仅党的组织可以巩固，而且群众工作也会大大深入。两者相互配合的结果，会使整个工作向前推进。我想说一说战区党〔５５〕尤其是我们领导着政权的地方的党，如何把巩固党的工作与开展群众工作联系起来？一般地说，那些地区群众工作由上而下建立工作的阶段已经完结，现在应该是由巩固下层来加强上层的阶段。这第二阶段在许多地区还没有开始，少数地区虽已开始但还没有完成。现在应该开始并完成第二阶段。从何着手呢？一切工作在于乡或者村。不管上级的各个机关有多少决议、命令，但是具体实现这些决议、命令，还是靠乡一级的组织，加强和改造它们的工作是目前重要的一环。面向乡级之后要进行些什么工...<br>— 陈云 · 《陈云文选·第一卷》 · p167	陈云 陈云文选第一卷 党建党的组织 命题
关于「党建·党的组织」：区〔３０〕和陕甘宁边区都曾经这样做…？	区〔３０〕和陕甘宁边区都曾经这样做。区、乡划小以后，由于工作范围缩小，就有可能去接近党的支部和接近民众。现在有些区委管的支部太多了，所以设立了中心支部，区委只去领导中心支部，中心支部成为一级。而且各级管的地区太广，直到县委，都有中心一级，区委则有类似副区委的组织。这样层次愈多，上下联系愈弱，工作推动愈慢，收效也就愈小。划小区乡，增加区委，岂不是与行政区域不相符合而工作不便吗？如果主张政权要接近民众的话，划小是应该的。但是，即使行政区不划小，党的组织也可以划小，在同一行政区内的几个党的组织，在共同的问题上可以共同协商。增加区委，就要增加干部。如何解决呢？可以从下面提拔。不要怕他们能力不够，过去中心支部管理乡村支部的能力决不会比新提拔的区委干部强些，而且在工作中也可以锻炼新干部的能力。二、支部要经常注意解决群众迫切需要解决的问题。支部的责任，不仅应该接受上级所给的任务，按照当地环境适当地完成，而且要经常了解群众的情绪，群众的呼声，帮助群众解决困难。群众的日常问题愈解决得好，支部及党员在群众中愈受拥护，则一切动员工作也就愈能顺利完成。现在许多地方党组织很少问问下层和支部中的情况，很少引导支部...<br>— 陈云 · 《陈云文选·第一卷》 · p168	陈云 陈云文选第一卷 党建党的组织 命题
关于「党建·党的领导」：名册”的。因此，民众团体中也就至今没有涌现出著名的为广大群众真正拥护的群众领袖…？	名册”的。因此，民众团体中也就至今没有涌现出著名的为广大群众真正拥护的群众领袖。民众团体在大多数区域中，还没有成为抗日政府的支柱。从上述几个方面都可以看出，我们的群众工作确是最薄弱的一环。党、政、军、民、学各种工作之健全，虽然都有它们各自的单独的工作，但是把党、政、军、民、学各方面的工作联系起来，使各方面工作都能进步，都能发展，都能健全，基本的环子就是开展群众工作。如果不把这一环抓住，克服我们在群众工作方面的弱点，便无法坚持抗日根据地，无法坚持长期的游击战争。但是，群众工作千头万绪，究竟应该从哪一点做起呢？究竟应该采取何种方针，才能变薄弱的狭小的群众工作为真正广大的群众工作呢？不是别的，就是在党的领导之下，从维护群众自己的利益出发，从群众内部去发动群众斗争，把群众团体自下而上地建立起来。这样，群众的利益与那些把持乡村政４６１陈云文选 第一卷<br>— 陈云 · 《陈云文选·第一卷》 · p174	陈云 陈云文选第一卷 党建党的领导 命题
关于「党建·党的组织」：决地实行了，再加上党的组织工作，动员相当广大的人力、财力、物力援助抗战…？	决地实行了，再加上党的组织工作，动员相当广大的人力、财力、物力援助抗战，是完全可能的。如果再拿今天尚未建立政权的游击区来说，在那里要坚持残酷的斗争，并使之转变为根据地，那末，群众工作的好坏，也是决定的条件。从民众团体方面来看。应该指出，只在个别地区民众团体工作真正有了成绩，在大多数区域，还仅仅是一些自上而下、由政府帮助组织的民众团体。由于发动群众的工作，或者根本没有做，或者做得非常之不够，所以好多民众团体，在民众自己来看，并不是他们自己迫切需要的团体，而只是为军队为政府服务的机关。乡村的民众团体，大多数还是很不健全的，其中许多仅仅是“抄名册”的。因此，民众团体中也就至今没有涌现出著名的为广大群众真正拥护的群众领袖。民众<br>— 陈云 · 《陈云文选·第一卷》 · p174	陈云 陈云文选第一卷 党建党的组织 命题
关于「党建·党的组织」：会体验到，自己的力量就是团结和组织…？	会体验到，自己的力量就是团结和组织，群众团体也就可以在这一过程中健全起来，成为真正群众自己的团体，群众领袖才会真正涌现出来，群众的抗日积极性也才能提高。也只有这样，才易于使群众懂得维护本身利益与打倒日本帝国主义是不能分离的，才能使群众更加积极地多方面地援助军队，军队的扩大、加强和物质保证才有深厚的来源，坚持长期抗战才说得上有了可能性。至于说到巩固党，那末，历来的经验证明，没有一个脱离群众的党组织是巩固的。一切脱离群众的党部，都是最不巩固的党部。所以，只有党与群众密切的联系着，只有党的支部真正成为群众核心的时候，那个党才是一个巩固的党，那个支部才是党在群众中的堡垒。现在党内发生的各种弱点，不管是党的组织方面的还是党的工作方面的，都是同脱离群众相联系的。为群众自己利益而斗争的群众运动真正开展起来了，就能鉴别谁是真正为民众利益而奋斗的共产党员，谁是别有企图混入党内的坏人。这样，清洗党内坏分子的工作才有客观的基础。只有群众运动，才能给新党员和新干部以实际的阶级教育，单单书本上的教育是非常不够的。我们的新党员和新干部缺乏群众工作经验的弱点是普遍存在的，他们领导群众运动的经验是很少的，但出路只有一...<br>— 陈云 · 《陈云文选·第一卷》 · p175	陈云 陈云文选第一卷 党建党的组织 命题
关于「党建·党的建设」：关于干部队伍建设的几个问题B（一九三九年十二月十日）干部队伍的建设是党的建设中的…？	关于干部队伍建设的几个问题B（一九三九年十二月十日）干部队伍的建设是党的建设中的一个重要方面。现在我讲几点意见。第一点，提高老干部的政治文化水平。边区老干部很多。老干部是我们的骨干，他们有宝贵的经验。老干部参加革命到现在已经很长时间了，但是，我们自己问一问，老干部领导革命的本领够了没有，在政治上文化上各方面的本领够了没有？还不够。因此，应该天天努力提高我们的本领，提高我们的水平。工农出身的同志因为过去吃了地主资本家的亏，他们的文化程度低，写也不会，书也看不懂。在这种情况下，可以有两种态度。一种是觉得自己文化水平低，吃不开了，唉声叹气；另一种是下决心来努力提高文化程度，一年不成两年，这样慢慢地学下去，就可以赶上来。我们需要学习的东西，今天不懂明天就可以懂，应该有这样的学<br>— 陈云 · 《陈云文选·第一卷》 · p187	陈云 陈云文选第一卷 党建党的建设 命题
关于「党建·领导干部」：难提高，不能看得远，只看到目前，只看到陕北…？	难提高，不能看得远，只看到目前，只看到陕北。这不行，要看到全中国，看到全世界。许多同志以为自己年纪大了，不能学习，实际上是可以学习的，没有一个人从娘肚里出来便是知识分子。一些同志以为学习便要进党校〔１６６〕、马列学院〔１７１〕。能够进党校和马列学院学习当然很好，但不能大家都去。因为学校没有那样大，不可能住很多人；同时工作还要有人去做。问题怎样解决呢？就是毛主席说的进“长期大学”，就是要坚持自学，你现在二十几岁，活到六十几岁还有四十年，学成之后是头号的“博士”。只要功夫深，铁杵磨成针。我们的特委、县委、区委的领导同志，要有计划地看书，要好好地学，长期地有恒心地去学，像党中央的干部一样。这件事，对领导干部是重要的。自己的知识不增加，不提高政治、文化水平，要想工作有进步是很难的。从什么时候学起呢？从一九四○年一月一日起吧？不行。要想到便做，从现在就学起。负责的人要带头学，你这样做了，别人也会照样去做。第二点，提拔新干部和新老干部团结的问题。先讲提拔新干部的重要。现在的干部是不是够了呢？很不够。边区党委就常说干部不够。天下很大，现在我们的工作８７１陈云文选 第一卷<br>— 陈云 · 《陈云文选·第一卷》 · p188	陈云 陈云文选第一卷 党建领导干部 命题
关于「党建·老干部」：能够进党校和马列学院学习当然很好…？	能够进党校和马列学院学习当然很好，但不能大家都去。因为学校没有那样大，不可能住很多人；同时工作还要有人去做。问题怎样解决呢？就是毛主席说的进“长期大学”，就是要坚持自学，你现在二十几岁，活到六十几岁还有四十年，学成之后是头号的“博士”。只要功夫深，铁杵磨成针。我们的特委、县委、区委的领导同志，要有计划地看书，要好好地学，长期地有恒心地去学，像党中央的干部一样。这件事，对领导干部是重要的。自己的知识不增加，不提高政治、文化水平，要想工作有进步是很难的。从什么时候学起呢？从一九四○年一月一日起吧？不行。要想到便做，从现在就学起。负责的人要带头学，你这样做了，别人也会照样去做。第二点，提拔新干部和新老干部团结的问题。先讲提拔新干部的重要。现在的干部是不是够了呢？很不够。边区党委就常说干部不够。天下很大，现在我们的工作８７１陈云文选 第一卷<br>— 陈云 · 《陈云文选·第一卷》 · p188	陈云 陈云文选第一卷 党建老干部 命题
关于「党建·老干部」：有很大的开展，新的根据地在不断建立…？	有很大的开展，新的根据地在不断建立，军队在不断扩大，党在全国需要用很多干部，如果没有大批的新干部补充到干部队伍中来，我们的革命事业就要停顿不前，就不能打败日本帝国主义。有些人说，新干部没有老干部老练，经验不如老干部多，资格不够。照这样说来，就没有办法提拔新干部了。很明显，这种看法是不对的。老干部都是从新干部锻炼出来的，有经验的干部开始也都是没有经验的。新干部经过锻炼，就会从没有经验变成有经验，由不老练变成老练。至于说到资格，那末，资格不老的干部不一定都做不好工作。当然，我们的工作要以老干部为骨干，有资格的老干部做县委工作、区委工作固然很好，但是，有的地区干部的党龄都非常短，那也只有靠资历较浅的干部担负领导责任。比如在华北那个地方，如果都要有八年以上党龄的人才能做县委、区委的工作，那末，在整个的华北就没有几个能担负县委、区委工作的同志。那里的干部绝大部分是在一九三六年、一九三七年参加工<br>— 陈云 · 《陈云文选·第一卷》 · p189	陈云 陈云文选第一卷 党建老干部 命题
关于「党建·党的建设」：战工作，建设根据地的工作，基本上是在农村里面进行的…？	战工作，建设根据地的工作，基本上是在农村里面进行的，需要大量的革命知识分子干部到农村去，到军队中去，做宣传工作和组织工作。没有知识分子，革命就不能胜利。过去有的地方对于知识分子不敢放手使用，甚至把他们排挤出去。在某些老干部里面就有排挤知识分子的现象，因为他们没有懂得知识分子的重要，不了解半殖民地半封建国家的知识分子与资本主义国家的知识分子有很大不同。我们国家里，大多数的知识分子是愿意为工农阶级服务的，他们有较多的革命积极性。在历史上，五四运动〔４〕就是由先进的知识分子发动和领导的。五卅运动〔５〕、一二九运动〔２１０〕都有大量的进步学生参加。至于参加抗日战争的学生，那就更多了。这些运动，对于我们党的建设和发展，对于中国革命的推动，对于抗日救亡运动局面的打开，都起了很大的作用。我们再看农村里的革命，不少领导人也是知识分子。彭湃〔２０７〕同志在广东省领导过四十二个县的农民运动，他就是一个知识分子。领导陕北革命的刘志丹〔２０４〕同志也是知识分子。再推远一些，辛亥革命〔１６７〕是孙中山先生领导的，他也是学生出身。这些事实都证明了，半殖民地半封建国家的知识分子绝大多数是要革命的，许多革命是靠知识分...<br>— 陈云 · 《陈云文选·第一卷》 · p190	陈云 陈云文选第一卷 党建党的建设 命题
关于「党建·老干部」：为什么要专门作出这样的决定呢？这是因为…？	为什么要专门作出这样的决定呢？这是因为，知识分子是革命的力量，并且是重要的力量。我们要把这个力量吸收进来，在抗战工作中，在革命事业中，充分发挥他们的作用。现在我们的抗战工作，建设根据地的工作，基本上是在农村里面进行的，需要大量的革命知识分子干部到农村去，到军队中去，做宣传工作和组织工作。没有知识分子，革命就不能胜利。过去有的地方对于知识分子不敢放手使用，甚至把他们排挤出去。在某些老干部里面就有排挤知识分子的现象，因为他们没有懂得知识分子的重要，不了解半殖民地半封建国家的知识分子与资本主义国家的知识分子有很大不同。我们国家里，大多数的知识分子是愿意为工农阶级服务的，他们有较多的革命积极性。在历史上，五四运动〔４〕就是由先进的知识分子发动和领导的。五卅运动〔５〕、一二九运动〔２１０〕都有大量的进步学生参加。至于参加抗日战争的学生，那就更多了。这些运动，对于我们党的建设和发展，对于中国革命的推动，对于抗日救亡运动局面的打开，都起了很大的作用。我们再看农村里的革命，不少领导人也是知识分子。彭湃〔２０７〕同志在广东省领导过四十二个县的农民运动，他就是一个知识分子。领导陕北革命的刘志丹<br>— 陈云 · 《陈云文选·第一卷》 · p190	陈云 陈云文选第一卷 党建老干部 命题
关于「党建·老干部」：的知识分子是可以为无产阶级服务的…？	的知识分子是可以为无产阶级服务的。现在各方面都在抢知识分子，国民党在抢，我们也要抢，抢得慢就没有了。日本帝国主义也在收买中国的知识分子为它服务。如果把广大知识分子都争取到我们这里来，充分发挥他们的作用，那末，我们虽不能说天下完全是我们的，但是至少也有三分之一是我们的了。吸收大批知识分子到我们这里来，分配到各地开展工作，这样就发生了一个新老干部的团结问题。过去在军队或者是党政部门都发生过新老干部不团结的现象，现在有些地方也发生了这样的问题。这里说的老干部，就是土地革命时期出来的干部。他们中的有些同志往往看不起新干部，总是说，你才参加革命几天，有什么了不起，我革命的时候，你还不知道在什么地方呢。有些新干部也看不起老干部，他们把老干部看成“土包子”，说你过来，我和你谈一谈马列主义，你懂吗？这样一来两方面就对立起来了，关系就搞不好，互相不接近。新干部和新干部在一起，老干部和老干部在一起，工作就一定做不好。现在我们新老干部、工农干部和知识分子干部应该团结起来，取长补短，互相学习，共同提高。这是革命的需要。我们许多老干部，他们有一肚子的实际经<br>— 陈云 · 《陈云文选·第一卷》 · p191	陈云 陈云文选第一卷 党建老干部 命题
关于「党建·党内斗争」：能使他们逐渐变成一个好党员。我们对新的知识分子干部不应该害怕…？	能使他们逐渐变成一个好党员。我们对新的知识分子干部不应该害怕，不要认为有了他们，老干部就吃不开了。不是这样的。党是以老干部为骨干的，但是仅有老干部还不够，还需要大批的新干部。老干部是宝贵的，新干部也宝贵。第三点，干部中间的思想斗争问题。在这个问题上，我们应该反对干部里面怕斗争的倾向。我们不主张乱斗，而是主张在原则问题上进行必要的斗争。因为各个干部的思想意识不同，还有剥削阶级的影响，所以对一切不好的倾向必须斗争。斗争是为了教育全党，并帮助一些同志克服他们的毛病，挽救一些人，以免他们的错误继续发展，甚至跑到反革命的阵线去。党内不允许无原则的和平，更不允许相互包庇。有了错误不进行必要的斗争是不对的。党内斗争主要是开展批评和自我批评。我们常常说，共产党员只有掌握批评和自我批评这个武器才可以不断前进。这是非常重要的。你们可以翻一翻《联共（布）党史简明教程》这本书，在这本书里总结苏联革命成功的六条经验，其中第五条就是批评和自我批评。那里说：“如果党不害怕批评和自我批评，如果它不掩盖自己工作中的错误和缺点，如果它用自己工２８１陈云文选 第一卷<br>— 陈云 · 《陈云文选·第一卷》 · p192	陈云 陈云文选第一卷 党建党内斗争 命题
关于「党建·老干部」：毛病。老干部有责任帮助他们克服弱点…？	毛病。老干部有责任帮助他们克服弱点，引导他们走上正确的道路。老干部不应该忌妒新干部有才有识，也不应该向人家摆架子，而应该向他们学习。新老干部一定要团结，如果闹不团结，主要的责任应由老干部担负。因为你是老干部，怎么能够和新干部一样犯毛病呢？你从前也是新干部嘛！所以我们要帮助新干部。现在我们党内有许多新的知识分子干部，新的工农分子干部，他们都有许多毛病，这要慢慢地在革命实践中去克服，才能使他们逐渐变成一个好党员。我们对新的知识分子干部不应该害怕，不要认为有了他们，老干部就吃不开了。不是这样的。党是以老干部为骨干的，但是仅有老干部还不够，还需要大批的新干部。老干部是宝贵的，新干部也宝贵。第三点，干部中间的思想斗<br>— 陈云 · 《陈云文选·第一卷》 · p192	陈云 陈云文选第一卷 党建老干部 命题
关于「党建·党的组织」：都是采取两面派的办法欺骗我们。但是…？	都是采取两面派的办法欺骗我们。但是，只要我们提高革命警惕性，他们的真面目还是不难识破的。做坏事的人表面上虽然装得很好，但心里是坏的，一定要做坏事，形式与内容相矛盾。他能够在一段时间里装假，但他不可能在很长时间里始终装假。有句老话：路遥知马力，日久见人心。他一件事情可以装得好，但一百件事情就不能都装得好。现在我们的同志要特别注意这个问题。当然，还有一种人，他本来是我们的同志，但是在根据地的和平环境中腐化变质了，也去做坏事了。有人以为共产党内没有坏人，这是完全不对的。在革命运动中，特别在大发展时期，革命队伍里会混进坏人，少数本来革命的人会变质，这是不可避免的现象。我们的任务是不断纯洁干部队伍，纯洁党的组织，与各种坏人作斗争。我们内部是巩固的，坚强的，如果敌人打过来，就可以把他们打出去。最怕的就是我们内部有坏分子。如果内部不巩固，外面的进攻就抵抗不住。因此，要做好防微杜渐的工作。我们对于这样的问题，既不要麻木不仁，也不要惊慌失措。麻木不仁会给坏分子以可乘之机，惊慌失措则会把事情捣乱。只要我们采取既坚决又稳妥的办法去做，纯洁干部队伍，巩固党的组织，是有保证的。因为我们有政权，有枪杆子在手里，同...<br>— 陈云 · 《陈云文选·第一卷》 · p195	陈云 陈云文选第一卷 党建党的组织 命题
关于「党建·老干部」：断改进。因为学习是做好工作的一个条件…？	断改进。因为学习是做好工作的一个条件，而且是一个必不可少的条件。学习理论既然是每个党员的责任，那末，党内的老干部、高级干部首先要努力学习，成为学习的模范。因为你是老干部，因为你常常担负独当一面的领导工作，你就更有责任而且更有必要提高自己的理论水平。高级干部要思索一下，看看下列两种情形，哪一种对党更有利？一种是，一天到晚地埋头工作，不去找时间读书；另外一种，就是一天抽两小时来读书。我认为，后一种无疑对党更有利。因为你是老干部，有斗争经验，学习理论更容易把书本上的东西消化成为自己的，这样，领导工作的水平就可以大大提高。同时，党要培养大批理论联系实际的干部，也首先寄托在老干部和高级干部的身上，老干部要担负起这个责任。只要大家认识清楚学习的重要性，就应该想法挤时间来读书。我们这些老干部如果要学习，现在是一个最好<br>— 陈云 · 《陈云文选·第一卷》 · p198	陈云 陈云文选第一卷 党建老干部 命题
关于「党建·老干部」：实做小学生。要将现有的主要教科书一本一本地读…？	实做小学生。要将现有的主要教科书一本一本地读，既不是弛怠，也不用着急，一步一步来。可以每个星期读三四十页，每字每句都要读懂，不懂的就要认真请教。一本一本书读懂的办法很重要。过去我们许多干部，书拿到手上，这句不懂那节不晓，而又不曾想法一句一句地弄通。这样，没有益处，而且不能坚持，必然半途而废。现在要改变这种状况，要读就读懂，不要一知半解。这种力求把书上的意思都读懂的办法，是达到融会贯通的必经步骤。对于初学的人，不要企图每门功课读很多参考书，那样读完一本书要延长几倍的时间，倒不如一本书多读几次，逐渐增加参考书，逐渐加深理解，得益更多些。学习理论一定要联系实际。老干部要认真总结自己的经验，把它提到理论的高度，来指导以后的工作，但是，如果书还没有读懂，就不要急于去“联系实际”，弄得牛头不对马嘴，还不如先把书上的东西读懂。读懂就是消化。掌握了马列主义的原理和思想方法，就会自然地同自己的实践经验结合起来，把具体经验提高到一般理论，再拿这种一般理论去指导实际工作。读书要做笔记。这有两个好处，一是让你多读几次，一是逼着你聚精会神，认真思索，使你了解深刻些，而不像随便看过去那样模模糊糊。读书最好有个小组...<br>— 陈云 · 《陈云文选·第一卷》 · p199	陈云 陈云文选第一卷 党建老干部 命题
关于「党建·党的组织」：第二，游击小组可以锻炼党员，培养干部…？	第二，游击小组可以锻炼党员，培养干部，巩固党、政、民组织。历史经验已经证明，中国共产党必须依靠于武装力量，才能生存（不是狭小秘密党的生存，而是大党的生存），才能发展。这在目前战区是更加清楚的。没有武装，党就不能生存。党的生存依靠武装斗争，武装斗争又可以锻炼党和发展党。同样地，没有武装斗争，根据地政权的建立和发展也是根本不可能的。如果没有游击小组，游击区就会变为敌占区，那末，这个地区党的组织和政权组织就会缩小甚至垮台。党员参加游击小组领导群众与敌伪作斗争，对于新党员是一种最好的锻炼。混入党内的坏分子在残酷的斗争中，会暴露出他们的真面目。动摇分子经不起锻炼就会被淘汰。同时，地方党的军事干部，也可以从这个尖锐的、复杂的、广大的斗争中训练出来。第三，游击小组是正规军和游击队的有力助手。正规军是在根据地内作战也间常去游击区作战的，游击队是以根据地和游击区的交界地区为依据经常向游击区作战的，游击小组是在两区交界和整个游击区内生存而为正规军和游击队的助手。游击小组是自卫军的核心，没有自卫军也可单有游击小组。如果游击区内满布了游击小组，正规军和游击队就很好作战。游击小组不但是正规军和游击队的助<br>— 陈云 · 《陈云文选·第一卷》 · p203	陈云 陈云文选第一卷 党建党的组织 命题
关于「党建·党的纪律」：严格遵守党的纪律B（一九四○年三月十九日）一、中国共产党为什么要特别强调纪律…？	严格遵守党的纪律B（一九四○年三月十九日）一、中国共产党为什么要特别强调纪律？甲、中国是一个半殖民地半封建的国家，帝国主义和国内反动势力联合起来进攻革命，力量异常强大。这就决定了无产阶级领导的反帝反封建的革命，是长期的斗争，而且十分复杂，非常残酷。无产阶级政党如果没有铁的纪律，就不能巩固自己，团结群众，坚持斗争，战胜强敌。乙、中国是一个小资产阶级占极大优势的国家。农民占全国人口百分之八十以上，还有广大的知识分子、小商人、手工业者和自由职业者。中国无产阶级富有组织性和纪律性，但人数较少，历史较短。他们与农民和其他小资产阶级有自然的联系，优点在于可以与之结成亲密的革命联盟，缺点在于容易保留和滋长自由散漫的习气，或<br>— 陈云 · 《陈云文选·第一卷》 · p205	陈云 陈云文选第一卷 党建党的纪律 命题
关于「党建·党的纪律」：党，才能建立有铁的纪律的军队，以此战胜强敌…？	党，才能建立有铁的纪律的军队，以此战胜强敌，创建受到广大民众拥护的政权。丁、中国革命必须正确处理无产阶级与资产阶级又联合又斗争的问题，即统一战线问题。特别在同资产阶级实行联合的时期，资产阶级会从思想上政治上文化上向无产阶级进攻，这就要求每个党组织和每个党员严守党纪，防止被资产阶级所腐化。戊、在抗日战争时期，大量新党员涌进党内，新党员中的大多数是小资产阶级成分，他们缺乏严格遵守纪律的习惯。全党严守党纪是革命胜利的一个重要条件。二、用纪律保障党的意志和行动的统一。党的纪律规定：个人服从组织，少数服从多数，下级服从上级，全党服从中央。这是为了保障党的意志和行动的统一，也是为了保障党的组织的统一。纪律是我们的重要武器。维护党的统一，不靠刀枪，要靠纪律；同时，加强思想政治工作，端正路线和方针、政策。社会情况复杂，各人看法不同，党内有争论是正常状态。必须用纪律来约束党组织和党员的行动。三、党的纪律是统一的，必须无条件遵守。严格地遵守党的纪律为所有党员及各级党部之最高责任。无特殊人物，无特殊组织。领导干部、领导机关必须成为严守党纪的模范。要特别防范高级领导人破坏纪律的行为，如张国焘〔１４３〕。不愿意...<br>— 陈云 · 《陈云文选·第一卷》 · p206	陈云 陈云文选第一卷 党建党的纪律 命题
关于「党建·领导干部」：日战争时期，大量新党员涌进党内，新党员中的大多数是小资产阶级成分…？	日战争时期，大量新党员涌进党内，新党员中的大多数是小资产阶级成分，他们缺乏严格遵守纪律的习惯。全党严守党纪是革命胜利的一个重要条件。二、用纪律保障党的意志和行动的统一。党的纪律规定：个人服从组织，少数服从多数，下级服从上级，全党服从中央。这是为了保障党的意志和行动的统一，也是为了保障党的组织的统一。纪律是我们的重要武器。维护党的统一，不靠刀枪，要靠纪律；同时，加强思想政治工作，端正路线和方针、政策。社会情况复杂，各人看法不同，党内有争论是正常状态。必须用纪律来约束党组织和党员的行动。三、党的纪律是统一的，必须无条件遵守。严格地遵守党的纪律为所有党员及各级党部之最高责任。无特殊人物，无特殊组织。领导干部、领导机关必须成为严守党纪的模范。要特别防范高级领导人破坏纪律的行为，如张国焘〔１４３〕。不愿意遵守纪律的党员，害怕铁的纪律的新党员，尽可出党。６９１陈云文选 第一卷<br>— 陈云 · 《陈云文选·第一卷》 · p206	陈云 陈云文选第一卷 党建领导干部 命题
关于「党建·党的纪律」：能作为不服从纪律的借口。四、纪律是自觉的…？	能作为不服从纪律的借口。四、纪律是自觉的，又是强制的。既知重要，就必须遵守，凡入党者都应有此自觉性。坚定的革命者视纪律为自由。纪律有强制性。不自觉遵守，必须强制执行。明知故犯者，要给以处分；情节严重而不愿改正者，应开除出党。为维护党的铁的纪律，每个党员、每个组织，都应该自觉自愿地接受其他党员和上下周围组织的监督，同时诚恳虚心地接受群众的监督。五、强调纪律并不妨碍党员、党组织应有的权利。党内有发表意见的自由。在决议作出以前，有争论的自由；在决议作出以后，有保留不同意见的自由（但行动上必须服从）。每个党员、党组织都有权上诉，直至中央。纪律与自由，是矛盾的统一。无产阶级政党应该是一个最７９１严格遵守党的纪律<br>— 陈云 · 《陈云文选·第一卷》 · p207	陈云 陈云文选第一卷 党建党的纪律 命题
关于「党建·党内斗争」：个人对组织，少数对多数，下级对上级…？	个人对组织，少数对多数，下级对上级，全党对中央，服从是无条件的。组织、多数、上级、中央的决策正确时，自然要服从；如不正确，或不完全正确，怎么办？在行动上必须服从，同时应该按党章规定的权利，提出建议，或保留自己的意见。在革命成败的紧急关头，对错误领导者进行斗争是必要的，但仍须遵循党章的规定，采取合法的手续（如遵义会议〔５６〕）。对危害党的阴谋分子的斗争，在紧急情况下可采取特殊的措施，但仍应遵守党内斗争的原则（如长征中对付张国焘〔２１４〕）。当然，叛党投敌者不在此限。即使党员个人（或下级组织）意见正确，工作能力强，地位比较高，资格比较老，都不能作为不服从纪律的借口。四、纪律是自觉的，又是强制的。既知重要，就必须遵守，凡入党者都应有此自觉性。坚定的革命者视纪律为自由。纪律有强制性。不自觉遵守，必须强制执行。明知故犯者，要给以处分；情节严重而不愿改正者，应开除出党。为维护党的铁的纪律，每个党员、每个组织，都应该自觉自愿地接受其他党员和上下周围组织的监督，同时诚恳虚心地接受群众的监督。五、强调纪律并不妨碍党员、党组织应有的权利。党内有发表意见的自由。在决议作出以前，有争论的自由；在决议作出以后，...<br>— 陈云 · 《陈云文选·第一卷》 · p207	陈云 陈云文选第一卷 党建党内斗争 命题
关于「党建·党的纪律」：句假话。我们绝不能像剥削阶级政党那样…？	句假话。我们绝不能像剥削阶级政党那样，党员可以说假话，鬼话连篇，欺骗人民。如果我们的党员也染上了这种恶习，那末，我们党内的互相信任就不可能建立，党的意志的统一和铁的纪律也就不能建立，共产党将不成其为无产阶级有组织的队伍，也决不能被人民信任而成为人民的领袖。因此，在党员面前放着这样一个问题：你要做一个好党员，就要与自己作斗争，经常以正确的意识去克服自己的不正确的意识。这个思想上的斗争和斗争中的胜利，就是自己思想意识上的进步。自己不跟自己的错误意识作斗争，偷偷地容忍自己错误意识存在着，则错误意识就会发展，结果越错越远，终究会离开革命的队伍。共产党员必须言行一致，这是党规定的。违反了这一条，就是违犯党的纪律。有些人对党说一次两次假话，经过教育不加改正，反而假话越说越多，越说越大。这样的人，不管你口里讲得如何革命，不管你过去有多大的功劳，应该立即开除出党，没有价钱可还。向党隐瞒的人，说假话的人，固然有许多人是政治上很幼稚的党员或新党员，但是，确有一些政治上别有企图的分子，过去做了许多坏事的分子，自首变节的分子，或者是叛了党的内奸和混进党内的敌对分子。所有这些人，他们隐瞒历史，假话连篇，目的是为...<br>— 陈云 · 《陈云文选·第一卷》 · p211	陈云 陈云文选第一卷 党建党的纪律 命题
关于「党建·党的组织」：为无论日本帝国主义、汉奸，或者反共的国民党顽固派…？	为无论日本帝国主义、汉奸，或者反共的国民党顽固派，它们用来反对共产党的主要方法，都是派遣或收买内奸，使他们隐藏于我们党内，只要时机一到，就会立刻进行破坏，并且企图把我们一网打尽。他们的这种阴谋，是一直在进行着的。今天许多地方党内肯定还潜伏着内奸，而且为数不少。对此，我们党的许多同志还没有警惕，还没有把肃清内奸和防止内奸作为巩固秘密党组织的最重要的工作。在这种情况下，就谈不上把秘密党组织巩固起来。这是因为，不管你秘密工作做得如何好，不管你如何得到了社会的掩护，不管你统一战线工作和群众工作做得如何好，不管你马列主义学得好多，只要党内藏着内奸，只要机关里坐着内奸，他们一动手，我们的所有成绩都会丧失，党的组织就会被打垮。内战时期，上海及各省秘密党被破坏的痛苦经验，不正是如此吗？因此，不仅是目前而且是将来，巩固秘密党组织的第一位工作，就是肃清内奸和防止内奸。保证领导机关的安全保证领导机关的安全，是巩固党的秘密组织的重要工作之一。这有如下两方面的原因。从党的组织来说，我们秘密党的组织是由两部分人组成的：一部分是直接深入社会，在群众中活动着的党员；一部分是专做党的工作的干部，就是各级领导机关。这两部...<br>— 陈云 · 《陈云文选·第一卷》 · p214	陈云 陈云文选第一卷 党建党的组织 命题
关于「党建·领导干部」：在时，虽然有党员，也常常会减低作用…？	在时，虽然有党员，也常常会减低作用，或者没有作用，甚至党的组织完全垮台。这种事实很多，例如十年内战后期，在白区〔３７〕许多省份和上海企业中都是如此。在相反的情形之下，即使党员很少，甚至没有党员，只要当地还有领导机关或个别领导干部，在客观形势顺利时，领导方法正确，就不难建立党、扩大党。这种事实也有过，例如一二九运动〔２１０〕以前的平津，只有二三十名党员，农村党员与组织失掉了联系，但是作为北方党的领导机关的河北省委还保存着，所以客观形势一改变，就能把一二九运动领导起来，党的组织很快地扩大了，后来创造了抗战以前国民党区域最大的党。因此，从党的组织上来说，要保证党的安全，首先就要保证党的领导机关的安全。从阶级敌人破坏我们党的阴谋来说，他们企图残杀破坏的，首先就是共产党的干部和各地党的领导机关。他们派遣和收买内奸的目的，主要的也是为了侦察党的领导干部，混进党的领导机关，以便他们一声令下，将当地党的组织自上而下地一网打尽。因此，<br>— 陈云 · 《陈云文选·第一卷》 · p215	陈云 陈云文选第一卷 党建领导干部 命题
关于「党建·党的组织」：须懂得，没有真实可靠的公开合法的社会掩护…？	须懂得，没有真实可靠的公开合法的社会掩护，就不能保证秘密党组织干部的长期存在。从这个意义上说，获得和保持社会职业并不比革命工作次要些。我们强调保证领导机关的安全，决不是说可以忽视下层组织的安全。下层组织被破坏，也会影响到领导机关的安全。党员的质量重于数量为什么要郑重地提出党员的质量重于数量这个问题？第一，因为在敌占区、大后方的党组织是秘密的。一方面，党处在日本帝国主义和地主资产阶级直接统治之下，随时随地都可能遭受到武力的压迫、政治的诱惑、奸细的破坏，经常处于严重的被突然袭击的状态。另一方面，党在与敌对势力的斗争中，不像八路军、新四军所在地的党，有武装力量可以自卫，仅仅是依靠党员革命意志的坚定，党的组织的严密，党与群众的联系。在这种状况下，如果党员的政治质量不高，如果党内混入了奸细，那就不能与敌对势力作残酷的斗争。我们在全党范围内提出党员的质量应重于数量，那末，在敌占区及大后方，这个方针就更为重要，更应严肃对待。第二，现在大后方的党员已经有了相当的数量，我们的方针，不再是以发展为主，而是以巩固为主。第三，今天大后方的党组织一般说来还是极不巩固的，许多地方的党员的质量还不高。在敌占区虽然有...<br>— 陈云 · 《陈云文选·第一卷》 · p216	陈云 陈云文选第一卷 党建党的组织 命题
关于「党建·领导干部」：易动摇。虽然这种情况在革命运动中是不可免的…？	易动摇。虽然这种情况在革命运动中是不可免的，而且其原因在于抗战初期吸收党员时有些地方的同志缺乏政治经验，但是，应该说，我们领导机关缺乏应有的注意，是一个重要的原因。我们强调提高党员的质量，并不是说大后方的党不要发展了。现在大后方的党组织，有的地方党员太多，有的地方党员还太少。党员多的地方，一个“保”〔２１６〕或一个村庄有几十甚至上百名党员，内中不少人并不工作，也不开会。这样的组织，实在既不精干隐蔽，又不起大的作用，宁可缩小些。那些不愿开会不愿工作的人，不必强迫他们退党，也不要开除他们的党籍，实际上可以把他们当作党的同情者。这样整理的结果，虽然党员数量减少，但是质量提高了，秘密工作会做得更好些，领导干部的精力会更集中些。这是合乎精干隐蔽的政策的。许多地方现在还没有党员或党员很少，那就应该发展党员。但是发展党员时，要避免过去的缺点，而着重注意质量。不必要求大后方农村内每个“保”都有支部，但是每个“联保”要有一两个支部。支部人数不求多，五人左右至多十人。现在大后方发展党员，主要看当地组织开展工作是否需要。如果当地组织已经太大了，那末，即使有条件入党的农民，也不必急于吸收入党，尽可使他们做党外...<br>— 陈云 · 《陈云文选·第一卷》 · p217	陈云 陈云文选第一卷 党建领导干部 命题
关于「陈云与毛邓互动·纠正」：入群众，不去估量商店、作坊各种不同的实际情形…？	入群众，不去估量商店、作坊各种不同的实际情形，只是提出一般的并不适合每个企业的笼统的要求和纲领。所以，各业的集体合同〔２８〕虽然不断地订立，但是每个行业工人的迫切要求仍是没有解决。党和工会必须在工人群众中进行详细的解释：工人阶级一方面要争取改善自己的生活，另一方面必须把发展苏区的经济，巩固工农联盟，巩固苏维埃政权，看成自己解放的根本任务。要使工人了解，不彻底推翻地主资产阶级的统治，工人阶级就不能解放自己。因此，要把争取日常利益的斗争和争取革命完全胜利的斗争最密切地联系起来。党和工会对经济斗争的领导，必须纠正官僚主义。要重新审查各业集体合同的具体条文，审慎地了解各业的每个商店、作坊的经济能力，依照实际情形，规定适合于每个企业的经济要求。不能不顾实际情况，不体现出各个企业的不同工人的具体要求，千篇一律地抄录劳动法。不能满足于形式上召集了几次群众会议，也不能满足于群众已经举手通过。签订集体合同，不能只是由工会机关自上而下地提出，而要自下而上地提出，反映工人最迫切的要求。这样的合同才能得到群众的热烈拥护，并使群众有决心为实现他们的这些要求而斗争。要审慎地去考察资本家怠工与否，分别各种情形执行不...<br>— 陈云 · 《陈云文选·第一卷》 · p20	陈云 陈云文选第一卷 陈云与毛邓互动纠 命题
关于「陈云与毛邓互动·纠正」：为度。某些企业不能实行八小时工作制的…？	为度。某些企业不能实行八小时工作制的，应该取得工人的同意，用增加额外工资的办法来补偿额外工作的时间。党和工会只有这样去了解实际情形，给予各种工人以具体的领导，才能提高群众斗争的积极性，取得工人的信仰，团聚群众于我们的周围。在斗争方式上，要克服不发动群众、命令群众的错误。过去脱离群众，完全依靠政府的力量逮捕资本家，或者戴高帽子游行，纠正了这种错误以后，在去年年关斗争中，又到处采取了总同盟罢工的方式。这些总同盟罢工，同样是没有经过群众慎重地讨论，只是上级机关的命令。过去许多错误斗争方式的根源，是由于我们不了解每个工人的日常斗争必须依靠群众自己的力量，依靠群众的斗争积极性。在苏维埃政权之下，经济斗争中举行总同盟罢工，不但妨碍商品流通，妨碍红军的作战行动，而且会被资本家利用来反对工人的斗争，对苏维埃政权实行经济怠工。因此，这种总同盟罢工，不但是斗争方式上的错误，而且是政治上的极大错误。在斗争的战术上，必须分裂资本家的团结。因此，每个商店、作坊的工人斗争，应该依据本店的资本家的经济状况来进行。<br>— 陈云 · 《陈云文选·第一卷》 · p21	陈云 陈云文选第一卷 陈云与毛邓互动纠 命题
关于「陈云与毛邓互动·纠正」：和发展苏维埃政权的莫大的危险。纠正这两种错误倾向…？	和发展苏维埃政权的莫大的危险。纠正这两种错误倾向，正确地领导工人的经济斗争，在每个斗争中去教育工人，提高工人的阶级觉悟，发动工人参加苏维埃建设和革命战争，以巩固工农的联合和无产阶级在这一联合中的领导权，巩固和发展苏维埃政权，是我们目前的中心任务。２１陈云文选 第一卷<br>— 陈云 · 《陈云文选·第一卷》 · p22	陈云 陈云文选第一卷 陈云与毛邓互动纠 命题
关于「陈云与毛邓互动·纠正」：，汀州店铺只好从宁化等地远道买进…？	，汀州店铺只好从宁化等地远道买进，或者仅向上杭来的挑贩买货。在成本提高、营业减少的情形下，有些资本家借口封锁故意不进货。许多工人觉得，工资等等的要求，现在企业是不能担负了，按照企业现在的情形，即使工人不吃老板饭，不拿工资，给老板无代价的工作，老板仍要亏本。我还了解到，四、五、六这三个月是该业生意清淡的时期，加上上杭完全封锁的特殊情形，更增加了经营的困难。经过这个考察，使我对于企业情形和工人情绪有了大概的了解。二、以党的支部为中心去动员群众，加强支部对工人签订合同的领导，并通过群众工作巩固党的组织。我在京果业党的支部会议上，详细地说明了“五一”代表大会关于纠正“左”倾的决议及新起草的劳动法草案〔３５〕的几个主要条文，并且详细地考察了每个党员对于“五一”代表大会决议和劳动法草案了解的程度，诚恳地要求他们把每个细小的怀疑都提出来讨论。经过两个半钟头的讨论，全体到会的４１陈云文选 第一卷<br>— 陈云 · 《陈云文选·第一卷》 · p24	陈云 陈云文选第一卷 陈云与毛邓互动纠 命题
关于「陈云与毛邓互动·纠正」：中广大的群众，使游击队成为群众的武装斗争以及一切斗争的领导者和组织者…？	中广大的群众，使游击队成为群众的武装斗争以及一切斗争的领导者和组织者。过去一些游击部队所以不能在游击区域开展群众性的游击战争，不能生根立脚，甚至找不到饭吃，归于失败，就是因为没有去发动群众，得不到群众的帮助。要纠正游击区域中的党组织和游击队脱离群众的错误，必须反对那种不相信群众力量，不相信我们可以领导群众起来与国民党、地主阶级作坚决斗争的倾向。发动群众起来斗争，要改变把中心苏区〔３０〕所用的发动群众的方法一成不变地拿到游击区域去运用的做法。必须善于去了解各种环境的不同，善于采取适合于当时当地环境的工作方法。要真正了解当地群众的迫切要求，提出为群众所能接受的口号，使群众起来为我们所提出的口号而斗争。这里可以用如下的具体例子来说明。在中心苏区，群众在敌人进攻面前的迫切要求是武装起来保卫苏区，所以我们号召群众“武装上前线”，号召群众节省粮食、借谷、捐助各种军用品，“一切<br>— 陈云 · 《陈云文选·第一卷》 · p42	陈云 陈云文选第一卷 陈云与毛邓互动纠 命题
关于「陈云与毛邓互动·纠正」：队，到游击战争的实际中去学习。党的支部应该成为领导群众斗争的核心…？	队，到游击战争的实际中去学习。党的支部应该成为领导群众斗争的核心。必须纠正过去那种组织“秘密支部”的错误。那种“秘密支部”是放弃了支部中其他好的党员，只找三四个老弱妇幼的党员来组织的支部，它的结果必然脱离群众，而且根本不会领导游击战争。我们必须教育党员到游击区域群众中去进行艰苦的不退却的工作，成为领导群众斗争的核心。只要我们深入群众，取得群众拥护，非但可以得到群众的掩护，而且能够去开展群众的革命斗争。在游击区域中，党组织要建立集中的领导。必须纠正过去工作团、县委与游击队相互之间没有联系，没有统一的集中领导的错误。这种错误会使游击队得不到地方党的配合，得不到群众的拥护而陷于孤军作战，以至失败。还必须纠正庞大的机关跟着游击队走，而<br>— 陈云 · 《陈云文选·第一卷》 · p44	陈云 陈云文选第一卷 陈云与毛邓互动纠 命题
关于「陈云与毛邓互动·不同意」：敌人佯攻吸引红军力量，而在其他战线上进行强攻…？	敌人佯攻吸引红军力量，而在其他战线上进行强攻，不仅使红军部队疲于奔跑，而受到不应有的损失，而且不合目前国内战争红军处于内线作战，必须·集·中·主·力——集中优势兵力去打击敌人的弱点——来各个击破敌人的分进合击的原则的。因为分兵抵御而不能集中主力，所以·许·多战役不能得到应有的胜利。就是温坊战斗以后，敌人的两个师迅速的增援——继续冒险前进——因为我们的其他军团没有集中，不曾取得继续的可能的胜利。这种错误的军事上的指挥，是经过了一个很长时期的。在这一时期中，党内军委内部不是没有争论的，毛张王〔９０〕曾经提出过许多意见，就是恩来〔９１〕同志也曾有些个别战役上的不同意见，但是没有胜利的克服这种错误。至于各军团——尤其是一、三军团的首长不知有多少次的建议和电报，以及每个战役的“战斗详报”，提出他们的作战意见，可惜完全没有被采纳。扩大会议指出军事上领导错误的是Ａ、博、周〔９２〕三同志，而Ａ、博两同志是要负主要责任的。扩大会议指出党内对于军事领导上错误的纠正，不是党内的分歧，相反的·更·加·团·结，·使·军·事·领·导·走·上·正·确·的·道·路，·使·党·与·军·委·的·威·信·更·加·提·高。一...<br>— 陈云 · 《陈云文选·第一卷》 · p52	陈云 陈云文选第一卷 陈云与毛邓互动不 命题
关于「陈云与毛邓互动·纠正」：斗以后，敌人的两个师迅速的增援——继续冒险前进——因为我们的其他军团没有集中…？	斗以后，敌人的两个师迅速的增援——继续冒险前进——因为我们的其他军团没有集中，不曾取得继续的可能的胜利。这种错误的军事上的指挥，是经过了一个很长时期的。在这一时期中，党内军委内部不是没有争论的，毛张王〔９０〕曾经提出过许多意见，就是恩来〔９１〕同志也曾有些个别战役上的不同意见，但是没有胜利的克服这种错误。至于各军团——尤其是一、三军团的首长不知有多少次的建议和电报，以及每个战役的“战斗详报”，提出他们的作战意见，可惜完全没有被采纳。扩大会议指出军事上领导错误的是Ａ、博、周〔９２〕三同志，而Ａ、博两同志是要负主要责任的。扩大会议指出党内对于军事领导上错误的纠正，不是党内的分歧，相反的·更·加·团·结，·使·军·事·领·导·走·上·正·确·的·道·路，·使·党·与·军·委·的·威·信·更·加·提·高。一切动摇、悲观、失望的分子，与前进的布尔什维克〔９３〕没有丝毫相同的地方。扩大会议指出反对军事领导上的单纯防御路线时，必须坚决的反对一切右倾机２４陈云文选 第一卷<br>— 陈云 · 《陈云文选·第一卷》 · p52	陈云 陈云文选第一卷 陈云与毛邓互动纠 命题
关于「陈云与毛邓互动·毛泽东同志」：会主义的倾向。（Ｄ）扩大会最后作了下列的决定：（一）毛泽东同志选为常委…？	会主义的倾向。（Ｄ）扩大会最后作了下列的决定：（一）毛泽东同志选为常委。（二）指定洛甫同志起草决议，委托常委审查后，发到支部中去讨论。（三）常委中再进行适当的分工。（四）取消三人团〔９４〕，仍由最高军事首长朱周〔９５〕为军事指挥者，而恩来同志是党内委托的对于指挥军事上下最后决心的负责者。扩大会中恩来同志及其他同志完全同意洛甫及毛王的提纲和意见，博古同志没有完全彻底的承认自己的错误〔９６〕，凯丰〔９７〕同志不同意毛张王的意见，Ａ同志完全坚决的不同意对于他的批评。扩大会完毕后中常委即分工，以泽东同志为恩来同志的军事指挥上的帮助者。并决定决议到支部讨论时，指出华夫同志的名字（华夫即Ａ名，常用此名在军委刊物《革命与战争》上<br>— 陈云 · 《陈云文选·第一卷》 · p53	陈云 陈云文选第一卷 陈云与毛邓互动毛 命题
关于「陈云与毛邓互动·毛泽东」：附录：随军西行见闻录B（一九三五年秋）我国共产势力…？	附录：随军西行见闻录B（一九三五年秋）我国共产势力，年来伸张极速。朱毛，徐向前〔９９〕，贺龙〔１００〕、萧克〔１０１〕等赤军，已成为中国的一强大力量。当赤军初起时，本系星星之火，迄今则成燎原之势。朱毛赤军原系民国十六年国共分裂时朱德率领之叶挺、贺龙残部及毛泽东率领之湘赣农民军会合而成，南京及各省军队征剿已历八九载，但朱毛实力，有增无减。年来蒋委员长亲身督剿，步步筑碉，满拟一鼓歼灭之，不料朱毛早见及此，于去年十月中突围西走，由湘粤边而入黔，逗留于黔川滇三省一个时期，最后竟冒险突过金沙江、大渡河（此两河均为长江上游，河宽水急）而入川，与川北徐向前会合。现在中国两大赤军会合，声势大振，且军事重心，４４陈云文选 第一卷B这是陈云同志为宣传中国工农红军长征，在莫斯科写的一篇文章。为便于在国民党统治区流传，作者署名“廉臣”，并假托为一名被红军俘虏的国民党军医。本文最早于一九三六年三月在中国共产党主办的巴黎《全民月刊》上连<br>— 陈云 · 《陈云文选·第一卷》 · p54	陈云 陈云文选第一卷 陈云与毛邓互动毛 命题
关于「陈云与毛邓互动·毛泽东」：师于江西东黄陂〔７５〕之役，被俘于赤军…？	师于江西东黄陂〔７５〕之役，被俘于赤军。被俘之初，自思决无生还之望，但自被押解至赤区后方之瑞金后，因我系军医，押于赤军卫生部，赤军卫生部长贺诚亲自谈话。当时因赤军中军医甚少，他们要我在赤军医院服务，并称愿照五十九师之月薪，且每月还可寄回六十元安家费。我系被俘之身，何能自主，惟赤军尚有信用，除每月支薪外，即每月之安家费，亦曾得着家母回信按月收到。自此以后，我几次被遣至石城之赤军预备医院，时而调回瑞金之卫生部。赤军中最高人物如朱、毛、林〔６０〕、彭〔６１〕及共党中央局等赤区要人，亦曾屡为诊病。这些名闻全国的赤色要人，我初以为凶暴异常，岂知一见之后，大出意外。毛泽东似乎一介书生，常衣灰布学生装，暇时手执唐诗，极善词令。我为之诊病时，招待极谦。朱德则一望而知为武人，年将五十，身衣灰布军装，虽患疟疾，但仍力疾办公，状甚忙碌。我入室为之诊病时，仍在执笔批阅军报。见我到，方搁笔。人亦和气，且言谈间毫无傲慢。这两个赤军领袖人物，实与我未见时之想象，完全不同。去年十月中旬，南京军已占兴国，赤军即突围西行，我也被携同走。这次行军，真是我有生以来第一次，除在黔北之遵义府休息十余日，以及渡过金沙江后在会理县地...<br>— 陈云 · 《陈云文选·第一卷》 · p55	陈云 陈云文选第一卷 陈云与毛邓互动毛 命题
关于「陈云与毛邓互动·毛泽东」：物，即为“烤火”。也真是“天无绝人之路”…？	物，即为“烤火”。也真是“天无绝人之路”，在这个贫穷的地域中，煤炭却到处可得。上海卖三十余元一吨之无烟煤，那里只要一吊钱，而且一元大洋要兑二十余吊。当我等行经剑河县附近之某村落时，见路边有一老妇与一童子，身穿单衣，倒于路边，气息尚存。询之，始知为当地农家妇，秋收之后，所收获之谷米，尽交绅粮（地租），自己则终日乞食，因今日气候骤寒，且晨起即未得食，故倒卧路旁。正询问间，赤军领袖毛泽东至，告以老妇所言。当时毛即时从身上脱下毛线衣一件及行李中取出布被单一条，授于老妇，并命人给以白米一斗。老妇则连连道谢含笑而去。贵州东部各县之苗家甚多。过去我见《东方杂志》或其他游记上所载苗家之照片及村落，此次则亲睹苗家而且住于苗家。苗民自称苗家，称汉人为汉家。汉人向来欺侮苗家，故苗汉之间时相械斗。此处苗家身穿汉服，女装如清末民初之阔边长衣大袖之服装。苗语则与汉语全不相同。惟一般苗民皆能汉语。苗家好武，常身携利刃。在黔东之苗家已与汉人相处甚久，除城市外四处都住苗家，间有汉人同住者。苗家之房屋系用木板制成，上覆草或松树皮，屋之周围用木编之篱绕一圈。苗家食物为<br>— 陈云 · 《陈云文选·第一卷》 · p66	陈云 陈云文选第一卷 陈云与毛邓互动毛 命题
关于「陈云与毛邓互动·毛主席」：之命运则均至末路矣。薛岳用彼等以当赤军之锋…？	之命运则均至末路矣。薛岳用彼等以当赤军之锋，借赤军之力以除其实力，结果王家烈、侯之担实力一完，不是枪毙，就是下野。南京军此种办法，莫怪各省当局均有飞鸟尽良弓藏之叹，大有畏南京军甚于畏赤军之慨。因赤军只在乡僻之区，而南京军名正言顺，则可以取其地盘，驱之以御赤军，而使其实力丧失也。惟此种情形，亦是俗语所云：“斧头吃凿子，凿子吃木头。”薛岳之被命为追剿部队，亦非薛岳所愿也。赤军收获之三：莫大于收获人心。因赤军在黔东之纪律较侯之担部好得多，此事已风传黔省。因此遵义城之商民非但不逃，而且孤儿习艺所、学校学生及商民贫民等成群结队，悬旗欢迎赤军，旗上高书欢迎苏维埃政府毛主席、欢迎红军总司令朱德。朱毛两赤军首领竟在欢迎声与爆竹声中进入遵义城，在城门口空场上与欢迎代表一一握手后，即略略与欢迎之民众讲一些话，并表示感谢欢迎，赤军愿为黔民解除痛苦。赤军于第三天在第三中学操场开民众大会，朱毛亲自出席，工农、学生、商民被宣传而执旗参加大会者将万人。朱德大讲其赤军之三大纪律八项注意，并说赤军愿意联合国内各界人民、各方军队一致抗日。毛泽东则大讲其苏维埃政权不收苛捐杂税、全民选举及主张抗日等等。赤军这种宣传，影响黔省...<br>— 陈云 · 《陈云文选·第一卷》 · p70	陈云 陈云文选第一卷 陈云与毛邓互动毛 命题
关于「陈云与毛邓互动·毛泽东」：非薛岳所愿也。赤军收获之三：莫大于收获人心…？	非薛岳所愿也。赤军收获之三：莫大于收获人心。因赤军在黔东之纪律较侯之担部好得多，此事已风传黔省。因此遵义城之商民非但不逃，而且孤儿习艺所、学校学生及商民贫民等成群结队，悬旗欢迎赤军，旗上高书欢迎苏维埃政府毛主席、欢迎红军总司令朱德。朱毛两赤军首领竟在欢迎声与爆竹声中进入遵义城，在城门口空场上与欢迎代表一一握手后，即略略与欢迎之民众讲一些话，并表示感谢欢迎，赤军愿为黔民解除痛苦。赤军于第三天在第三中学操场开民众大会，朱毛亲自出席，工农、学生、商民被宣传而执旗参加大会者将万人。朱德大讲其赤军之三大纪律八项注意，并说赤军愿意联合国内各界人民、各方军队一致抗日。毛泽东则大讲其苏维埃政权不收苛捐杂税、全民选举及主张抗日等等。赤军这种宣传，影响黔省人心极大。赤军在这个大会上成立革命委员会，并真有几十个学生、工农、商民当选并演讲，且内有教育界分子。革命委员会成立后，不几日就成立了几百人的抗捐队，自动去清查贪官污吏，没收其财产，当场鸣锣聚众０６陈云文选 第一卷<br>— 陈云 · 《陈云文选·第一卷》 · p70	陈云 陈云文选第一卷 陈云与毛邓互动毛 命题
关于「陈云与毛邓互动·毛泽东」：。桐梓县为黔北入川的门户，县城不大…？	。桐梓县为黔北入川的门户，县城不大，自南至北只一里余，但有一特点，足使我永远不忘者，桐梓城为贵州历年来该省军政领袖之家乡，故有美丽堂皇之洋楼数十座。这些洋房，都属贵州历年来之军政要人的。而在洋房之旁则有无数鄙陋之草屋。军政要人之门前有汽车，可以来往于遵义及川边，而贫民则背负背斗（云贵川几省运夫及小贩，不用肩挑而用背斗），终年辛劳而不得饱。贫富之分，宛然如画。自桐梓经良村至赤水县之土城，均系大路，地势均向上，间有几段筑有汽车路基。但此种汽车路，确为中国最难行之汽车路。我经过时，正值下雪，故路上湿而且滑，行路之难莫甚于此。当我上桐梓西门外之高山时，见赤军领袖毛泽东正手提竹杖步行上山，两脚污泥及膝，且满身沾泥，恐系路滑跌于污泥中所致。赤军由土城、太平渡两镇架浮桥渡过赤水河，向古蔺以南前进，此即由贵州而入四川省矣。以后经川黔边沿赤水河上游西走，经过许多小路，为赤军西行以来湘黔两省从未经过之小路，尤以两河隘为最险要。由两河隘进威信县为三十里，两边削壁中有水沟，一边山崖上凿一人行道而通过，只要道路破坏五尺，军队即无法通过。历尽无数困难，而到达云南之威信县（旧名扎西，在滇黔边）。部队达到威信之时，正...<br>— 陈云 · 《陈云文选·第一卷》 · p73	陈云 陈云文选第一卷 陈云与毛邓互动毛 命题
关于「陈云与毛邓互动·毛泽东」：动。汉回苗民之加入红军者五六千人…？	动。汉回苗民之加入红军者五六千人，震动全滇。滇民盛传赤军有一苗民籍之罗军长要回滇驱逐龙云。罗之声名，亦以大振。但赤军虽反对龙云彝家压迫汉回苗民，同时却对一般彝民，则以民族平等、反对大汉民族主义等等进行宣传。赤军原定计划本拟由威信继续西进，渡过牛栏江而入川，但在威信休息一天之后，忽然又向东回，恐系当时局势不能过江，故不冒险。但赤军之忽然折回黔北，确出川黔军队意料之外。川军本在北面与赤军并行向西追击，以便迅速驰赴江边扼阻。而赤军之忽然由威信折回赤水河东，待川军发觉而折回时，赤军已渡赤水河而占桐梓、娄山关。赤军此种狡猾机动之作战方法，常以出奇制胜，此均为朱德、毛泽东之特长。故在赤军中，毛泽东有诸葛亮之称。赤军重回黔北之桐梓、遵义，曾打一大胜仗，此为赤军自江西突围以来有数之胜仗。此仗似出赤军极有计划之行动。当赤军占领桐梓之日，即整备野战医院，我被贺诚派往野战医院收容伤兵。当日下午赤军在娄山关即与由遵义向娄山关攻击前进之王家烈部两师人接触。王部几次仰攻娄山关，均为赤军４６陈云文选 第一卷<br>— 陈云 · 《陈云文选·第一卷》 · p74	陈云 陈云文选第一卷 陈云与毛邓互动毛 命题
关于「陈云与毛邓互动·毛泽东」：非但如此，而且常常没收军阀、官僚、劣绅的财物…？	非但如此，而且常常没收军阀、官僚、劣绅的财物，散给居民。民众感觉赤军对他们有实际利益，所以趋之若狂。第三个原因，赤军经过许多困难，终于克服了困难。赤军所处环境之困难，远非南京军可比。欲问赤军何以能克服困难？我以为赤军中确有一些领袖，这些领袖，非但聪敏，且有才能。譬如朱德、毛泽东为赤军之首创者，在各省军队及南京军之不断围攻与物质条件如此困难情形之下，对战七八年，竟以少数赤军而组成现在几十万赤军，这确非易事。我觉得朱毛非但是人才，而且为不可多得之天才。因为没有如此才干者，不能做成这样大的事业。此外，如周恩来、张国焘〔１４３〕、林祖涵等远在国共合作时，已是当时国内政治上之要人。周恩来为黄埔军官学校的政治部主任，国内各方军队之黄埔学生很多与周熟悉者。周恩来之勇敢、毅力之办事精神，黄埔学生对之仍有好感。赤军中之上级军官如彭德怀、刘伯承〔６４〕、林彪、徐向前、董振堂〔１４４〕、周昆〔１４５〕、罗炳辉、陈毅〔１４６〕等，大部均系国共合作北伐<br>— 陈云 · 《陈云文选·第一卷》 · p98	陈云 陈云文选第一卷 陈云与毛邓互动毛 命题
关于「陈云与毛邓互动·纠正」：运动的经验与群众的要求，可以大大地发展抗捐军的组织…？	运动的经验与群众的要求，可以大大地发展抗捐军的组织。在组织抗捐军时，必须纠正在冕宁的关门主义错误（一千余人的大会，四五百群众要求报名加入抗捐军，而正副队长拒绝登记老的、少的、不能脱离生产的分子，结果只登记了五十余人）。是的，抗捐军应该是群众的武装组织，而且要使它真正成为能够作战的群众武装，但是它不能脱离群众运动而去招兵买马组织队伍。只有把抗捐军的组织扩大成为群众运动，才能在运动中锻炼出更勇敢更觉悟的、能够脱离生产的分子来组织作战的队伍。必须注意到，组织抗捐军也是组织群众的方式之一。要使我们的游击队完成赤化群众、创造苏区的任务，要使它这样去组织群众与灵活运用策略，同时要估计到游击队常常可能得不到上级按时的领导，而必须能够在各种顺利<br>— 陈云 · 《陈云文选·第一卷》 · p105	陈云 陈云文选第一卷 陈云与毛邓互动纠 命题
关于「陈云与毛邓互动·毛主席」：他提起来，再后又打下去。这种一上一下打桩式的用人是不对的…？	他提起来，再后又打下去。这种一上一下打桩式的用人是不对的。造房子打桩愈多愈好，如果对干部也这样来几次，我说顶多只要三次，这个干部就算断送完了，因为他的自信力早已失掉，再也不敢做工作了。过去我们在江西苏区〔３０〕工作的时候，有一个毛泽覃〔１６１〕同志，是毛主席的弟弟，人家说他犯了一个错误，要不得，便认为这个人不能用。后来扩大红军需要人工作，于是派他到一个区域去，结果不但完成了任务，并且还大大地超过，成绩非常好。他回来的时候，许多人又把他抬高起来，调他到闽赣边界的游击区去工作。隔了几个月，因为他说了几句似乎有些近于右倾机会主义的话，正在这个时候，恰巧又派他去扩大红军，没有取得很好的成绩，于是又都说他不能用了。大家都不要这个人，送到这里拒绝，送到那里拒绝。一个这样的同志，竟会到处无人要，连饭都几乎吃不成了。后来红军退出江西的时候，他在战斗中勇敢地牺牲了，为着革命流了最后的一滴血。所以，我们看人不要只看一时，只看一<br>— 陈云 · 《陈云文选·第一卷》 · p122	陈云 陈云文选第一卷 陈云与毛邓互动毛 命题
关于「陈云与毛邓互动·不同意」：工作，军队工作，或者党的工作，要使每一个人都很负责…？	工作，军队工作，或者党的工作，要使每一个人都很负责，都很积极努力，都很高兴，就一定会把工作做得很好。就怕在你领导下面，常常发生这样那样的问题，如不安心，请求调动工作，等等。一个同志如果工作合适，能发挥所长，是绝对不会请求调动工作的。他要求调动，说明他已经不能安心工作。如果常常出现这种情况，根本的原因就是领导得不好。那末，要怎样领导才能使干部高兴地安心地工作呢？只有一条，就是上级要信任下级，下级也信任上级，上下互相信任。对领导人来说，一定要做到让下级敢于说话，敢于做事。有许多下级干部，把意见放在心里不讲出来，表面上看起来好像很服从，开会的时候你问他：“同意不同意呀？”他说：“同意呵！”“同意的举手呀！”他举手。然而，实际上问题并没有解决。所以一定要使下级敢说话，同时还要使下级敢做事，就是做错了也不要紧。如４１１陈云文选 第一卷<br>— 陈云 · 《陈云文选·第一卷》 · p124	陈云 陈云文选第一卷 陈云与毛邓互动不 命题
关于「陈云与毛邓互动·纠正」：念品，所以他心里很不好过。一个同志见了他那种样子…？	念品，所以他心里很不好过。一个同志见了他那种样子，问他什么缘故，他就说因为一把刀子丢了，于是这个同志就批评他“没有牺牲精神”，说是一个革命者连性命都要敢于牺牲，难道一把小刀还不能牺牲？这个道理好像很对，实际上，这种批评用在这件小事上未免太冤枉了人家。爱护一件纪念品，并不是不应该的事，怎么能因此断定这个人对革命没有牺牲精神呢？所以这也是一个大帽子。戴大帽子的原因，常常是因为把每个错误夸大，不适当地提到原则的高度。我们不应该机械地去看事情，一定要分出是不是错误，错误的大小轻重，不要随便乱给别人戴大帽子。第三，当你去批评人家错误的时候，要指出人家错误的根源以及纠正错误的方法。批评的目的并不是出气，主要是在于６１１陈云文选 第一卷<br>— 陈云 · 《陈云文选·第一卷》 · p126	陈云 陈云文选第一卷 陈云与毛邓互动纠 命题
关于「陈云与毛邓互动·纠正」：真正帮助人家纠正错误。一般地说，批评的人有两种态度：第一种是声势汹汹地指责人家…？	真正帮助人家纠正错误。一般地说，批评的人有两种态度：第一种是声势汹汹地指责人家；第二种是和颜悦色地说服人家，善意指出犯错误的原因和纠正错误的办法。只有后一种态度，才能使被批评者心服意满，问题才能够真正解决。上级领导人对下级的批评，务必要适当和正确，千万不要戴大帽子，因为上级领导人批评下级，与同级的同志互相批评所发生的影响不一样。为什么呢？因为同级的人，他们认为大家都差不多，即使你批评他过火一点，或不大正确，还没有什么要紧，他也不会十分在意；如果是上级给他的批评，那就不同了。因为下级对上级所说的话，都是很认真的，所以不能随便地任意地批评。假如批评得过火或不正确，那要花费很<br>— 陈云 · 《陈云文选·第一卷》 · p127	陈云 陈云文选第一卷 陈云与毛邓互动纠 命题
关于「陈云与毛邓互动·纠正」：这个问题，不是很值得吗？有的同志常常怕连累自己…？	这个问题，不是很值得吗？有的同志常常怕连累自己，不敢正确地替别的同志做证明人，所以领导人遇到这类政治历史问题，更要慎重办理，否则有些人的问题永远不能解决，使被嫌疑的同志冤沉大海，这实际上是损害党的事业。这一点，无论是领导党的工作，领导军队，都要十分注意。同志们！做父母的爱护他们的子女是非常周到的，但是共产党爱护党员也并不下于父母爱护子女。任何一个人犯了错误，都应该帮助他纠正。如果他犯过的错误非常严重，甚至是很大的罪过，怎么办呢？这时候就要看他过去有没有功，如果有功，就要把他功过比较一下，再作处理。如果一个人从前犯了错误，现在还在犯错误，这样的人，经过批评，只要赶快觉悟，下一个决心，回头是岸，将来能够转变得好，也还可以将功赎罪的。我们共产党是讲公道的。犯了错误只要自己觉悟，只要能够切实改正，在革命队伍里就应该允许人家继续革命。今天犯了错误，以前的功劳可以拿来相抵；若是今天有错，以前也有错，可以将来赎罪。我们共产党要尽最大努力把有错误的人挽教回来，因为这样做对于革命有利。四、对于干部不要“抬轿子”，只说他的好处。如果对于下面干<br>— 陈云 · 《陈云文选·第一卷》 · p131	陈云 陈云文选第一卷 陈云与毛邓互动纠 命题
关于「陈云与毛邓互动·毛泽东同志」：我们的武器，才是我们的力量。要保障我们的党能有组织和统一…？	我们的武器，才是我们的力量。要保障我们的党能有组织和统一，这就需要有严格的纪律。列宁在十月革命胜利以后说过：“无产阶级的无条件的集中制和极严格的纪律，是战胜资产阶级的基本条件之一”〔１７４〕。中国革命是长期艰苦的事业，共产党及其党员没有意志行动的统一，没有百折不回的坚持性和铁的纪律，就不能胜利。中国是一个小资产阶级成分占优势的国家，如果中国共产党没有严格的纪律，将无法防止小资产阶级意识侵入党内。如果党不是有铁的纪律的队伍，就不能去团结最大多数的人民群众。因此破坏党纪，实质上就是破坏革命，我们必须与任何破坏纪律的倾向作斗争。今天党内加强纪律的教育特别重要。毛泽东同志在党的六届六中全会〔１７５〕的报告中，论党的纪律及个人服从组织、少数服从多数、下级服从上级、全党服从中央的四个基本原则时，说：“经验证明：有些破坏纪律的人，是由于他们不懂得什么是党的纪律；有些明知故犯的人，例如张国焘，则利用许多党员的无知以售其奸。因此，必须对党员进行有关党的纪律的教育，既使一般党员能遵守纪律，又使一般党员能监督党的领袖人物也一起遵守纪律，避免再发生张国焘事件。”〔１７６〕我们党内今天有大批的新党员，他们还没有...<br>— 陈云 · 《陈云文选·第一卷》 · p137	陈云 陈云文选第一卷 陈云与毛邓互动毛 命题
关于「陈云与毛邓互动·纠正」：支部征收党员必须严格遵守个别征收的原则…？	支部征收党员必须严格遵守个别征收的原则，防止和纠正只要报名、不经审查即吸收入党的办法，防止和纠正“小集团”整批入党而不作个别审查的办法。即使在群众斗争中有一批积极分子具备入党的条件，在吸收他们入党时，也必须逐个进行审查、通过、批准。支部必须教育党员了解党章上所规定的征收新党员的手续和办法，要他们详细去了解准备吸收入党的对象，包括什么样的社会地位，为人如何，在群众运动中特别在紧要关头的表现，判断其是否具备入党的条件。总之，既要保证支部能大量地征收党员，而又不让一个坏分子混入党内。支部必须要求党员按照党章规定缴纳党费，不能以为这是可有可无的小事。共产党员按月或定期缴纳党费，是应尽的义务。这与服从党纲、党章、<br>— 陈云 · 《陈云文选·第一卷》 · p161	陈云 陈云文选第一卷 陈云与毛邓互动纠 命题
关于「陈云与毛邓互动·毛泽东同志」：部，尤其是区委和支部，一定要把完成动员计划问题与解决群众切身问题联系起来…？	部，尤其是区委和支部，一定要把完成动员计划问题与解决群众切身问题联系起来。只有对群众切身问题有了很好的解决，才能把动员计划造起一种热烈的群众运动，为广大群众所拥护，并且高兴地去完成。至于解决群众切身问题的办法，这不应该而且不可能有固定的方案，必须看当时当地的情况。但是，有一点是确定不移，到处适用的，这就是：解决群众切身问题的办法，必须在群众中去讨论，到群众中去找寻。因为只有群众才真正了解他们自己的问题，只有在群众中才能讨论出在当时当地解决问题最适当的办法。我们的地方党部，我们的区委和党支部，只有收集了群众的意见，才能作出很好的决定，否则是不可能的。这就是毛泽东同志常讲的那句话：共产党员“每天都是民众的教师，但又每天都是民众的学生。”〔２０１〕共产党员要领导群众，就必须首先向群众学习。“三个臭皮匠，凑成个诸葛亮。”离开群众，世上是没有什么诸葛亮的。９６１开展群众工作是目前地方工作的中心<br>— 陈云 · 《陈云文选·第一卷》 · p179	陈云 陈云文选第一卷 陈云与毛邓互动毛 命题
关于「陈云与毛邓互动·毛主席」：很多的东西，如果不识字，没有相当的文化程度…？	很多的东西，如果不识字，没有相当的文化程度，要学懂马克思主义是不可能的。许多不识字的同志都是好同志，但有时了解问题眼光不远大。不识字不能看报，许多地方发生的事变不了解，许多东西不懂得。没有文化，政治水平很难提高，不能看得远，只看到目前，只看到陕北。这不行，要看到全中国，看到全世界。许多同志以为自己年纪大了，不能学习，实际上是可以学习的，没有一个人从娘肚里出来便是知识分子。一些同志以为学习便要进党校〔１６６〕、马列学院〔１７１〕。能够进党校和马列学院学习当然很好，但不能大家都去。因为学校没有那样大，不可能住很多人；同时工作还要有人去做。问题怎样解决呢？就是毛主席说的进“长期大学”，就是要坚持自学，你现在二十几岁，活到六十几岁还有四十年，学成之后是头号的“博士”。只要功夫深，铁杵磨成针。我们的特委、县委、区委的领导同志，要有计划地看书，要好好地学，长期地有恒心地去学，像党中央的干部一样。这件事，对领导干部是重要的。自己的知识不增加，不提高政治、文化水平，要想工作有进步是很难的。从什么时候学起呢？从一九四○年一月一日起吧？不行。要想到便做，从现在就学起。负责的人要带头学，你这样做了，别人也会...<br>— 陈云 · 《陈云文选·第一卷》 · p188	陈云 陈云文选第一卷 陈云与毛邓互动毛 命题
关于「陈云与毛邓互动·毛主席」：学习是共产党员的责任B（一九三九年十二月）在党的六中全会〔１７５〕上…？	学习是共产党员的责任B（一九三九年十二月）在党的六中全会〔１７５〕上，中央和毛主席提出，把学习作为党员干部尤其是高级干部的一项任务。大家都接受了这个任务。一年多来，虽然进度不同，但大体上都在学习。交换一下学习的经验，对于今后的学习是有帮助的。我觉得对于学习的意义认识得够不够，是决定我们能否下决心学习的关键。我们过去对于学习的意义了解得不够切实。比如大家读过列宁那句话，“没有革命的理论，就不会有革命的运动”〔２１１〕，以为懂得了学习理论的重要。但是，读了《联共（布）党史简明教程》，尤其读了那篇结束语以后，实在使人感觉到列宁那句话又有新的意义，认识比过去切实得多了。在实际上，我们过去还不曾把学习理论作为党员对党应尽的责任。即使在六中全会以<br>— 陈云 · 《陈云文选·第一卷》 · p197	陈云 陈云文选第一卷 陈云与毛邓互动毛 命题
关于「陈云与毛邓互动·毛泽东同志」：的、相当大而又联成一片的地区，敌人不能随便进来…？	的、相当大而又联成一片的地区，敌人不能随便进来，像晋察冀、晋东南、晋西北等。第二种是敌占区，就是敌人武力占领的据点及其附近。第三种是游击区，是敌来我往的区域。这种区域的面积最大。上述三种地区都不是固定的，是可以变化而且时常变化的。某些敌伪占领的城乡据点被我收复并开展了工作，游击区就变为根据地了，原有根据地就扩大了。如果根据地中的某一块被敌伪占领了，这个根据地就缩小了一块，而敌占区或游击区就扩大了一块。过去和现在是这样的变化着，一定时期的将来也还会是这样。应该看到，根据地暂时缩小和游击区及敌占区暂时扩大的可能性是存在１９１B这是陈云同志在延安写的一篇文稿，毛泽东同志作过修改。<br>— 陈云 · 《陈云文选·第一卷》 · p201	陈云 陈云文选第一卷 陈云与毛邓互动毛 命题
关于「陈云与毛邓互动·纠正」：方党的军事干部，也可以从这个尖锐的、复杂的、广大的斗争中训练出来…？	方党的军事干部，也可以从这个尖锐的、复杂的、广大的斗争中训练出来。第三，游击小组是正规军和游击队的有力助手。正规军是在根据地内作战也间常去游击区作战的，游击队是以根据地和游击区的交界地区为依据经常向游击区作战的，游击小组是在两区交界和整个游击区内生存而为正规军和游击队的助手。游击小组是自卫军的核心，没有自卫军也可单有游击小组。如果游击区内满布了游击小组，正规军和游击队就很好作战。游击小组不但是正规军和游击队的助手，又是扩大正规军和游击队的可靠基础。这样看来，加强游击小组的工作，就是不言而喻的了。怎样加强游击小组的工作呢？首先，要提高干部对游击小组的认识，纠正那种敷衍应付的态度，将建立游击小组当作发动群众开展抗日武装斗争的一项基础工作，认真做好。党的支部要成为游击小组的核心。３９１论游击区的一个重要斗争形式——游击小组<br>— 陈云 · 《陈云文选·第一卷》 · p203	陈云 陈云文选第一卷 陈云与毛邓互动纠 命题
关于「陈云与毛邓互动·不同意」：，叛党投敌者不在此限。即使党员个人（或下级组织）意见正确…？	，叛党投敌者不在此限。即使党员个人（或下级组织）意见正确，工作能力强，地位比较高，资格比较老，都不能作为不服从纪律的借口。四、纪律是自觉的，又是强制的。既知重要，就必须遵守，凡入党者都应有此自觉性。坚定的革命者视纪律为自由。纪律有强制性。不自觉遵守，必须强制执行。明知故犯者，要给以处分；情节严重而不愿改正者，应开除出党。为维护党的铁的纪律，每个党员、每个组织，都应该自觉自愿地接受其他党员和上下周围组织的监督，同时诚恳虚心地接受群众的监督。五、强调纪律并不妨碍党员、党组织应有的权利。党内有发表意见的自由。在决议作出以前，有争论的自由；在决议作出以后，有保留不同意见的自由（但行动上必须服从）。每个党员、党组织都有权上诉，直至中央。纪律与自由，是矛盾的统一。无产阶级政党应该是一个最７９１严格遵守党的纪律<br>— 陈云 · 《陈云文选·第一卷》 · p207	陈云 陈云文选第一卷 陈云与毛邓互动不 命题
关于「陈云与毛邓互动·毛泽东同志」：关于干部工作的若干问题B（一九四○年十一月二十九日）干部的重要性斯大林同志在一九…？	关于干部工作的若干问题B（一九四○年十一月二十九日）干部的重要性斯大林同志在一九三五年曾经指出：“人才、干部是世界上所有宝贵的资本中最宝贵最有决定意义的资本。应该了解：在我们目前的条件下，‘干部决定一切’。”〔１５７〕毛泽东同志在一九三八年召开的党的六届六中全会〔１７５〕上的报告中也说过：“政治路线确定之后，干部就是决定的因素。”〔２１７〕这些话无疑是十分正确的，因为党的一切决议和政策，都要通过干部去实现。党的干部不同于一般党员，是党的骨干。干部在党的组织中占重要地位。党看重干部的作用，认为没有坚强的干部队伍，我们党的事业就不能发展，就不能取得革命胜利。因此，干部对于党的事业负有重大的责任，应该成为一般党员和群众的模范。１１２B这是陈云同志在延安写的一份讲话提纲。在整理本文时，参考了他当时所写的另外几份讲话提纲。<br>— 陈云 · 《陈云文选·第一卷》 · p221	陈云 陈云文选第一卷 陈云与毛邓互动毛 命题
关于「陈云与毛邓互动·纠正」：只提拔，不教育。以上缺点，必须纠正…？	只提拔，不教育。以上缺点，必须纠正。（三）提拔干部的方法：提拔干部是经常的有步骤的工作。要有准备，预先审慎考虑过的才提拔。切忌提而不当又放下去。能力大小和工作历史必须符合于位置，即工作称职。超过则跌，过降则升。不越级提拔，越级提拔一般证明有害无利。先从日常工作中认识之，证明能胜任较繁重的工作；尤须于斗争中考验之，证明政治坚定，主动得力，作风端正。从群众运动中发现和提拔。不怕没有人才。吸收一批优秀分子到领导机关来工作。使用干部（一）原则：按照才干，按照需要，同时兼顾。量才为主，应急也不可免。量才的原则是用其长，不是用其短。发挥长处是克服短处的最好办法。使用干部到当时当地最需要的环节上，而不<br>— 陈云 · 《陈云文选·第一卷》 · p225	陈云 陈云文选第一卷 陈云与毛邓互动纠 命题
关于「陈云与毛邓互动·纠正」：干部的过程。分配干部适当的工作，使其负责…？	干部的过程。分配干部适当的工作，使其负责，在工作中受到教育。在工作中发现干部有错误时，要及时教育之，纠正之，说服之，使之从错误中求得教训，并且提高到原则上来认识。同时，要鼓励他们吸取和正确地运用别人的经验。发展其长，克服其短。适当表扬优点，适当批评弱点。纠正干部问题上的错误倾向反对家长式的对待干部，同时反对放任干部的错误。赏罚要分明，批评和奖励要适当（包括时间、程度）。以党的原则立场来团结干部。反对私人拉拢，搞个人系统。互相捧场，拍马奉迎，是最可耻的，结果害党害己。反对当面客气，背后指摘，甚至打击报复。要正面、坦白、诚恳地对待同志。反对轻视干部政治生命、随便摆布干部的倾向。要真正爱护干部的政治生命，鼓励干部在政治上的进步，克服倚老卖老或自甘落后的现象。同时<br>— 陈云 · 《陈云文选·第一卷》 · p227	陈云 陈云文选第一卷 陈云与毛邓互动纠 命题
关于「陈云与毛邓互动·纠正」：党员要积极参加经济和技术工作B（一九四一年五月一日）（一）向全党解释…？	党员要积极参加经济和技术工作B（一九四一年五月一日）（一）向全党解释，各种经济工作和技术工作是革命工作中不可缺少的部分，是具体的革命工作。应纠正某些党的组织和党员对革命工作抽象的狭隘的了解，以至轻视经济工作和技术工作，认为这些工作没有严重政治意义的错误观点。（二）解释学习理论和参加实际工作都是每个共产党员不可或缺的责任。但在革命运动中，尤其领导着军队和政权的党，党员决不能离开各项实际工作去“专做”理论工作（虽然可以和应该有一小部人专门从事理论的研究），同时也决不能单单埋头实际工作而完全不学习理论。因此，借口学习理论而不愿参加实际工作，或仅仅埋头实际工作而不在工作中抽暇学习理论的倾向，都必须纠正。（三）每个党员必须无条件地服从党对于他的工作的分配。纠正某些党员不愿参加经济和技术工作，及分配工作时讨<br>— 陈云 · 《陈云文选·第一卷》 · p236	陈云 陈云文选第一卷 陈云与毛邓互动纠 命题
关于「陈云与毛邓互动·纠正」：可能少发或不发，一切党内联系尽可能利用公开合法的形式…？	可能少发或不发，一切党内联系尽可能利用公开合法的形式。不担任党内秘密工作者，必须将百分之九十以上的时间去进行社会的公开工作。党内担任秘密工作者，也必须把掩护秘密活动所必需的职业的社会活动，看成是工作的重要方面之一。党的公开活动愈加扩大，秘密工作的范围就会愈益缩小。只有这样，党的隐蔽和革命工作的扩大才有可能。在情况复杂而又必须独立工作的大后方，每个党员必须把自我教育看成重要的任务之一。五熟悉国民党，与国民党反共统制作斗争，并在国民党中争取革命力量，必须成为全党，尤其是大后方党的重大任务。为实现这个任务，必须纠正内战时期白区党只顾自己，完全忽视国民党内工作的错误。必须研究国民党的各方面，各级党委要变成“国民党通”。不仅国民党的党部，而且它的政权、军事、经济、民运、文化、教育等，各个方面的政策、机构、制度、人物，都在研究之列。对于这种研究，不能满足于一般的知识，而应深入其内部，并着重于本乡、本区、本县、本省国民党情况的研究。上级党委必须根据自己和下级党委研究的结果，综合自己工作范围内国民党的情况，并定出与国民党反共统制作斗争，在国民党内部争取革命力量的办法，熟悉并利用国民党的各种矛盾。８３２...<br>— 陈云 · 《陈云文选·第一卷》 · p248	陈云 陈云文选第一卷 陈云与毛邓互动纠 命题
关于「陈云与毛邓互动·纠正」：六党内工作是秘密的，党外活动必须是公开的…？	六党内工作是秘密的，党外活动必须是公开的，公开工作是革命工作的最大部分，合法活动是公开工作的唯一内容。依靠公开工作，不仅可以掩护党员面目，隐蔽党的力量，尤其重要的是，任何巨大革命运动的发动，没有公开的社会活动，要把群众发动起来是不可能的。公开工作是秘密党对阶级敌人采取隐蔽的活动方法之一。公开工作应该如何进行，首先决定于这种公开活动是否为统治阶级的法律及社会习惯所允许。内战时期用蛮干的方法来“争取公开”、“争取合法”，抗战初期和现在继续存在的“突击”作风，必须纠正。党在进行公开工作时，非但不能标新立异，引起国民党注意，而且在社会的旧有机关中活动，不要随便在旧形式中加进新内容。公开工作的范围，必须是多方面的，不仅在社会中下层，同时必须在社会上层。为了使公开工作适应社会情况，各级党委必须把研究社会情况作为党的重大任务之一。要通过实际机会和书刊材料去研究社会的一般方面和专门方面，研究社会各个阶级的各个方面，研究它们的历史和现状，了解它们的利害关系。同时每个党员，必须特别研究自己公开活动的专门的方面，成为党内的“社会通”、“专门家”。为使公开工作能够持久扩大，必须将一切公开工作与党内的秘密工作分...<br>— 陈云 · 《陈云文选·第一卷》 · p249	陈云 陈云文选第一卷 陈云与毛邓互动纠 命题
关于「陈云与毛邓互动·纠正」：分，在一定时间一定范围内与之合作…？	分，在一定时间一定范围内与之合作。只有这样，朋友愈多，工作愈能扩大。反对思想上的关门主义，力求与广大社会人士合作，这并不是说共产党员的思想可以降到一般的社会正义感，相反地，共产党员一方面必须坚持共产主义思想，同时又必须善于与各种进步思想合作。八要加强上层社会的活动。下层劳苦大众是党的革命活动的主要对象，但还必须在社会的上层分子中进行活动。愈是要坚持抗战，愈是国民党不进步，愈是统治阶级内部不统一，愈是共产党力量强大和政策正确，则上层活动愈加重要和可能。在一定条件之下，上层活动有决定意义，如果上层不动，则下层难动。上层的推动往往是下层工作开展的便利条件。必须纠正内战时期白区党惧怕上层活动，或自鸣清高而不进行上层活动的错误。上层活动是多方面的，不仅在文化教育部门，而且应该到军事、政府、党务、经济各种部门中活动。不仅在在野的士绅名流中活动，还要在当权的人士中活动。不仅在进步的分子中活动，还要在中间的和某些顽固分子中活动。上层活动愈是广泛，则愈能深入社会，愈能扩大革命阵地。上层活动的目的，是使党员巩固社会地位，组织上层社会中在不同程度上同情共产党的进步力量，以便广泛地开展革１４２改进大后方秘密党...<br>— 陈云 · 《陈云文选·第一卷》 · p251	陈云 陈云文选第一卷 陈云与毛邓互动纠 命题
关于「陈云与毛邓互动·纠正」：之，我们虽有团结非党干部的方针，但还没有具体明确的非党干部政策…？	之，我们虽有团结非党干部的方针，但还没有具体明确的非党干部政策。三、有人以为党与非党干部之间的不正常关系，主要是由于非党干部不顾环境，强调一面，一意孤行，任意批评等等所造成。这种意见基本上是不正确的。个别非党干部对环境了解不够，或存在着某些缺点，这是事实，也是难免的。不正常关系的主要责任在于党，而且，非党干部的某些缺点，或是由于我们的工作缺点所引起，或则需要我们帮助才能纠正。我们在这方面的缺点，主要在于：（一）不了解非党干部的重要。由于过去党处于秘密环境或被“围剿”环境，与社会接触的范围太狭小，得不到党外人士广泛的帮助，看不到和不了解非党干部的作用，形成了关门主义传统。（二）对非党干部政治上不信任，疑神疑鬼，任意“逻辑”。往往以为，不是党员即是可疑分子，要求入党者即是别有用意。认为只有自己的思想正确，而非党干部的意识、习惯都有问题。对非党干部不能量才使用，不依其经验、能力给以适当的位置。这样，就使非党干部政治上受着压抑不安，精神上受着冤屈痛苦，深感不能见容于共产党。（三）思想上组织上存在着宗派主义。表现在要求非党干部与我们<br>— 陈云 · 《陈云文选·第一卷》 · p255	陈云 陈云文选第一卷 陈云与毛邓互动纠 命题
关于「陈云与毛邓互动·纠正」：经验、能力和政治上都有了进步，这是正确的训练方法所获得的结果…？	经验、能力和政治上都有了进步，这是正确的训练方法所获得的结果。后来延安又有另外一种训练新干部的方法，就是把没有工作经验的新干部长期放在学校里“学习理论”，教的是一大堆马克思列宁主义的抽象原则，学的是教条，许多学生既没有学到理论，而一接触到实际问题，就目瞪口呆，手足无措。这是不正确的方法，错误的方法。本来这两种学生的政治文化水平是一样的，但因为训练方法的不同，学习方法的不同（工作中学习和学校内学习），而得到了不同的结果。参加了工作的学生，在经验、能力和政治上，已经超过了没有参加工作的学生。这两种训练方法所得的经验是宝贵的，现在对于错误的方法不应该重复而应该纠正。今后应该确定一条章程，没有或很少工作经验的干部，不是光在学校里长期学习，应该先到工作中去学习。没有工作经验的新干部只在学校中学习，要掌握理论是不可能的。真正的理论，只有在实际工作中才能逐渐深刻地领会，因为理论是实际的反映，归根到底是来自实际，而不是来自书本。这正像我们读书一样，某一本书自己确实已经读过几遍，但是，隔了几年，因为工作需要，再去读它一次，就好像是没有读过的新书，就觉得过去实在没有读懂。这个道理不是别的，就是实践与认识之...<br>— 陈云 · 《陈云文选·第一卷》 · p262	陈云 陈云文选第一卷 陈云与毛邓互动纠 命题
关于「陈云与毛邓互动·毛主席」：否认。但不学习前人的成果，就没有新的发明…？	否认。但不学习前人的成果，就没有新的发明。人们如果都不合作，都在个人小圈子里打转转，可能都成为蠢人、野蛮人，书也读不成了。现在个人主义旧思想是存在的，必须纠正。要采取科学态度，不要自以为是。有的医生不喜欢会诊，不希望别人治好自己治不好的病。有的人不愿别人说自己的短，而喜欢说别人的短。这是一种自以为是的态度。什么东西在作怪？面子、地位。请教别人，是否丢脸？并不丢脸。世界上的事物，不仅种类繁多，而且十分复杂。不认识或认错了，是不可避免的。当然，我们要力求不错。不论医生或做别的工作的，特别是政治家，对不认识和认不清的事物要持慎重态度，这不会丢脸，轻率才易丢脸。毛主席处理事情就十分慎重。犯了错误，研究教训，决不是丢脸；不研究，不吸取教训，才会丢脸，有时会大丢其脸。总之，老实人不丢脸，不老实，怕丢脸，越会丢脸。请教别人是否降低自己地位？地位靠做好工作，不靠搞形式，摆架子。搞形式，摆架子，统统靠不住。提高地位在于自己少犯或不犯错误，决不能靠压低别人来抬高自己。（三）前途远大。目前困难是有的，比如科学设备差，这是革命的专门家不可克服之困难。但是有前途的，因为革命有前途，革命成功了，科学设备可以取得。...<br>— 陈云 · 《陈云文选·第一卷》 · p270	陈云 陈云文选第一卷 陈云与毛邓互动毛 命题
关于「陈云与毛邓互动·纠正」：进了革命队伍，还带有旧的思想习惯…？	进了革命队伍，还带有旧的思想习惯。旧社会是个人主义，我们是集体主义。集体力量一定比个人力量大吗？回答是肯定的。世界上一切事业实质上都是合作办成的。干好革命就是大家商量出来的。难道能否认科学上个人的发明和创造，能否认个人的努力吗？不能否认。但不学习前人的成果，就没有新的发明。人们如果都不合作，都在个人小圈子里打转转，可能都成为蠢人、野蛮人，书也读不成了。现在个人主义旧思想是存在的，必须纠正。要采取科学态度，不要自以为是。有的医生不喜欢会诊，不希望别人治好自己治不好的病。有的人不愿别人说自己的短，而喜欢说别人的短。这是一种自以为是的态度。什么东西在作怪？面子、地位。请教别人，是否丢脸？并不丢脸。世界上的事物，不仅种类繁多，而且十分复杂。不认识或认错了，是不可避免的。当然，我们要力求不错。不论医生或做别的工作的，特别是政治家，对不认识和认不清的事物要持慎重态度，这不会丢脸，轻率才易丢脸。毛主席处理事情就十分慎重。犯了错误，研究教训，决不是丢脸；不研究，不吸取教训，才会丢脸，有时会大丢其脸。总之，老实人不丢脸，不老实，怕丢脸，越会丢脸。请教别人<br>— 陈云 · 《陈云文选·第一卷》 · p270	陈云 陈云文选第一卷 陈云与毛邓互动纠 命题
关于「陈云与毛邓互动·毛主席」：高文化是指哪些人呢？是指土地革命时期农民出身的老干部…？	高文化是指哪些人呢？是指土地革命时期农民出身的老干部，我们要努力提高他们的文化水平。学文化不仅是识字，还要学习各方面的知识，包括历史知识，自然科学知识，等等。我们过去十年进行的土地革命〔１５〕，是在山里、在乡下革命。参加革命的绝大多数是贫苦农民，他们起来革地主阶级的命。所以在我们党内、军队里面，干部也好，战士也好，绝大多数是农民出身。他们打仗很勇敢，但有一个很大的缺陷，就是不识字或识字很少。这不是他们的责任，而是社会制度不好，旧社会穷人不能进学校读书。现在陕甘宁边区的环境比较好，有条件让他们学文化。但也有一些同志不相信文化的作用，说打仗时老子一冲就行了。毛主席经常讲，打仗一冲就算了吗？不算！要有两冲：第一冲军事，第二冲政治。应该看到，我们的干部将来要担负的责任更重、任务更大，那时必须有文化，没有文化就办不好事。有些农民出身的老干部很愿意学习，但先学文化好呢，还是先学政治好？这个问题现在还没有很好解决。比方在党校的学生，叫他学文化，但他看到人家学《六大以来》〔２２９〕，他也要学《六大以来》，结果挤来挤去就把文化课挤掉了，而政治也不能学懂。所以，文化低的，要尽心尽力学文化。政治是重要的，我...<br>— 陈云 · 《陈云文选·第一卷》 · p275	陈云 陈云文选第一卷 陈云与毛邓互动毛 命题
关于「陈云与毛邓互动·毛主席」：到责任。但是，另一方面，老同志自己要努力…？	到责任。但是，另一方面，老同志自己要努力，如果不努力，只是党的帮助也解决不了问题。我们一定要想多种办法使这些同志的文化知识水平提高起来。三认真开展自我批评在这次高干会上，许多同志进行了自我批评。我和军队的同志接触不很多，了解的情况不很全面，但是我有一个感觉，这次高干会上军队同志的自我批评精神很好。自我批评有什么必要呢？毛主席那天讲斯大林论布尔什维克十二条，其中有一条就是讲自我批评的。世界上第一个领导社会主义革命成功的苏联共产党，在《联共（布）党史简明教程》结束语中，总结了几十年奋斗的历史，一共有六条经验，其中有一条也是自我批评。可见，自我批评是很重要的，我们不应该忽视它。我们要同一切反革命作斗争，同党内各种“左”的、右的错误倾向作斗争，在进行这些斗争中，我们还要同自己的错误作斗争，这就是自我批评。如果没有这一条，我们的党就搞不好。自我批评对于我们党来说是必不可少的。共产党是做事业的党，共产党员是做事业的人，做事就不可能没有错误。无论何人，哪怕他再高明，哪怕他很有本领，但还是<br>— 陈云 · 《陈云文选·第一卷》 · p278	陈云 陈云文选第一卷 陈云与毛邓互动毛 命题
关于「陈云与毛邓互动·纠正」：，我们不应该忽视它。我们要同一切反革命作斗争…？	，我们不应该忽视它。我们要同一切反革命作斗争，同党内各种“左”的、右的错误倾向作斗争，在进行这些斗争中，我们还要同自己的错误作斗争，这就是自我批评。如果没有这一条，我们的党就搞不好。自我批评对于我们党来说是必不可少的。共产党是做事业的党，共产党员是做事业的人，做事就不可能没有错误。无论何人，哪怕他再高明，哪怕他很有本领，但还是有犯错误的可能。我们要决定政策，就要研究情况，用脑筋去想问题，如果自己脑子里所想的是主观主义的，和实际情况不相符，那就会犯错误。既然错误是难以完全避免的，而我们的革命工作在错误之中又是不会成功的，那末，有了错误，发现了缺点，我们就要纠正。怎样纠正呢？就是要作自我批评。８６２陈云文选 第一卷<br>— 陈云 · 《陈云文选·第一卷》 · p278	陈云 陈云文选第一卷 陈云与毛邓互动纠 命题
关于「陈云与毛邓互动·毛主席」：天翻地覆的时候才讲，那就来不及了…？	天翻地覆的时候才讲，那就来不及了。第二，只注意组织上的问题，不注意思想上的问题。如果思想根子不挖一挖，是不能够去掉毛病的。第三，只注意下层，不注意上层。一般来说，下面有一种什么倾向都是小倾向，大的事情是闹不出来的。闹独立性也不见得是下面能闹起来的。反对错误倾向，最重要的，是在高级干部身上。只要上面的错误纠正了，下面的文章就好做了。我这样说，是不是对下面的小问题就不要管？那也不是。下面的小问题还是要批评，但是更应该注意上面的大问题。第四，过去我们只注意个别现象，不能够把某种突出的个别现象作为典型进行一般教育。中央的同志、尤其是毛主席就不同，他们很注意通过个别事例教育大家。以上这些毛病，实际上都是自由主义的表现。自由主义好不好？当然不好，因为它会助长错误。其结果，只能损害人，损害党。那末，怎样才能克服自由主义呢？第一，我们要像毛主席讲的那样，嗅觉要灵敏，要主动地发现问题。第二，共产党员看问题要尖锐一点，不能明哲保身。第三，在反对错误倾向时，态度一定要坚决，一次不行就几次。只要我们坚持下去，就能够逐步克服错误倾向。第四，要注意纪律。要有赏有罚，赏罚分明。目的是使犯错误的同志改正错误，使正确的...<br>— 陈云 · 《陈云文选·第一卷》 · p282	陈云 陈云文选第一卷 陈云与毛邓互动毛 命题
关于「陈云与毛邓互动·毛主席」：教育比较少，和工农兵的结合也很差…？	教育比较少，和工农兵的结合也很差，因此在思想意识上不免产生一些弱点。在这种意义上，我们要人家长期照顾，到处对人家讲，我有缺点，你们要照顾呀！这就并不漂亮了。这是我要说的关于不要特殊的第一层。这一层弄清楚了，接着就好解决两个问题。第一个问题是，要不要遵守纪律？这个问题在大多数党员是容易解决的；在文化工作的同志中，过去就曾有过一些麻烦。但是，如果我们的党员不是请客似的请来帮忙的，——这种客是请不得的，请来也会越帮越忙，——那末，就要毫无例外地实行我们的党章第四十四条：“严格的遵守党的纪律为所有党员及各级党部之最高责任。”可否不要纪律呢？如果不要也可以，那就是毛主席讲的六十字：“亡党亡国亡头”，就一定不可避免。我们的党是一个战斗的党，我们在斗争中依靠的武器，唯一的就是纪律。你说机关枪也是我们的武器，但是我们的机关枪又是哪里来的？是由有纪律的党领导群众斗争得来的。并且越是有了机关枪，就越要依靠纪律。一连人作战的时５７２关于党的文艺工作者的两个倾向问题<br>— 陈云 · 《陈云文选·第一卷》 · p285	陈云 陈云文选第一卷 陈云与毛邓互动毛 命题
关于「陈云与毛邓互动·毛主席」：志，这些人我们都承认有天才，但是他们都是遵守纪律的模范…？	志，这些人我们都承认有天才，但是他们都是遵守纪律的模范。所以，同志们对于这一条完全可以放心。同志们过去对于有纪律的生活既然不很习惯，现在又要到前方到乡下去工作，那末，在遵守纪律的问题上有什么是需要特别注意的呢？我以为要特别注意真心地遵守和具体地遵守。所谓真心地遵守，就是要心口一致，言行一致。口头上说要遵守纪律并不难，我们要求的是会场上这样说，散了会私下里也是这样说，不但这样说，而且这样做。所谓具体地遵守，就是要在各种具体的情形下面来遵守。我们说要服从真理，服从革命，赞成的人一定是很多的；说要服从无产阶级，服从共产党，赞成的人也不少；再说要服从党中央，服从毛主席，这也还比较容易；但是说要服从支部，服从直接的上级，这就发生了困难。为什么？因为这种人只能抽象地遵守纪律，不能具体地６７２陈云文选 第一卷<br>— 陈云 · 《陈云文选·第一卷》 · p286	陈云 陈云文选第一卷 陈云与毛邓互动毛 命题
关于「陈云与毛邓互动·毛泽东同志」：律，大家争论没有一个止境，我们怎么能有政治上组织上行动上的一致…？	律，大家争论没有一个止境，我们怎么能有政治上组织上行动上的一致，怎么能不亡党亡国亡头呢！纪律有没有束缚性？我们的纪律基本上是自觉执行的，但是假如有一回有一个党员偏不自觉，那怎么办？那就得来一点束缚。是不是这一下就把我们的天才束缚住了？我说不会。我们的纪律只束缚那些非无产阶级的妨害革命的东西，就像游泳术对于游泳的人只束缚他不要淹死一样。真正的游泳家在水里是自由的，真正的革命家，在有纪律的革命运动里，也是自由的。如果我们一定要革命，又一定要施展一些妨害革命的“天才”，那么对不起，就得束缚一些；如果不是这样，就决不会感到是束缚。马克思、恩格斯、列宁、斯大林以及毛泽东同志，这些人我们都承认有天才，但是他们都是遵守纪律的模范。所以，同志们对于这一条完全可以放心。同志们过去对于有纪律的生活既然不很习惯，现在又要到前方到乡下去工作，那末，在遵守纪律的问题上有什么是需要特别注意的呢？我以为要特别注意真心地遵守和具体地遵守。所谓真心地遵守，就是要心口一致，言行一致。口头上说要遵守纪律并不难，我们要求的是会场上这样说，散了会私下里也是这样说，不但这样说，而且这样做。所谓具体地遵守，就是要在各种具体的情形下...<br>— 陈云 · 《陈云文选·第一卷》 · p286	陈云 陈云文选第一卷 陈云与毛邓互动毛 命题
关于「陈云与毛邓互动·毛主席」：不同的议论。有的说，做文艺工作可以不学这两项…？	不同的议论。有的说，做文艺工作可以不学这两项。有的说，学了反而妨碍文艺。也有的并不发议论，就是不学。但是，我们的文艺工作，不是叫做革命的文艺工作吗？要判断我们的文艺工作究竟是不是革命的，合不合群众的需要，除了学习革命的理论和革命的实际，还有什么旁的办法？严格地说，任何文艺工作都是脱离不了政治的。比如怎么写光明写黑暗的问题，就是一个政治性质的问题，也是文艺上的一个重要问题。不把这一类问题搞通，我们写出来的作品怎么能反映一个时代，怎么能反映这个时代群众的斗争？所以，那种以为作家可以不学习政治的意见，实际上就是否认文艺要服务于政治、服务于群众的意见。这个道理，毛主席在去年文艺座谈会上曾经详细说过〔２３３〕，我现在不多重复。我只补充一点，就是学习政治不但于创作有好处，于作家为人也有好处。政治可以使我们放开眼界，放大胸襟，可以使我们去掉一些小气，少一些伤感。我们有些同志，一高兴就是灵感，一不高兴就是伤感，这叫做感情用事。这样，事情固然搞不好，自己也很吃亏。我们是于人类７７２关于党的文艺工作者的两个倾向问题<br>— 陈云 · 《陈云文选·第一卷》 · p287	陈云 陈云文选第一卷 陈云与毛邓互动毛 命题
关于「陈云与毛邓互动·纠正」：遵守纪律。具体地遵守纪律，就一定要服从支部…？	遵守纪律。具体地遵守纪律，就一定要服从支部，服从直接的上级，即使上级的人比你弱，你也一定要服从。做不到这一步，我们的党就要垮台，因为假如谁都是觉得自己的本领强，自己的意见对，没有一个约束，结果就谁都服从自己，不服从别人，而党的统一就完全没有可能了。第二个问题，做文化工作的同志要不要学习马克思列宁主义，学习实际的政治？这个问题对大多数党员是不成问题的。做社会科学工作的同志，在纠正了教条主义倾向以后，一般也不成问题。而做文艺工作的同志中间，就一直有些不同的议论。有的说，做文艺工作可以不学这两项。有的说，学了反而妨碍文艺。也有的并不发议论，就是不学。但是，我们的文艺工作，不是叫做革命的文艺工作吗？要判断我们的文艺工作究竟是不是革命的，合不合群众的需要，除了学习革命的理论和革命的实际，还有什么旁的办法？严格地说，任何文艺工作都是脱离不了政治的。比如怎么写光明写黑暗的问题，就是一个政治性质的问题，也是文艺上的一个重要问题。不把这一类问题搞通，我们写出来的作品怎么能反映一个时代，怎么能反映这个时代群众的斗争？所以，那种以为作家可以不学习政<br>— 陈云 · 《陈云文选·第一卷》 · p287	陈云 陈云文选第一卷 陈云与毛邓互动纠 命题
关于「陈云与毛邓互动·纠正」：是完全自由的，对外贸易基本上也是自由的（只有在封锁环境下…？	是完全自由的，对外贸易基本上也是自由的（只有在封锁环境下，为了保证食盐出口才实行统销）。边区政府领导下的贸易公司和盐业公司，是为了保护边区人民（特别是盐民和脚户）的利益，平定物价，调剂市场，购进必需品，抵制奢侈品，发展边区生产和贸易。这又和国民党当局的各种统销专买机关专为少数人发财，囤积居奇，抬高物价，摧残人民企业的做法，完全相反。组织合作社有着重要作用。边区人民通过合作社的方式，组织起来，发展生产、运输，开展内部贸易，兴办许多社会福利事业。合作政策是正确的，必须坚持下去。但今天我们的合作社中间，还有摊派股金、业务不精、人选不当、领导不强等缺点，必须加以纠正。边区政府对于一切有利于发展边区经济的事业，不论是公营、私营或合营，都予以帮助，而对合作社特别予以减税的优待。希望各阶层人民都积极地参加合作事业。由于以发展生产解决财政困难的办法的成效，由于农产品和工业品生产的增加，加上贸易、金融管理的改善，近年来边区的金融和物价，大体上是稳定的。如果生产有了更巨大的收获时，稳定的程度还要增加。为了积蓄力量，准备反攻，必须增加生产，厉行节约，减少４８２陈云文选 第一卷<br>— 陈云 · 《陈云文选·第一卷》 · p294	陈云 陈云文选第一卷 陈云与毛邓互动纠 命题
关于「陈云与毛邓互动·毛主席」：人民就欢迎，老百姓首先问你是不是八路…？	人民就欢迎，老百姓首先问你是不是八路。这是什么意思呢？因为老百姓拥护共产党。他是穷人，他想翻身，打土豪分田地，想“共”一点产，他赞成共产党。这不是个人力量，这是党的力量，党的影响。我们共产党有最低纲领和最高纲领。在内战后期，虽然路线错了，老百姓还是欢迎我们。我这样说不是为那时的错误辩护，而是讲事实。老百姓不说你是教条主义路线，他只看见你是共产主义者、共产党，打土豪分田地，为人民谋利益。这一切证明我们党的力量是伟大的。所以，头一条是人民，第二条是党，第三才是个人。个人有没有作用？如果我否定个人的作用，那也是错误的。如果说，个人完全没有作用，那我们现在还拥护毛主席干什么？我说个人有作用，有时还有很大的作用，这是有事实根据的。现在除了极少数反动分子以外，不管是中国人，还是外国人，都讲我们的毛主席领导得好。但无论怎样，根本的东西是老百姓，是共产党。如果承认上面的话是对的，那末，一个人做了一个时期的工作，还做得不错，是不是可以说，我的功劳蛮多？这样说法就不适当。应该这样看：在人民的革命要求之下，在党的领导之下，我们适合客观情况，做了工作，错误还不多，工作还马马虎虎。客观情况可以做到十分，你也做到...<br>— 陈云 · 《陈云文选·第一卷》 · p304	陈云 陈云文选第一卷 陈云与毛邓互动毛 命题
关于「陈云与毛邓互动·纠正」：该这样估计。我们的功劳是哪里来的…？	该这样估计。我们的功劳是哪里来的？头一件，老百姓要革命。我们是党员，在党的领导下，适合老百姓的要求，做了一点事，如此而已，一点不能骄傲。对于犯错误的看法，我觉得除了一个人的立场不正、心术不正以外，犯错误还有其他原因。因为他对客观的事物看错了，所以行动也错了，这是结果。这种情形多得很，过去多，现在多，将来还不知道有多少。人家说“老兄你错了”，是不是面孔就要红，就不高兴？有错误当然不好，但只要态度正确，也不要紧。假如你有错误，人家讲了，就请教请教，问一问人家怎样看法，纠正一番，以后可以少犯错误。我们要讲真理，不要讲面子。是什么就是什么，应该怎样就怎样。有的时候你愈要面子，将来就愈要丢脸。只有你不怕丢脸，撕破了面皮，诚心诚意地改正错误，那时候也许还有些面子。共产党员参加革命，丢了一切，准备牺牲性命于革命，还计较什么面子？把面子丢开，讲真理，怎样对于老百姓有利，怎样对于革命有利，就怎样办。我们肩头担负这样重的任务，如果强调讲面子，在讨论问题时，就会不客观，看问题就有个人的角度，有利于他，有利于他的面子，就赞成你的意见；对于他的面子不好看的，便不赞成。如果一切从自己面子的角度出发，讨论问题、看问...<br>— 陈云 · 《陈云文选·第一卷》 · p306	陈云 陈云文选第一卷 陈云与毛邓互动纠 命题
关于「陈云与毛邓互动·毛主席」：事，需要在大会上讲一讲。希望大会的代表审核一番…？	事，需要在大会上讲一讲。希望大会的代表审核一番，对不对，对的几分，错的几分，或者全对，或者全错，错了条条可以驳。如果这种情形确实存在，希望大家在这一方面有所改正。现在是一个时机，很重要的时机。毛主席的报告指出了，根据现在的世界大势、中国大势，我们是处在决战的前夜。我们有这样的志向，要解放全中国，使全中国的人民起来，把政权拿在手里。要做这件事，而且马上就要做，开七大就是为了实现这样的任务。现在全党的任务是要增加力量。增加力量的方法很多，有的是扩大解放区，有的是缩小沦陷区。对个人来说，要增加又要减少，增加就是要学习，减少就是要把“包袱”放下，放下“包袱”也是增加力量。这个力量的增加是不可估计的。如果我们的同志都把心摆得非常正，非常实事求是，毫无个人主义，可以抵得十万军队，一百万军队，这是无敌的力量。同志们，中国共产党是有军队的党。我们干革命，有地方工作<br>— 陈云 · 《陈云文选·第一卷》 · p307	陈云 陈云文选第一卷 陈云与毛邓互动毛 命题
关于「陈云与毛邓互动·纠正」：发动农民起来斗争，得要掌握武装，因为地主普遍有枪…？	发动农民起来斗争，得要掌握武装，因为地主普遍有枪。从经济斗争到武装斗争，再深入经济斗争，再进一步转入武装斗争。这样农民不仅敢同地主斗，也敢同国民党斗了。争取每个村建立人民武装，建立党组织。在六个月到八个月内，必须集中一切力量，把东北群众工作搞起来。现在是万事俱备，只欠东风。干部下乡。不分男女、新老及哪一级干部，都要下去。军队每个团都要抽三分之一指战员下乡。要当参谋，参群众之谋。城市、机关、学校工作都可放松一点，受些损失都可以。乡村工作的比重应占全部工作的百分之八十。三、目前的六项任务。（一）纠正干部中的混乱思想，建立长期战争观点。任何时候都不能抱和平的幻想。和平只能是力量较量的结果，是打出来的。美帝国主义的政策不是公平调处，而是以扶蒋反共为目的。马歇尔〔２８１〕的调处，实质上是主张能够今天消灭就今天消灭，否则，待蒋介石的力量养大了再干掉我们。魏德迈〔２８２〕则主张今天就消灭我们。总之，美国准备尽一切办法把中国变为它的殖民地。美国采取假仁假义的两面手法，我也需要准备两手，慎重对待之。不能寄希望于国际条件的变化。东北的斗争是很尖锐的，是长期战争的形势，是停停打打的长期战争局面，但停的局面不...<br>— 陈云 · 《陈云文选·第一卷》 · p326	陈云 陈云文选第一卷 陈云与毛邓互动纠 命题
关于「陈云与毛邓互动·调整」：做巩固工作，争取每个乡村都有我们的堡垒〔２８５〕…？	做巩固工作，争取每个乡村都有我们的堡垒〔２８５〕，避免大量发展又大量清洗。坚持积极发展、个别吸收的办法。（三）提出正确的斗争口号，发动群众为此而斗争。现阶段为和平民主而斗争，关键是实现经济、政治、军事民主。经济民主，解决农民经济生活问题；政治民主，解决农民的政治地位问题；军事民主，解决组织农民武装问题。目前东北是一个严重的尖锐的阶级斗争场所，和抗日战争时期不同，各个阶级的关系发生了变化，国民党和地主阶级是第一号敌人。（四）实行运动战和游击战相结合的作战方针。一般地不打阵地战。战争应作持久的准备。目前部队问题较多，正气不扬，邪气发展，有些干部腐化，应该很快调整。破坏一次群众纪７１３发动农民是建立东北根据地的关键<br>— 陈云 · 《陈云文选·第一卷》 · p327	陈云 陈云文选第一卷 陈云与毛邓互动调 命题
关于「陈云与毛邓互动·纠正」：和群众观念的问题。农村分地前，县、区武装不可靠者…？	和群众观念的问题。农村分地前，县、区武装不可靠者，由主力改编；分地后，成立新的武装。（五）解决干部思想问题。许多干部来时没有充分的精神准备，缺乏长期战争和下乡苦干的决心，向往大城市。部分干部暴露了享乐、腐化、闹地位、争待遇和厌战情绪，为人民服务的精神不够。要大家懂得，东北是新解放区，斗争艰苦，困难很多，群众未发动起来。需要大喝一声，大家要丢掉那些错误的东西。要准备出现最困难的情况。干部是可以说通的，使其了解形势和任务。要组织工作队，许多同志要下乡，应该到斗争中去上大课。做群众工作的干部，不论是中央委员还是区委委员，都是群众一级的干部，大官要做小事。（六）纠正工作中的盲目自流现象。党、政、军、民各项，都要有政策，有工作计划，随时检查，总结和交流经验。以上六项任务有一个中心，就是发动群众。四、东北的斗争是艰苦的，但前途是光明的。东北八个月的工作是有成绩的，开辟了这样一个新地区，牵制了二十一个美械师，使得关里解放区得以休整六个月，土地问题开始解决，关里解放区民兵发展至七百万人。坚持东北的斗争，对关里各根据地的斗争起了很大的帮助作用。国民党不会给群众好处的。只要我们把群众工作做好了，８１３陈云...<br>— 陈云 · 《陈云文选·第一卷》 · p328	陈云 陈云文选第一卷 陈云与毛邓互动纠 命题
关于「陈云与毛邓互动·毛主席」：怎样才能少犯错误B（一九四七年二月七日）我们可不可以少犯错误…？	怎样才能少犯错误B（一九四七年二月七日）我们可不可以少犯错误？这个问题提得好。拿我来说，我是中央委员，我犯了错误，影响就比较大。我们怎样才能少犯错误，或者不犯大的错误呢？在延安的时候，我曾以为自己过去犯错误是由于经验少。毛主席对我说，你不是经验少，是思想方法不对头。他要我学点哲学。过了一段时间，毛主席还是对我说犯错误是思想方法问题，他以张国焘〔１４３〕的经验并不少为例加以说明。第三次毛主席同我谈这个问题，他仍然说犯错误是思想方法问题。后来，我把毛主席从井冈山到延安写的著作都找来看，研究他处理问题的方法。同时再次考虑，错误到底是从哪里来的？我得出一条结论，是由于主观对客观事物认识上有偏差。凡是错误的结果都是由行动的错误造成的，而行动的错误是从认识的错误来的。认识支配行动，行动是认识的结果。比如，蒋介石为什么说三个月或者五个月就可以消灭我们呢？他的这种错误的判断，就在于他对我们的<br>— 陈云 · 《陈云文选·第一卷》 · p352	陈云 陈云文选第一卷 陈云与毛邓互动毛 命题
关于「陈云与毛邓互动·毛主席」：的抗日反蒋运动掀起了一个高潮，但还不是全国革命高潮的到来…？	的抗日反蒋运动掀起了一个高潮，但还不是全国革命高潮的到来。四中全会〔３４９〕的错误结论，临时中央作出的关于争取革命在一省与数省首先胜利的错误决议〔３５０〕，都对当时的形势作了错误的判断。我们不能说犯错误的同志对形势的判断是毫无根据的，但是他们夸大了客观事物的一个方面。所以，我们应该收集反对意见。对于正确的反对意见，可以补充我们对客观事物认识的不足。对于不正确的反对意见，我们要把它驳倒。愈是不正确的，就愈要把它驳得彻底。既然要批驳，就得找论据，这可以加深我们的认识。正确的意见往往就是由系统地驳倒不正确的意见而产生的。各种资产阶级的、假马列主义的错误思想，为毛主席的真马列主义的正确思想的产生提供了条件。毛主席的著作都是采取这个办法写的。如写《论持久战》，他先收集速胜论和亡国论的论据，经过分析、批驳，得出抗日战争只能是持久战这个正确的结论。在《中国革命战争的战略问题》一文中，毛主席首先批驳只要研究一般战争的规律，或者只要研究俄国革命战争的经验，或者只要抄用北伐战争的经验，就可以解决中国革命战争战略问题的错误意见，然后提出必须研究中国革命战争尤其是十年土地革命战争的特点、规律和战略战４４３陈云...<br>— 陈云 · 《陈云文选·第一卷》 · p354	陈云 陈云文选第一卷 陈云与毛邓互动毛 命题
关于「陈云与毛邓互动·毛主席」：术的正确主张。毛主席《在延安文艺座谈会上的讲话》中…？	术的正确主张。毛主席《在延安文艺座谈会上的讲话》中，也是先批驳文艺是超阶级的、文艺工作者无所谓阶级立场的观点，进而阐明了文艺必须为人民大众服务的根本方向。所以，要做到交换，特别是要做到同反对自己意见的人、同其他阶级的代表交换意见，首先要明确交换的目的在于能使自己对事物认识得更加完整。同时，要设身处地地站在对方立场上想一想，他们的意见是否有道理，凡是有理有据的都要吸取。但是我们有些同志，往往不喜欢同自己意见相反的人谈话，互相交换看法，这是不好的。交换是为了更全面地认识事物，比较则是为了更好地判断事物的性质。不经过比较，就看不清事物已经发展到什么程度，它的要害和本质是什么。检验<br>— 陈云 · 《陈云文选·第一卷》 · p355	陈云 陈云文选第一卷 陈云与毛邓互动毛 命题
关于「陈云与毛邓互动·纠偏」：及东北局指示纠“左”，才开始纠正…？	及东北局指示纠“左”，才开始纠正。现在，老区正继续纠偏，新区则照中央指示，首先打击大地主。所有新老区，都以春耕为中心，同时进行纠偏或发动的工作。土改工作中的错误，主要由我负责，因我是负责指导土改的。造成错误的原因，就在于对若干问题的认识含糊不清。一、对于贫雇农翻身，在现阶段只能翻到什么程度，没有明确的恰当的认识。现在看来，分了地主、富农多余的土地和牲口以后，基本上已算翻身了。至于牲口还不足等等，只能在以后发展生产中逐步解决。否则，必然打击太多，孤立自己。二、只看中农对土改犹豫观望的一面，没有充分认识坚定地团结中农的必要，分了富裕中农的牲口，又侵犯了其他中农。这种做法，贫雇农经济上所得不多，政治上损失甚大。三<br>— 陈云 · 《陈云文选·第一卷》 · p360	陈云 陈云文选第一卷 陈云与毛邓互动纠 命题
关于「陈云与毛邓互动·不同意」：人之间关系的不同，恰如其分地解决存在的矛盾…？	人之间关系的不同，恰如其分地解决存在的矛盾，既提高工人觉悟和劳动热忱，又团结改造职员，达到员工团结、员工互助的目的。为此，我们对各种职员应依下列原则处理。（一）职员中百分之七十至九十是下级职员，他们既不是生产业务的管理人，也不是人事的管理人。他们之中有很大一部分，虽然具有一般旧知识分子的意识，看不起工人，但他们的劳动条件和生活状况是接近工人的。因此，对于下级职员应该团结，大体上应该和工人一样待遇；同时应用教育的方法改变其轻视工人的错误认识。（二）技术员、技师、工程师、专门家，是管理庞大复杂的近代企业中必不可少的重要人员。我们对于一切技术人员，包括思想上还不同意共产主义的在内，只要忠于职务，不作破坏活动，都应给以工作，并在生活上给以必要和可能的优待，使他们发扬专长，为人民服务。对于能与工人合作，打破保守观念，克服困难，努力创造的技术人员，应予鼓励。（三）日寇、国民党政府企业中专门压迫工人的特务，矿山中专以额外剥削工人为职业的把头（不是一般工厂中的工头），这些人与一般职员不同，他们与工人的矛盾最深，工人至为痛恨。在人民企业中，决不允许特务分子和把头制度的存在，决不能让原来把头担任生产领导工...<br>— 陈云 · 《陈云文选·第一卷》 · p365	陈云 陈云文选第一卷 陈云与毛邓互动不 命题
关于「陈云与毛邓互动·毛主席」：〕时期我在上海，参加了反对北洋军阀的三次武装暴动〔３５１〕…？	〕时期我在上海，参加了反对北洋军阀的三次武装暴动〔３５１〕。我们工人拥护国民革命军，工会派代表到新龙华去迎接国民党。可是，他们来了，搞了一个“四一二”大屠杀〔３５６〕。接着是十年内战，调动几十万、上百万军队“围剿”苏区〔１９〕，在白区〔３７〕残酷杀害共产党人和工人革命分子。以后日本帝国主义占领东北，进攻华北，中国共产党提出了停止内战、联合抗日的主张，蒋介石则坚持“先安内，后攘外”的反动政策。结果来了个西安事变〔３５７〕，把蒋介石捉住了。共产党以民族存亡的大义为重，主张放他出去，要他抗日，但是，他在八年抗战中打日本很消极，反共反人民却起劲得很。抗战结束后，毛主席到重庆同他谈判，国共双方都在“双十协定”〔３５８〕上签了字，但他的老毛病又犯了，赖帐不算，同美帝国主义勾结在一起，来了个全面内战，准备一家伙把革命力量统统打下去。在国民党统治区，他疯狂地镇压要饭吃、要和平、要民主、要自由的人们，查封报纸，逮捕了许多人，打了许多人，杀了许多人。被捕被打被杀的，有工人，有共产党人，也有民主人士，在座的朱学范〔３５９〕同志就是一个。最可恶的是，日本帝国主义２６３陈云文选 第一卷<br>— 陈云 · 《陈云文选·第一卷》 · p372	陈云 陈云文选第一卷 陈云与毛邓互动毛 命题
关于「陈云与毛邓互动·毛泽东」：１４ 徐海指江苏省的徐州和海州。海州今为连云港市辖区之一…？	１４ 徐海指江苏省的徐州和海州。海州今为连云港市辖区之一。——第４页。１５ 土地革命是中国共产党领导农民消灭封建和半封建性的土地占有制度的革命。一九二七年八月七日中共中央紧急会议上作出关于实行土地革命的重要决定。一九二八年中国共产党第六次全国代表大会进一步制定了实行土地革命的纲领。后来，毛泽东等在领导革命根据地农民进行土地革命斗争中，逐步地提出了一系列正确的方针、政策和方法，解决了许多为党的六大所不曾解决的问题。——第５、２５、１６３、１７２、２６５、２７９页。１６ 刀会即大刀会，是带有迷信色彩的民间武装团体。产生于清末，同白莲教有密切关系。主要活动在山东、苏北、皖北一带，成员绝大多数是贫苦农民。在一些地区进行过反抗官僚、地主压迫和外国教会侵略势力的斗争，并参加了义和团的反帝爱国运动，但也常被地主阶级利用来镇压农民的反抗。——第６页。１７ 黄色农会指国民党直接或间接控制的农会。——第７页。１８ 党团是当时中国共产党在政府、工会、农会及其他群众<br>— 陈云 · 《陈云文选·第一卷》 · p410	陈云 陈云文选第一卷 陈云与毛邓互动毛 命题
关于「陈云与毛邓互动·毛泽东」：了经验。查田运动的目的是清查漏划的地主、富农…？	了经验。查田运动的目的是清查漏划的地主、富农，按照当时的土地法没收和分配他们的土地、财产。为了纠正运动中发生的“左”的错误，中华苏维埃共和国临时中央政府在同年十月十日作出《关于土地斗争中一些问题的决定》，并批准毛泽东所著《怎样分析农村阶级》一文，作为划分农村阶级的依据。——第８、２０页。２２ 这里所说的工人，主要指雇农，以及乡村的手工业工人。此外，还有一部分城市失业工人。——第８页。２３ 这里所说的农业工人，指雇农。——第８页。２４ 这里所说的乡村工人，指雇农、乡村的手工业工人和商店店员。——第８页。２５ 当时在革命根据地内，由中央劳动部或各地劳动部门设立的失业劳动介绍所向雇主介绍失业工人，被称为劳动介绍。这是一九三一年十一月中华苏维埃工农兵第一次全国代表大会通过的《中华苏维埃共和国劳动法》规定的。在当时大量工人失业的情况下，许多地方都不同程度地实行了强迫介绍，即在<br>— 陈云 · 《陈云文选·第一卷》 · p411	陈云 陈云文选第一卷 陈云与毛邓互动毛 命题
关于「陈云与毛邓互动·纠正」：本书中的中央苏区、中心苏区、中区、江西苏区都是指第二次国内革命战争时期…？	本书中的中央苏区、中心苏区、中区、江西苏区都是指第二次国内革命战争时期，中国共产党领导的以中华苏维埃共和国临时中央政府所在地瑞金为中心的根据地，即中央革命根据地。它位于江西南部和福建西部，范围最大时辖有二十一个县，约二百五十万人口。——第１３、３２、３７、９２、１１２、１５８、１６０、１６３、１９２页。３１ 汀州即今福建省长汀县。——第１３页。３２ 京果业是当地经营南北土特产（糕饼、果子、粉条、香菇等）的食杂店。——第１４页。３３ “五一”代表大会指一九三三年五月一日在江西瑞金召开的中国店员手艺工人第一次代表大会。大会通过了停止向雇主强迫介绍失业工人等纠正经济斗争中“左”倾错误的决议，以及中华苏维埃共和国临时中央政府修正的劳动法草案，并且决定成立中国店员手艺工人工会，征调会员参加红军。——第１４页。３４ 水西渡位于福建省上杭县东北约三公里处。——第１４页。３５ 一九三一年十一月中华苏维埃工农兵第一次全国代表大会通过的劳动法，经过一年半时间的施行，证明有些条文不符合革命根据地的实际情况，发生了许多“左”的错误倾向。一九三三年三月二十八日，中华苏维埃共和国临时中央政府人民委员会第三十八次例...<br>— 陈云 · 《陈云文选·第一卷》 · p412	陈云 陈云文选第一卷 陈云与毛邓互动纠 命题
关于「历代政治得失·汉代」：此稿初成，在一九五二年八月我在台中养病时…？	此稿初成，在一九五二年八月我在台中养病时。嗣后总政治部来函，请写一本研究“中国历代政治制度”的教材，截稿期限甚迫；乃就此稿稍加修改，如唐代的两税制，明代的赋税制度等，均有若干新资料补入，较原稿稍微充实。然恐尚多疏漏谬误，切盼读者之指正。一九五五年八月钱穆于香港前言此次承贵会邀约讲演，讲题大体规定是讲中国历代的政治得失。但中国传统政治，历代间，也极多变迁。若笼统讲，恐不着边际。若历代分别讲，又为时间所限。兹仅举要分为五次：一讲汉代，二讲唐代，以后继续讲宋、明、清。一次讲一个朝代。这是中国历史上最重要的五个朝代。只讲此五个朝代，大体上便可代表中国历史之全进程。本来政治应该分为两方面来讲：一是讲“人事”，一是讲“制度”。人事比较变动；制度由人创立，亦由人改订，亦属人事，而比较稳定，也可以规定人事，限制人事。这一番讲演，则只想多讲制度，少讲人事。但要讲制度甚不易。在史学里，制度本属一项专门学问。首先，要讲一代的制度，必先精熟一代的人事。若离开人事单来看制度，则制度只是一条条的条文，似乎枯燥乏味，无可讲。而且已是明日黄花，也不必<br>— 钱穆 · 《钱穆国学作品集》 · p11	钱穆 钱穆国学作品集 历代政治得失汉代 命题
关于「历代政治得失·汉代」：度沿革的第一部书，唐代杜佑的《通典》…？	度沿革的第一部书，唐代杜佑的《通典》，最先一门是“食货”，即是上述的第三范围。次讲“选举”，即上述第二范围。再讲“职官”，便是上述第一范围。现在为方便讲述起见，先职官，次考试，再次食货。而第三范围又只讲关于田赋的一项。第四范围我想讲“国防与兵役制度”。养育此政府的是经济，保卫此政府的是武力。这一范围也极重要。其他如学校制度、教育制度等，本也很重要。但我想单从此四个范围，来指陈历代政治制度的沿革，纯从历史事实上来比较它的好坏，根据当时人的意见来说明它的得失。在此四范围以外的，则暂不涉及了。第一讲 汉代一 汉代政府组织（一）皇室与政府严格说来，要到秦汉，才是中国历史上正式有统一政府。秦以前的中国，只可说是一种“封建的统一”。直要到秦汉，中央方面才有一个更像样的统一政府；而其所辖的各地方，也已经不是封建性的诸侯列国并存，而是紧密隶属于中央的郡县制度的行政区分了。因此讲中国传统政治，可以径从秦汉<br>— 钱穆 · 《钱穆国学作品集》 · p12	钱穆 钱穆国学作品集 历代政治得失汉代 命题
关于「历代政治得失·汉代」：讲起，以前暂略不论。秦代只是汉代之开始…？	讲起，以前暂略不论。秦代只是汉代之开始，汉代大体是秦代之延续。所以秦代暂亦不讲，而只讲汉代。现在专说汉代政府究是怎样组织的？我们要看政府的组织，最重要的是看政府的职权分配。在此方面，我亦只想提出两点来加以申说：第一是皇室与政府之职权划分，第二是中央与地方的职权划分。我们知道：秦以后，中国就开始有一个统一政府。在一个统一政府里，便不能没有一个领袖。中国历史上这一个政治领袖，就是皇帝。这皇帝又是怎样产生的呢？在中国传统政治里，皇位是世袭的，父亲传给儿子。若用现代政治眼光来衡量，大家会怀疑，皇帝为什么要世袭呢？但我们要知道，中国的立<br>— 钱穆 · 《钱穆国学作品集》 · p13	钱穆 钱穆国学作品集 历代政治得失汉代 命题
关于「历代政治得失·汉代」：八、贼曹：管盗贼。九、决曹：主罪法…？	八、贼曹：管盗贼。九、决曹：主罪法。（上两曹所管属于法律之刑事方面。）十、兵曹：管兵役。十一、金曹：管货币盐铁。十二、仓曹：管仓谷。十三、黄阁：主簿录众事。这是宰相府秘书处的总务主任。这十三个机关，合成一个宰相直辖的办公厅。我们只根据这十三曹名称，便可想见当时全国政务都要汇集到宰相，而并不归属于皇帝。因为皇帝只有一个笼统的尚书处，只有一个书房，最先的尚书也仅有四人；而宰相府下就有十三个机关。这相府十三曹，比诸皇室尚书的范围大得多，而且此十三曹的权位也很重，也竟俨如后代之专部大臣。可见汉代一切实际事权，照法理，该在相府，不在皇室。宰相才是政府的真领袖。以上单据一例来讲皇室和政府的区别。从中国传统政治的大趋势看，一般意见一向是看重这区别的。（二）中央政府的组织现在说到汉代中央政府的组织。当时有所谓“三公”“九卿”，这是政府里的最高官。丞相、太尉、御史大夫称三公。丞相管行政，是文官首长；太尉管军事，是武官首长；御史大夫掌监察，辅助丞相来监察一切政治设施，他是副丞相。依照汉代习惯，用现代语说，这里有一种不成文法的规定：须做了御史大夫，才得升任为丞相。太尉虽与丞相尊位相等，实际除却军事外<br>— 钱穆 · 《钱穆国学作品集》 · p14	钱穆 钱穆国学作品集 历代政治得失汉代 命题
关于「历代政治得失·汉代」：掌法的。犯了皇帝的法，都归他管。如此看来…？	掌法的。犯了皇帝的法，都归他管。如此看来，太常管皇家太庙，光禄、卫尉，一是门房头儿，一是卫兵头儿；这都是在里面的。皇帝出门，随带的是太仆，在外面有人犯法，就是廷尉的事。六、大鸿胪：一直相沿到清代，就等于外交部。也如现在之礼宾司，是管交际的。“胪”是传呼义。古礼主宾交接，由主传到主身边的相，再由主身边的相传到宾身边的相，由是而再传达到宾之自身。“鸿”即大义。“大胪”是传达官。七、宗正：是管皇帝的家族，其同姓本家及异姓亲戚的。以上七个卿，照名义，都管的皇家私事，不是政府的公务。由这七卿，我们可以看出汉代政治，还有很多是古代封建制度下遗留的陈迹。然而那时已是“化家为国”了，原来管皇帝家务的，现在也管到国家大事了。譬如太常就兼管教育，因为古代学术都是在宗庙的。西方也一样，直到现在，在他们，教育和宗教还是分不开。光禄勋原是皇帝的总门房，现在皇宫里一切侍卫都要他管。那时皇宫里的侍从，还不完全是太监，而且太监很少，大部分还是普通人。当时一般要跑入政府做官的人，第一步就得先进入皇宫里，充侍卫，奉侍皇帝，让皇帝认识，然后得机会再派出来当官。这些在皇宫里服务的，多半是年轻人，当时称作“郎官”，都归光禄勋管...<br>— 钱穆 · 《钱穆国学作品集》 · p15	钱穆 钱穆国学作品集 历代政治得失汉代 命题
关于「历代政治得失·汉代」：以上对于汉代的三公九卿，已经讲了一个大概…？	以上对于汉代的三公九卿，已经讲了一个大概。这是当时中央政府的组织情形。（三）汉代地方政府汉代的地方政府，共分两级：即“郡”与“县”。中国历史上的地方政府以“县”为单位，直到现在还没有变。汉时县的上面是郡。郡县数当然也随时有变动。大体说，汉代有一百多个郡，一个郡管辖十个到二十个县。大概汉代县数，总在一千一百到一千四百之间。中国历史上讲到地方行政，一向推崇汉朝，所谓“两汉吏治”，永为后世称美，这一点值得我们的注意。若以近代相比，今天的地方行政区域，最高为“省”。一省之大，等于一国。或者还大过一国。一省所辖县，有<br>— 钱穆 · 《钱穆国学作品集》 · p16	钱穆 钱穆国学作品集 历代政治得失汉代 命题
关于「历代政治得失·汉制」：（三）汉代地方政府汉代的地方政府…？	（三）汉代地方政府汉代的地方政府，共分两级：即“郡”与“县”。中国历史上的地方政府以“县”为单位，直到现在还没有变。汉时县的上面是郡。郡县数当然也随时有变动。大体说，汉代有一百多个郡，一个郡管辖十个到二十个县。大概汉代县数，总在一千一百到一千四百之间。中国历史上讲到地方行政，一向推崇汉朝，所谓“两汉吏治”，永为后世称美，这一点值得我们的注意。若以近代相比，今天的地方行政区域，最高为“省”。一省之大，等于一国。或者还大过一国。一省所辖县，有六七十个以至一二百个，实在太多了。单就行政区域之划分而论，汉制是值得称道的。汉代郡长官叫“太守”，地位和九卿平等，也是二千石，不过九卿称为“中二千石”，郡太守是地方上的二千石。郡太守调到中央可以做九卿，再进一级就可当三公；九卿放出来也做郡太守。汉代官级分得少，升转极灵活，这又是汉制和后来极大的不同。九卿放出来当太守，并不是降级。地方二千石来做中二千石，也不是升级。名义上还是差不多。当时全国一百多个郡，太守的名位，都和九卿差不远。因此虽是中央政府大一统的局面，虽是地方行政区域划分得比较小，却不感觉得这个中央政府高高在上。（四）中央与地方之关系说到中央和地...<br>— 钱穆 · 《钱穆国学作品集》 · p16	钱穆 钱穆国学作品集 历代政治得失汉制 命题
关于「历代政治得失·汉武帝」：方的许多官。但这许多官从那里来的呢…？	方的许多官。但这许多官从那里来的呢？什么人才可以做宰相、御史大夫乃至这各部门的长官呢？这是讲中国政治制度上一个最主要的大题目。在古代封建世袭，天子之子为天子，公之子为公，卿之子为卿，大夫之子为大夫，做官人有一定的血统，自然不会发生有此问题。但到秦汉时代便不同了。封建世袭制度已推翻，谁该从政，谁不该从政呢？除却贵族世袭外，首先令人想到军人政治；谁握有兵权，谁就掌握政权，支配仕途。但汉代又并不然。其次令人想到富人政治；谁有财富，谁便易于入仕，易于握权。但汉代也不然。我们讲汉代关于此一方面的制度，要到汉武帝以后，才渐趋于定型。那时已有了太学，有如现在的国立大学。当时国立大学，只有一个，这里面的学生，考试毕业分两等，当时称“科”；甲科出身的为郎，乙科出身的为吏。郎官是属于光禄勋下面的皇宫里的侍卫。依旧例，凡做二千石官的，（汉朝这样的官很多，中央虽只有三公九卿十多个，地方上的太守就有一百多个。）他们的子侄后辈，都得照例请求送进皇宫当侍卫。待他在皇帝面前服务几年，遇政府需要人，就在这里面挑选分发。这一制度，虽非贵族世袭，但贵族集团同时便是官僚集团，仕途仍为贵族团体所垄断。这在西方，直到近代还见此制...<br>— 钱穆 · 《钱穆国学作品集》 · p16	钱穆 钱穆国学作品集 历代政治得失汉武 命题
关于「历代政治得失·汉代」：当时定制，太学毕业考试甲等的就得为“郎”…？	当时定制，太学毕业考试甲等的就得为“郎”。如是则郎官里面，便羼进了许多智识分子；智识分子却不就是贵族子弟。至考乙等的，回到其本乡地方政府充当吏职。“吏”是地方长官的掾属。汉代官吏任用，有一限制，地方长官定要由中央派；太守如是，县令也如是。但郡县掾属，必得本地人充当。譬如台北市的人，不能当台北市的市长；但台北市政府从市长以下的一切官，在汉代称为“掾属”的，那就绝对要用台北市的本地人。不过辟用掾属的权，则在长官手里，这叫做“辟署”。三公、九卿、郡太守、县令，这些是由皇帝由中央政府任命的。宰相下面的十三曹，就由宰相自己辟用。此外各衙门首长以下，全是吏，全由各衙门首长自己任用。现在这个太学生考了乙等，譬如他是会稽郡人，他便回到会稽，指定由郡县政府试用；这所谓“补吏”。补郎与<br>— 钱穆 · 《钱穆国学作品集》 · p17	钱穆 钱穆国学作品集 历代政治得失汉代 命题
关于「历代政治得失·汉武帝」：，三公九卿、政府大僚也可举。所举则称为贤良…？	，三公九卿、政府大僚也可举。所举则称为贤良，贤良是指有特出才能的人。第二种是特殊的选举。譬如政府今年要派人出使匈奴，出使西域，需要通外国语，能吃苦，能应变，所谓“出使绝域”的人；政府常常下诏征求。只要自问自己有此才干，可以自己报选。又如军队里用军事人才，或如黄河决口，需要晓习治水的人；大家知道有这种人才，大家可以举；自己觉得有把握，自己也可直接来应选。这是一种特殊的选举。后来又有一种有定期的选举，那就是选举“孝廉”。汉代一向有诏令地方察举孝子廉吏的。但地方政府有时并不注意这件事，应选人也不踊跃。汉武帝时，曾下了一次诏书，大意说：你们偌大一个郡，若说竟没有一个孝子、一个廉吏可以察举到朝廷，那是太说不过去的事。而且地方长官的职责，不仅在管理行政，还该替国家物色人才。若一年之内，连一个孝子、一个廉吏都选不出，可见是没有尽到长官的责任。于是汉武帝就下令叫大家公议，不举孝子廉吏的地方长官应如何处罚。这一来，就无形中形成了一种有定期的选举。无论如何，每郡每年都要举出一个两个孝子廉吏来塞责。汉代一百多个郡，至少每年要有两百多孝廉举上朝廷。这些人到了朝廷，并不能像贤良般有较好较快的出身，他们大抵还是安...<br>— 钱穆 · 《钱穆国学作品集》 · p17	钱穆 钱穆国学作品集 历代政治得失汉武 命题
关于「历代政治得失·汉代」：家的子弟。这样的政府，我们只能叫它做“读书人的政府”…？	家的子弟。这样的政府，我们只能叫它做“读书人的政府”，或称“士人政府”。汉代从昭宣以下的历任宰相，几乎全是读书人；他们的出身，也都是经由地方选举而来。并不是由其血统上和皇帝以及前任大官有什么关系，或者是大军人大富人，才爬上政治舞台。完全是因其是一读书知识分子而获入仕途。这一情形，直从汉代起。我们可说中国历史上此下的政府，既非贵族政府，也非军人政府，又非商人政府，而是一个崇尚文治的政府，即“士人政府”。只许这些人跑上政治舞台，政府即由他们组织，一切政权也都分配在他们手里。三 汉代经济制度上面讲的是政府之形成，及其职权分配之内容。下面要讲到支持政府的主要经济问题，即赋税制度<br>— 钱穆 · 《钱穆国学作品集》 · p18	钱穆 钱穆国学作品集 历代政治得失汉代 命题
关于「历代政治得失·汉代」：现在再说，此一公私分税的制度，在开始时也颇合理…？	现在再说，此一公私分税的制度，在开始时也颇合理。因耕地多，田赋是大宗；而山林池泽的商税只占少数。把大宗归国家，小数拨归皇室，这也并非皇帝私心自肥。但战国以下，盐铁之利逐渐澎大起来。社会经济情形变了，山海池泽之税逐步超过了全国的田租。这一转变，是开始定制时所不曾预料的。正如清代末年，并不知商埠对外通商关税之逐年增添，却把此事让给外国人去管，后来遂吃了大亏。清代如此，汉代亦复如是。商税渐渐的超过了田租，于是少府收入，反而胜过了大司农。汉武帝是一个雄才大略的皇帝，讨匈奴，通西域，军费浩繁，大司农的钱用完了，连他父亲（景帝）、祖父（文帝）几辈子积蓄下来的财富都花光了。政府支出庞大，陷入窘地，这又怎样办呢？农民的田租，三十分之一的定额，制度定了，又不便轻易再变更，再增加。汉武帝就只有自己慷慨，把少府的金钱拿出来。这等于是把皇室私款来捐献给政府。所以武帝同时也命令地方上有钱的人，最主要的如盐铁商人等，也能如他般大家自由乐捐。结果社会响应不佳，拥有大资产的，不理会政府之号<br>— 钱穆 · 《钱穆国学作品集》 · p19	钱穆 钱穆国学作品集 历代政治得失汉代 命题
关于「历代政治得失·汉代」：想。只因中国读书人多半做了官，他们对政治上的理论和思想…？	想。只因中国读书人多半做了官，他们对政治上的理论和思想，早可在实际政治中表现；用不着凭空著书，脱离现实，来完成他书本上的一套空理论。于是中国人的政治理论，早和现实政治融化合一了。否则为什么皇帝和宰相定要分权呢？为什么仕途必经察举和考试呢？为什么田租该力求减轻呢？为什么商业资本要加节制呢？为什么国民兵役要到二十三岁才开始呢？所以我们要研究中国已往的政治思想，便该注意已往的政治制度。中国决不是一个无制度的国家，而每一制度之后面，也必有其所以然的理论和思想，那可轻轻用“专制黑暗”等字面把来一笔抹杀呢？汉代的国民兵役，又分几种：一种是到中央作卫兵，一种是到边郡作戍卒，一种是在原地方服兵役。每一国民都该轮到这三种。只有第三种，从二十岁便开始了。汉代中央军队有两支：一称南军，一称北军。南军是皇宫的卫队，北军是首都的卫戍部队。当时南北军全部军队合共不到七万人。各地方壮丁轮流到中央作卫兵一年。当卫兵是极优待的，来回旅费由中央供给。初到和期满退役，皇帝备酒席款宴。平时穿的吃的，也不要卫兵们自己花钱。当戍兵就不同了。一切费用，都要自己担负。论到戍兵的期限，却只有三天。这又是沿袭封建时代的旧习惯。封建时代国...<br>— 钱穆 · 《钱穆国学作品集》 · p20	钱穆 钱穆国学作品集 历代政治得失汉代 命题
关于「历代政治得失·汉代」：都在政府册子上，不去就要出钱，出不起钱便是犯法…？	都在政府册子上，不去就要出钱，出不起钱便是犯法。你做乞丐了，户口册上还是有你的名字，你还该向国家负责。于是只有把自己出卖给人家做奴隶。当时做奴隶，并不是出卖自由，只是出卖他对国家法规上一份应尽的职责。政府要禁止此风，便规定奴婢的人口税加倍征收。但有钱的养着大批奴隶，反可发大财。譬如入山烧炭、开矿之类，全需大批人工。出卖为奴，便如参加此发财集团。因此奴隶生活，反而胜过普通民户。这在《史记·货殖传》里讲得很详细。这是汉代的奴隶制度。和西方罗马帝国的农奴完全不同。罗马的农奴多半是战争得来的俘虏；汉代的奴隶是农民自己游离耕土，来参加大规模的工商新生产集合；如何可相提并论呢？汉代除却规定的义务兵役外，民间还有义勇队，志愿从军的。国家有事，可以自由报名。这叫做“良家子从军”。那些都是比较富有的家庭，尤其是居家近边境的，平常在家练习骑马射箭，盼望国家有事，报名从军，打仗立功，可以做官封侯。这风气在边郡特别盛。像陇西李广一家便是一著例。五 汉制得失检讨让我们简要指出一些汉代制度之缺点。首先在经济方面，土地问题没有解决，形成<br>— 钱穆 · 《钱穆国学作品集》 · p21	钱穆 钱穆国学作品集 历代政治得失汉代 命题
关于「历代政治得失·汉制」：发财集团。因此奴隶生活，反而胜过普通民户…？	发财集团。因此奴隶生活，反而胜过普通民户。这在《史记·货殖传》里讲得很详细。这是汉代的奴隶制度。和西方罗马帝国的农奴完全不同。罗马的农奴多半是战争得来的俘虏；汉代的奴隶是农民自己游离耕土，来参加大规模的工商新生产集合；如何可相提并论呢？汉代除却规定的义务兵役外，民间还有义勇队，志愿从军的。国家有事，可以自由报名。这叫做“良家子从军”。那些都是比较富有的家庭，尤其是居家近边境的，平常在家练习骑马射箭，盼望国家有事，报名从军，打仗立功，可以做官封侯。这风气在边郡特别盛。像陇西李广一家便是一著例。五 汉制得失检讨让我们简要指出一些汉代制度之缺点。首先在经济方面，土地问题没有解决，形成兼并；富者田连阡陌，贫者无立锥之地，使政府的减轻租税政策全失功效。至王莽把土地收归国有，此事又激起社会多数人的反对，结果失败了。但王莽的废止奴隶政策，却继续为东汉政府所承袭。东汉时代也屡有废奴的诏令。但只要社会经济情形不变，此项诏令是不会有实效的。其次说到军队制度。中国地大人众，虽说分区训练各别的兵种，但每年一个月的操练是不够的。中央南北军，像是常备军，实际上，时期也只一年，数额也仅有七八万人。结果全国皆兵，并不...<br>— 钱穆 · 《钱穆国学作品集》 · p21	钱穆 钱穆国学作品集 历代政治得失汉制 命题
关于「历代政治得失·汉武帝」：、上谷，也不方便。所以全国皆兵制…？	、上谷，也不方便。所以全国皆兵制，在中国论，一则军队数量太多，二则训练太简略，调动不方便；结果全国皆兵，弄得有名无实。一旦起了问题，还是解决不了。再次讲到政府组织。上面说过：皇权、相权是分开的，皇室和政府也是分开的。这话固不错。但中国一向似乎看重不成文法，往往遇到最大关节，反而没有严格明白的规定。这也可以说是长处，因为可以随宜应变，有伸缩余地；但也有坏处，碰着一个能干有雄心的皇帝，矜才使气，好大喜功，常常要侵夺宰相的职权。并不像现代的西方国家，皇帝私人，无论怎样好，宪法上规定他不能过问首相的事。汉武帝雄才大略，宰相便退处无权。外朝九卿，直接向内廷听受指令。这样一来，皇帝的私人秘书尚书的权就大了。汉武帝临死时，他的太子已先死。他要把帝位传给小儿子昭帝，他却先把昭帝的母亲处死。他知道小皇帝年幼，母后在内管事不好。但皇室总还需要人管理。以前皇室也得由宰相管，但汉武帝连宰相的事都由他管了，宰相那里能预闻到宫内事！于是武帝临死，派一个霍光做大司马大将军辅政。这是皇宫里的代表人。霍光是皇家亲戚，有资格来代表皇家。但照理，宰相早就是皇宫里的代表人，他该就是副皇帝；现在皇帝不把宰相做皇室代表人，而在皇...<br>— 钱穆 · 《钱穆国学作品集》 · p21	钱穆 钱穆国学作品集 历代政治得失汉武 命题
关于「历代政治得失·汉代」：来管领尚书。如是便由御史中丞透过御史大夫…？	来管领尚书。如是便由御史中丞透过御史大夫，而达到宰相。内廷与外朝声气又通，大司马大将军便没有权重了，霍家也就垮台了。就此一节，可见汉代制度，在皇帝与宰相、皇室与政府之间，确是有一番斟酌的。虽没有硬性规定皇帝绝对不许预闻政治的一句话，这也并不是大失错。而且若要皇帝绝不预闻政府事，那宰相的任命便成问题。就当时历史情实，既不能有民选皇帝，也便一时不能有代表民意的国会来监督政府。这是历史条件所限，并非一两个皇帝私意要如此的。于是皇室与政府、皇帝与宰相之间，遂不免发生许多的微妙关系。汉武帝自己是雄才大略，他自己揽权，尚不甚要紧；他死了，他须替他后代小皇帝着想，于是来一位大司马大将军辅政，便出了问题了。汉宣帝以下，霍氏虽败，结果还是大司马<br>— 钱穆 · 《钱穆国学作品集》 · p22	钱穆 钱穆国学作品集 历代政治得失汉代 命题
关于「历代政治得失·汉制」：，另一种是廉吏；后来规定每郡满二十万户口的只能举一个…？	，另一种是廉吏；后来规定每郡满二十万户口的只能举一个，如是则孝廉不分，仅成一个参政入仕的资格而已。后来又因请托舞弊，逼得朝廷于察举孝廉后再加上一番考试；如是则全失却原来察举孝廉之用意。但中国政权，却因此开放给全国各地了。从此以后，无论选举或考试，都是分区定额的。经济文化落后的地区和经济文化进步的地区，都一样照人口比例来考选。因此中央政府里，永远有全国各地域人民之参加，不致偏荣偏枯。因此中国政府，始终是代表着全国性的，全国人民都有跑进政府的希望。而且实际上，也是全国各地永远都有人跑进中央政府的。又汉制郡县长官，例须避用本郡本县人。如是则中央政府既是绝对的代表全国性的，而地方政府却又竭力避免其陷于地方性。这样才可使大一统的局面，永远维持。而全国各地方声教相通，风气相移，却可使各地文化经济水平，永远走向融和，走向平均，不致隔绝，不致分离。这一制度，自汉代起直至清代始终沿用。这是中国传统政治制度里一最应着眼之点。惟今所欲讨论者，则为汉代之选举制，是否合于近代所谓之民权思想？第一，汉代察举，其权在地方长官，不在地方民众。长官贤良的固须采访民间舆情，选拔真才；但长官营私舞弊的，却可不顾地方民意，推...<br>— 钱穆 · 《钱穆国学作品集》 · p22	钱穆 钱穆国学作品集 历代政治得失汉制 命题
关于「历代政治得失·唐代」：项职权之究应如何分配，这已属第二义…？	项职权之究应如何分配，这已属第二义。中国历史上“考试”与“选举”两项制度，其用意是在政府和社会间打通一条路，好让社会在某种条件某种方式下来掌握政治，预闻政治，和运用政治；这才是中国政治制度最根本问题之所在。至于政府内部职权之怎样分配，这是政府的组织法，却并非产生政府的根本大法。因此照理言，第二范围更重于第一范围。但我下面所讲，因求简捷易明，故而将此两个项目之先后倒转了。第三个范围则讲政府的“赋税制度”。这是政府关于财政经济如何处理的制度。这一范围也可看得它很重要。中国以前专讲制度沿革的第一部书，唐代杜佑的《通典》，最先一门是“食货”，即是上述的第三范围。次讲“选举”，即上述第二范围。再讲“职官”，便是上述第一范围。现在为方便讲述起见，先职官，次考试，再次食货。而第三范围又只讲关于田赋的一项。第四范围我想讲“国防与兵役制度”。养育此政府的是经济，保卫此政府的是武力。这一范围也极重要。其他如学校制度、教育制度等，本也很重要。但我想单从此四个范围，来指陈历代政治制度的沿革，纯从历史事实上来比较它的好坏，根据当时人的意见来说明它的得失。在此四范围以外的，则暂不涉及了。第一讲 汉代一 汉代政府组...<br>— 钱穆 · 《钱穆国学作品集》 · p12	钱穆 钱穆国学作品集 历代政治得失唐代 命题
关于「历代政治得失·唐代」：是管文书的，这真是皇宫里的秘书了…？	是管文书的，这真是皇宫里的秘书了。汉代开始的尚书，其职权地位本不高，后来才愈弄愈大。最先尚书只是六尚之一。这是皇帝的秘书处。若说到宰相的秘书处，共有十三个部门，即是当时所谓的“十三曹”，一个“曹”等于现在一个“司”。我们且列举此十三曹的名称，便可看出当时宰相秘书处组织之庞大，与其职权之广泛。一、西曹：主府吏署用。二、东曹：主二千石长吏迁除，并包军吏在内。二千石是当时最大的官，以年俸有两千石谷得名。可见朝廷一切官吏任免升降，都要经宰相的秘书处。三、户曹：主祭祀农桑。四、奏曹：管理政府一切章奏，略如唐代的枢密院、明代的通政司。五、词曹：主词讼。此属法律民事部分。六、法曹：掌邮驿科程。这像现在的交通部。“科程”是指一切交通方面之时限及量限等。七、尉曹：主卒徒转运，是管运输的，略如清代之有漕运总督。<br>— 钱穆 · 《钱穆国学作品集》 · p13	钱穆 钱穆国学作品集 历代政治得失唐代 命题
关于「历代政治得失·唐代」：也不能不说是在当时已算合理化，已算开明与进步的了…？	也不能不说是在当时已算合理化，已算开明与进步的了。至于经济政策，一面主张轻徭薄赋，宽假平民；一面主张裁抑富厚，导致平等。这也不算得黑暗，不算得无理。至于此后的演变，无论在政府组织上，无论在选举制度上，无论在经济政策上，都曾发生了毛病。皇室和政府的关系，终究发生了冲突；选举制度，到底造成门阀新贵族；经济制度、兵役制度都没有弄好，都出毛病了。但我们不能因此一笔抹杀，说汉代并无制度，或说一切制度只是专制与黑暗。这是我们必该再三申说的。此下魏晋南北朝，始终没有像样的政府，因此也没有像样的制度产生，直要到唐代。但唐代已不是汉代的老样子、老制度，他又换了崭新的一套。直要待唐代的新制度又出了毛病，宋代又再换一套。此下明代、清代也如此。只因我们此刻不看重历史，不研究历史，所以说中国自秦以下两千年政治都是一样，都只是“专制”两字已可包括尽了。其实是不然的。第二讲 唐代一 唐代政府组织（一）汉唐相权之比较汉和唐，是历史上最能代表中国的两个朝代。上次讲了汉代制度，现在继续讲唐代。先讲唐代的政府。政府与皇室的划分，自汉以来即然。惟就王室论，皇位世袭法永远无何大变动，只是朝代的更换，刘家换了李家；此等事并不重要...<br>— 钱穆 · 《钱穆国学作品集》 · p23	钱穆 钱穆国学作品集 历代政治得失唐代 命题
关于「历代政治得失·唐代」：中书省首长为中书令，门下省主管长官为侍中…？	中书省首长为中书令，门下省主管长官为侍中，尚书省长官为尚书令。唐分官阶为九品，第一二品官均以处元老，不负实际行政责任。三品以下，始为实际负责官吏。中书令、门下侍中及尚书令皆为三品官。若论此三省之来历，尚书本是皇宫内廷秘书，已在讲汉代制度时讲过。中书依官名论，也即是在内廷掌理文件之意。侍中则是在宫中奉侍皇帝。故就官职名义言，这三个官，原先本都是内廷官。而到唐代，则全由内廷官一变而为政府外朝的执政长官，和以前性质完全不同。其实“宰”和“相”，在春秋时代也仅系封建贵族的家臣，但到秦汉则化私为公，变成了正式的政府执政官。此后宰相失职，却又有另一批皇帝内廷私臣变成了正式执政官的，便如唐代之三省。何谓失职？因宰相职权，本该领导政府，统治全国的；后来此项职权，被皇帝夺去了，皇帝把他们的私属像中书、门下、尚书之类来代行政府宰相的职权；这是东汉以后魏晋南北朝时代的事。现在到唐代，才又把以前宰相职权正式分配给三省。换言之，亦即是把以前皇室滥用之权重交还政府。（二）唐代<br>— 钱穆 · 《钱穆国学作品集》 · p24	钱穆 钱穆国学作品集 历代政治得失唐代 命题
关于「历代政治得失·唐制」：主精神。而中国人传统，则常求取决于贤人…？	主精神。而中国人传统，则常求取决于贤人。春秋时即有“贤均从众”之说。（见《左传》。）那一人贤，就采纳那一人的意见。假若双方均贤，则再来取决于多数。“贤”属质，“众”属量，中国传统重质不重量。中国人认为只要其人是贤者，就能够代表多数。不贤而仅凭数量，是无足轻重的。这一观念，反映在汉代的选举制度上，便极明显。所以国家的选举权，并不付托于社会一般民众，而径由地方长官行使之。照理，地方长官应该择贤而任。他既是一位贤长官，自能博采舆情，为国家选拔真才。这是理论。至于事实之不能全合于理论，则属另一问题。即如唐制，中书舍人拟稿，亦由诸舍人各自拟撰，是谓“五花判事”。然后再由中书令或中书侍郎就此许多初稿中选定一稿，或加补充修润，成为正式诏书，然后再呈送皇帝画一“敕”字。经画敕后，即成为皇帝的命令，然后行达门下省。所以唐代政府定旨出命之权，实操于中书省。皇帝只同意画敕而止。待门下省主管长官侍中及副长官侍郎接获此项诏书后，即加予覆核。这是对此项命令之再审查。在门下省侍中、侍郎之下，设有若干第三级官，谓之“给事中”。给事中官位并不高，但对皇帝诏书亦得参加意见。若门下省反对此项诏书，即将原诏书批注送还，称为“...<br>— 钱穆 · 《钱穆国学作品集》 · p24	钱穆 钱穆国学作品集 历代政治得失唐制 命题
关于「历代政治得失·唐太宗」：中书定旨、门下覆审手续完成后，即送尚书省执行…？	中书定旨、门下覆审手续完成后，即送尚书省执行。尚书省则仅有执行命令之权，而于决定命令则无权过问。（三）中央最高机构政事堂此种制度，亦有相当麻烦处。如中书省拟好命令送达门下省，遇门下省反对即予涂归封还，如是则此道命令等于白费，即皇帝之“画敕”亦等于无效。故唐制遇下诏敕，便先由门下省和中书省举行联席会议。会议场所称为“政事堂”。原先常在门下省举行，后来又改在中书省召开。会议时，中书、门下两省长官及侍郎皆出席，若尚书省长官不出席政事堂会议，即事先不获预闻命令决夺。故唐人目光中，须中书、门下始称真宰相。唐太宗在未登极前，曾做过尚书令。及太宗即位，朝臣无敢再当尚书令之职，因此尚书省长官尚书令常虚悬其缺。仅有两个副长官，即尚书左仆射及右仆射。尚书左右仆射若得兼衔，如“同中书门下平章事”，及“参知机务”等名，即得出席政事堂会议，获得真宰相之身份。最先尚书仆射都附此职<br>— 钱穆 · 《钱穆国学作品集》 · p24	钱穆 钱穆国学作品集 历代政治得失唐太 命题
关于「历代政治得失·唐代」：。当时的尚书省，则略等于现在的行政院…？	。当时的尚书省，则略等于现在的行政院，而且是名实相符之行政院。因他只管行政，不管出命。政府的最高机构，则在政事堂。凡属皇帝命令，在“敕”字之下，须加盖中书、门下之印，即须政事堂会议正式通过，然后再送尚书省执行。若未加盖中书、门下之印，而由皇帝直接发出的命令，在当时是认为违法的，不能为下面各级机关所承认。故说：“不经凤阁鸾台，何名为敕。”（中书省武则天改称“凤阁”，门下省武则天改称“鸾台”。）这仍是说一切皇帝诏命必经中书、门下两省。其实则皇帝的诏敕，根本由中书拟撰。但中国传统政治，仍有一大漏洞。在唐代，也并无皇帝绝不该不经中书、门下而径自颁下诏书之规定。这是中国传统政治制度下一种通融性。往往每一制度，都留有活动变通之余地，不肯死杀规定，斩绝断制。因此中国皇帝不致如英国皇帝般逼上断头台，或限定他不得为种种活动。事实上唐代也确有不经中书、门下而皇帝随便下命令的。“不经凤阁鸾台，何名为敕？”此是刘袆之批评武则天的话，而刘袆之因此遭了杀身之祸。武则天以下的唐中宗，也便不经两省而径自封拜官职。但中宗究竟心怯，自己觉得难为情，故他装置诏敕的封袋，不敢照常式封发，而改用斜封。所书“敕”字，也不敢用朱笔...<br>— 钱穆 · 《钱穆国学作品集》 · p25	钱穆 钱穆国学作品集 历代政治得失唐代 命题
关于「历代政治得失·唐制」：衔，所以三省全是真宰相。但到开元以后…？	衔，所以三省全是真宰相。但到开元以后，即尚书仆射不再附有出席政事堂之职衔了。如是则他们只有执行命令之权，而无发布命令及参与决定命令之权。他们职掌的，并非政府的最高职权，因此也不得认为真宰相。但唐制除三省长官外，也有其他较低级官员而得附“参知机务”或“同三品平章事”等职衔的；如是则此人亦得参与政事堂会议。此如现今内阁中之不管部大臣，行政院中之不管部的政务委员，虽非某一部的主管长官，而得出席政务会议，预闻国家大政决夺。此等人必是官位虽低而早负时望的，始得加此职衔。当时的尚书省，则略等于现在的行政院，而且是名实相符之行政院。因他只管行政，不管出命。政府的最高机构，则在政事堂。凡属皇帝命令，在“敕”字之下，须加盖中书、门下之印，即须政事堂会议正式通过，然后再送尚书省执行。若未加盖中书、门下之印，<br>— 钱穆 · 《钱穆国学作品集》 · p25	钱穆 钱穆国学作品集 历代政治得失唐制 命题
关于「历代政治得失·唐代」：工，至宋朝初年次序是吏、兵、刑、民（户）、工、礼…？	工，至宋朝初年次序是吏、兵、刑、民（户）、工、礼；宋神宗时王安石变法，其次序为吏、户、礼、兵、刑、工，这次序遂为以后所沿袭。此六部：吏部：主管人事及任用之权。官吏必先经过考试，再由吏部分发任用。五品以上官，由宰相决定，但吏部可以提名。五品以下官，宰相不过问，全由吏部依法任用。户部：掌管民政、户口等事。礼部：主管宗教、教育事宜。兵部：掌军事。刑部：掌司法。工部：主管建设。六部各有职掌。若以之比拟汉代之九卿，这不能不说是一大进步。汉代九卿如光禄勋，就官名本义论，等于是皇帝的门房，不脱宫廷私职的气味。唐代正名为“吏部”，掌理人事，名称恰当。又如汉代管军事的为卫尉，卫仍对宫廷言；唐代称为“兵部”，职名始正。太常卿就名义言，也偏在皇家私的祭祀；唐代改为“礼部”，便确定为政务官了。我们只论汉、唐两代官名之改革，便见中国政治史上政治意识之绝大进步。汉代九卿，就名义论，只是办理皇室内廷事的家务官；唐代始正式有六部尚书，显然成为管理国家政务的机构，不像汉代只似皇帝的侍从。此为中国政治史上一大进步。无论从体制讲，从观念讲，都大大进步了。尚书省乃唐代中央政府组织最庞大的机构，其建筑亦相当宏大。总办公厅名为“...<br>— 钱穆 · 《钱穆国学作品集》 · p26	钱穆 钱穆国学作品集 历代政治得失唐代 命题
关于「历代政治得失·唐太宗」：唐太宗时改为吏、礼、民（户）、兵、刑、工…？	唐太宗时改为吏、礼、民（户）、兵、刑、工，至宋朝初年次序是吏、兵、刑、民（户）、工、礼；宋神宗时王安石变法，其次序为吏、户、礼、兵、刑、工，这次序遂为以后所沿袭。此六部：吏部：主管人事及任用之权。官吏必先经过考试，再由吏部分发任用。五品以上官，由宰相决定，但吏部可以提名。五品以下官，宰相不过问，全由吏部依法任用。户部：掌管民政、户口等事。礼部：主管宗教、教育事宜。兵部：掌军事。刑部：掌司法。工部：主管建设。六部各有职掌。若以之比拟汉代之九卿，这不能不说是一大进步。汉代九卿如光禄勋，就官名本义论，等于是<br>— 钱穆 · 《钱穆国学作品集》 · p26	钱穆 钱穆国学作品集 历代政治得失唐太 命题
关于「历代政治得失·唐玄宗」：本部分别办公。如有“参知机务”或“同平章事”衔者…？	本部分别办公。如有“参知机务”或“同平章事”衔者，可去政事堂出席最高政事会议。无此等衔者，则专在本省办公。唐代有名巨著《唐六典》一书，即因记载此尚书省中六部之组织、用人、职务分配等而名。此书对当时政府各部门各组织之各项政权及人事分配，均有详细规定。此书遂成为中国历史上行政法规之巨典。此后宋、明、清各代，均重视此宝贵法典，奉为圭臬。千余年来，国家推行政务，大体以此书为典范，无多变更。此后中央政府之变动，只在中书、门下发命令的一部分；至于执行命令的尚书省六部制度，则从未有大变更。此《唐六典》一书，系唐玄宗时，大体依唐代现行法规而纂辑，可说是当时的具体事实与现行制度，与本之理想和希望者不同。中国历史上关于政治制度方面有两大名著，一为《周礼》，一即《唐六典》。前书为中国先秦时代人之“乌托邦”，纯系一种理想政府的组织之描写，亦可谓是一部理想的宪法。其最堪重视者，乃为政治理想之全部制度化，而没有丝毫理论的痕迹，只见为是具体而严密的客观记载。我们读此书，便可想见中国古代之政治天才，尤其在不落于空谈玄想，而能把一切理论化成具体事实而排列开来之一层。所以《周礼》虽不是一部历史书，不能作为先秦时代的制度史...<br>— 钱穆 · 《钱穆国学作品集》 · p26	钱穆 钱穆国学作品集 历代政治得失唐玄 命题
关于「历代政治得失·唐代」：方行政，最像样的还该推汉代。唐代地方行政最低一级为“县”…？	方行政，最像样的还该推汉代。唐代地方行政最低一级为“县”，和汉代一样。唐玄宗时，全国有一千五百七十三个县，比汉代多出两百多县。县级以上为“州”。唐之“州”与汉“郡”是平等的。州设刺史。在汉最先本为监察官，唐刺史则为地方高级行政首长。唐代有三百五十八州，较汉代郡数多两倍余。唐县分上、中、下三等：六千户以上为上县，六千户以下、三千户以上为中县，三千户以下为下县。汉县仅分二级：万户以上为大县，其长官称“令”。万户以下为二级县，其长官称“长”。可见唐代的县比汉县为小。唐代的州也分上、中、下三级：十万户以上为上州，二万户以上为中州，二万<br>— 钱穆 · 《钱穆国学作品集》 · p27	钱穆 钱穆国学作品集 历代政治得失唐代 命题
关于「历代政治得失·唐朝」：一种全权印信，受有此全权印信者，便可全权调度…？	一种全权印信，受有此全权印信者，便可全权调度，故称“节度使”。节度使在其地域，可以指挥军事，管理财政，甚至该地区用人大权亦在节度使之掌握，于是便形成为“藩镇”。而且唐代边疆节度使逐渐擢用武人，于是形成一种军人割据。本意在中央集权，而演变所极，却成为尾大不掉。东汉末年之州牧即已如此，而唐代又蹈其覆辙。安史之乱即由此产生。而安史乱后，此种割据局面，更形强大，牢固不拔。其先是想中央集权，由中央指派大吏到外面去，剥夺地方官职权。而结果反而由中央派去的全权大吏在剥夺地方职权之后，回头来反抗中央，最后终至把唐朝消灭了。这与后来清代的情形也相仿佛。清代地方最高长官本为“布政使”，就如现在的省主席。清代总督、巡抚，就名义论，应该如钦差大臣般，临时掌管军事的。但结果常川驻扎地方，其权力压在布政使上面，驯致中央集权，地方无权。而到后此辈巡抚、总督，却不受中央节制，中央也便解体了。这是中国政治史上内外政权分合一大条例。<br>— 钱穆 · 《钱穆国学作品集》 · p27	钱穆 钱穆国学作品集 历代政治得失唐朝 命题
关于「历代政治得失·唐代」：总之，中国是一个广土众民的大国家…？	总之，中国是一个广土众民的大国家，必须得统一，而实不宜于过分的中央集权。这在中国的政治课题上，是一道值得谨慎应付的大题目。现在专说唐代，似乎其中央行政比汉进步，而地方行政则不如汉。中央的监察官变成了地方行政官，这是一大缺点。而由军队首领来充地方行政首长，则更是大毛病。唐室之崩溃，也可说即崩溃在此一制度上。二 唐代考试制度（一）魏晋南北朝时代之九品中正制上回我们曾讲过汉代的选举制。到唐代，此项制度，实际上已完全由考试制度来代替。说到“考试”两字之原始意义，“考”是指的考绩，“试”是指的试用。远在战国晚年，已有一大批中国古代的乌托邦主义者，在提倡“选贤与能”，在提倡考课与铨叙，其用意在规定一项政府用人之客观标准。汉代选举制度即由此<br>— 钱穆 · 《钱穆国学作品集》 · p28	钱穆 钱穆国学作品集 历代政治得失唐代 命题
关于「历代政治得失·唐代」：是此制度之精神生命，现实是此制度之血液营养…？	是此制度之精神生命，现实是此制度之血液营养，二者缺一不可。即如唐代一切制度，也多半是由南北朝演变而来，有其历史渊源，亦有其传统精神。今天我们却把历史切断，一概想模仿外国制度。明明知道这一制度与现实不配合，却想推翻现实来迁就制度，而美其名曰“革命”。其实革命的本质，应该是推翻制度来迁就现实的，决非是推翻现实来迁就制度的。我们此刻，一面既否定了传统制度背后的一切理论根据，一面又忽略了现实环境里面的一切真实要求。所以我们此刻的理论，是蔑视现实的理论。而我们所想望的制度，也是不切现实的制度。若肯接受已往历史教训，这一风气是应该警惕排除的。在曹操当时，实行九品中正制而有<br>— 钱穆 · 《钱穆国学作品集》 · p29	钱穆 钱穆国学作品集 历代政治得失唐代 命题
关于「历代政治得失·唐代」：但唐代的科举制度，实在亦有毛病。姑举一端言之…？	但唐代的科举制度，实在亦有毛病。姑举一端言之。当时科举录取虽有名额，而报名投考则确无限制。于是因报考人之无限增加，而录取名额亦不得不逐步放宽。而全国知识分子，终于求官者多，得官者少；政府无法安插，只有扩大政府的组织范围。唐代前后三百年，因政权之开放，参加考试者愈来愈多，于是政府中遂设有“员外”官，有“候补”官，所谓“士十于官，求官者十于士，士无官，官乏禄，而吏扰人”。这是政权开放中的大流弊。此项流弊，直到今日仍然存在。当知近代西方所谓的民主革命，乃由政权不开放而起。而中国则自唐以下，便已犯了政权开放之<br>— 钱穆 · 《钱穆国学作品集》 · p30	钱穆 钱穆国学作品集 历代政治得失唐代 命题
关于「历代政治得失·唐制」：却是一切合理性有法度的制度全都该不断改进…？	却是一切合理性有法度的制度全都该不断改进，不断生长。三 唐代经济制度（一）唐代的租庸调制现在再讲唐代的经济制度。主要的仍先讲田赋。唐代的田赋制度称为“租庸调”。“租”是配给人民以耕种的田地，年老仍缴还政府；在其授田时期，令其负担相当的租额。这是一种“均田”制度，承北魏而来。均田制所与古代的井田制不同者，井田乃分属于封建贵族，而均田则全属中央政府，即国家。均田是郡县制度下的井田，而井田则是封建制度下的均田。说到租额，则仅为四十税一；较之汉代三十取一，更为优减。“庸”即是役，乃人民对国家之义务劳役。唐制每人每年服役二十天，较之汉代每人每年服役三十天又减轻了。“调”是一种土产贡输，各地人民须以其各地土产贡献给中央；大体上只是征收丝织物和麻织物。在《孟子》书里，即有“粟米之征”“布帛之征”“力役之征”三项目。“租”即是粟米之征，“庸”是力役之征，“调”是布帛之征。中国既是一个农业社会，人民经济自然以仰赖土地为主。唐代租庸调制，最要用意在“为民制产”，务使大家有田地，自可向国家完粮。耕种田地的自然是壮丁，便可抽出余暇，为国家义务服役。有丁有田，自然有家；农业社会里的家庭工业，最要的是织丝织麻，国...<br>— 钱穆 · 《钱穆国学作品集》 · p30	钱穆 钱穆国学作品集 历代政治得失唐制 命题
关于「历代政治得失·宋代」：三 宋代赋税制度四 宋代兵役制度与国防弱点第四讲 明代一 明代政府组织二 明代考…？	三 宋代赋税制度四 宋代兵役制度与国防弱点第四讲 明代一 明代政府组织二 明代考试制度三 明代赋税制度四 明代兵制第五讲 清代一 制度与法术二 清代的部族政权三 清代部族政权下的政府四 部族政权下之考试制度五 清代的统制政策六 民众的反抗运动七 变法与革命总论〔附录〕答徐君书钱穆先生著作系列返回总目录作者简介钱穆（1895－1990），字宾四，江苏无锡人。九岁入私塾，1912年辍学后自学，并任教于家乡的中小学。1930年经顾颉刚推荐，聘为燕京大学国文讲师，后历任北京大学、清华大学、西南联大、齐鲁大学、武<br>— 钱穆 · 《钱穆国学作品集》 · p6	钱穆 钱穆国学作品集 历代政治得失宋代 命题
关于「历代政治得失·宋代」：；一面主张裁抑富厚，导致平等。这也不算得黑暗…？	；一面主张裁抑富厚，导致平等。这也不算得黑暗，不算得无理。至于此后的演变，无论在政府组织上，无论在选举制度上，无论在经济政策上，都曾发生了毛病。皇室和政府的关系，终究发生了冲突；选举制度，到底造成门阀新贵族；经济制度、兵役制度都没有弄好，都出毛病了。但我们不能因此一笔抹杀，说汉代并无制度，或说一切制度只是专制与黑暗。这是我们必该再三申说的。此下魏晋南北朝，始终没有像样的政府，因此也没有像样的制度产生，直要到唐代。但唐代已不是汉代的老样子、老制度，他又换了崭新的一套。直要待唐代的新制度又出了毛病，宋代又再换一套。此下明代、清代也如此。只因我们此刻不看重历史，不研究历史，所以说中国自秦以下两千年政治都是一样，都只是“专制”两字已可包括尽了。其实是不然的。第二讲 唐代一 唐代政府组织（一）汉唐相权之比较汉和唐，是历史上最能代表中国的两个朝代。上次讲了汉代制度，现在继续讲唐代。先讲唐代的政府。政府与皇室的划分，自汉以来即然。惟就王室论，皇位世袭法永远无何大变动，只是朝代的更换，刘家换了李家；此等事并不重要。但就政府来说，其间变化则很大。政府中最重要者为“相权”。因于相权的变动，一切制度也自随之...<br>— 钱穆 · 《钱穆国学作品集》 · p23	钱穆 钱穆国学作品集 历代政治得失宋代 命题
关于「历代政治得失·宋太祖」：下。当时唐中宗私下所封之官，时人称为“斜封官”…？	下。当时唐中宗私下所封之官，时人称为“斜封官”，因其未经正式敕封手续而为一般人所看不起。举此一例，便知中国传统政治，本不全由皇帝专制，也不能说中国人绝无法制观念。但中国政治史上所规定下的一切法制，有时往往有不严格遵守的，此亦是事实。但严格说来，则此等事总属胡闹，不可为训。只因闹得不大，皇帝私下只封几个小官职，也不致有大影响。直到宋朝，太祖赵匡胤开国为帝时，建德二年，恰逢三个宰相相继去职。太祖欲派赵普为宰相，但皇帝诏敕一定要经宰相副署；此刻旧宰相既已全体去职，一时找不到副署人，该项敕旨即无法行下。宋太祖乃召集群臣会商办法。当时有人献议说：“唐代皇帝曾有一次下敕未经宰相副署，此在甘露事变时。当时前宰相已死，皇帝临时封派宰相，即由尚书仆射参知政事者盖印。今可仿此方式办理。”同时即有人反对，谓：“唐代甘露事变，虽曾用此方式，但为乱时变通权宜办法。今大宋升平，不应采此方式。”如是再四商讨，始决定由当时开封府尹副署盖印行下。当时宋都开封，开封府尹即等于国民政府建都南京时之南京市长。恰巧当时开封府尹是赵匡义，又系宋太祖的嫡亲胞弟，后来即为宋太宗。这才算完备了这一诏敕的法定手续。根据这一点看，中国过去...<br>— 钱穆 · 《钱穆国学作品集》 · p25	钱穆 钱穆国学作品集 历代政治得失宋太 命题
关于「历代政治得失·宋朝」：”字，也不敢用朱笔，而改用墨笔。当时称为“斜封墨敕”…？	”字，也不敢用朱笔，而改用墨笔。当时称为“斜封墨敕”。此即表示此项命令未经中书、门下两省，而要请下行机关马虎承认之意。在当时便认为这是一件值得大书特书之事，因此在历史上传下。当时唐中宗私下所封之官，时人称为“斜封官”，因其未经正式敕封手续而为一般人所看不起。举此一例，便知中国传统政治，本不全由皇帝专制，也不能说中国人绝无法制观念。但中国政治史上所规定下的一切法制，有时往往有不严格遵守的，此亦是事实。但严格说来，则此等事总属胡闹，不可为训。只因闹得不大，皇帝私下只封几个小官职，也不致有大影响。直到宋朝，太祖赵匡胤开国为帝时，建德二年，恰逢三个宰相相继去职。太祖欲派赵普为宰相，但皇帝诏敕一定要经宰相副署；此刻旧宰相既已全体去职，一时找不到副署人，该项敕旨即无法行下。宋太祖乃召集群臣会商办法。当时有人献议说：“唐代皇帝曾有一次下敕未经宰相副署，此在甘露事变时。当时前宰相已死，皇帝临时封派宰相，即由尚书仆射参知政事者盖印。今可仿此方式办理。”同时即有人反对，谓：“唐代甘露事变，虽曾用此方式，但为乱时变通权宜办法。今大宋升平，不应采此方式。”如是再四商讨，始决定由当时开封府尹副署盖印行下。当时宋...<br>— 钱穆 · 《钱穆国学作品集》 · p25	钱穆 钱穆国学作品集 历代政治得失宋朝 命题
关于「历代政治得失·宋代」：段的自由兵役制。综此几点，我们可以说…？	段的自由兵役制。综此几点，我们可以说，唐代是中国历史上在政治制度方面的一个最大的转捩中枢。唐以后中国的历史演变是好是坏，那是另外一回事；但罗马帝国亡了，以后就再没有罗马。唐室覆亡以后，依然有中国，有宋、有明、有现代，还是如唐代般，一样是中国。这是中国历史最有价值、最堪研寻的一个大题目。这也便是唐代之伟大远超过罗马的所在，更是它远超过世界其他一切已往的伟大国家之所在。但专就中国史论，汉以后有唐，唐以后却再也没有像汉唐那样有声色、那样值得我们崇重歆羡的朝代或时期了。那也是值得我们警惕注意的。第三讲 宋代一 宋代政府组织（一）宋代中央政府在我们要讲的汉、唐、宋、明、清五个朝代里，宋是最贫最弱的一环。专从政治制度上看来，也是最没有建树的一环。此刻先讲宋代的中央政府，还是从相权讲起。论中国政治制度，秦汉是一个大变动。唐之于汉，也是一大变动。但宋之于唐，却不能说有什么大变动。一切因循承袭。有变动的，只是迫于时代，迫于外面一切形势，改头换面，添注涂改地在变。纵说它有变动，却不能说它有建立。宋之于唐，只好说像东汉之于西汉，有事而无政。有形势推迁，而无制度建立。（二）相权之分割宋代的相权，较唐代低落得多...<br>— 钱穆 · 《钱穆国学作品集》 · p35	钱穆 钱穆国学作品集 历代政治得失宋代 命题
关于「历代政治得失·宋代」：唐代，由宰相亲自兼领尚书的一个司…？	唐代，由宰相亲自兼领尚书的一个司，如盐铁、度支之类，为对财政问题直捷处理方便起见；此虽不可为训，究竟是由宰相来亲握财政大权，还可说得过去。而宋代，则此三个司的地位提高了，独立起来掌握着全国的财政。这是极不合理的。所以王荆公为神宗相，想要变法推行新政，第一措施，便是设立“制置三司条例司”，把户部、盐铁、度支三个衙门重新组织起来，统一到那个新衙门即“制置三司条例司”里。这一措施，在荆公是想把财政大权重新掌握到宰相手里，正如唐代之由宰相来兼领司职。司马温公对此极表反对，他说：财政该由三司管。三司失职，可以换人，不该让两府侵其事。这里却见到荆公、温公对当时制度上之一种歧见。荆公之意，是想把财政大权仍隶属于宰相。这属制度问题，非人事问题，与当时三<br>— 钱穆 · 《钱穆国学作品集》 · p36	钱穆 钱穆国学作品集 历代政治得失宋代 命题
关于「历代政治得失·宋太祖」：权，全不在宰相。这是宋初皇室在一种自卑感的私心下…？	权，全不在宰相。这是宋初皇室在一种自卑感的私心下，蓄意要减夺中书宰相职权而添设的。如是则不仅宰相和唐制不同，就是尚书成为行政总机关的制度，也都破坏了。（三）君权之侵揽以上指述宋代军事、财政、用人三权都有掣肘，都分割了，这显见是相权之低落。相权低落之反面，即是君权提升。即以朝仪言，唐代群臣朝见，宰相得有坐位，并赐茶。古所谓“三公坐而论道”，唐制还是如此。迨到宋代，宰相上朝，也一同站着不坐。这一类的转变，说来甚可慨惜。但历史演变，其间也不能尽归罪于一切是黑暗势力之作祟，或某某一二人之私心故意造作出。宋太祖在后周时，原是一个“殿前都检点”，恰似一个皇帝的侍卫长。他因缘机会，一夜之间就做了皇帝。而且像他这样黄袍加身做皇帝的，宋太祖也并不是第一个，到他已经是第四个了。几十年中间，军队要谁做皇帝，谁就得做。赵匡胤昨天还是一殿前都检点，今天是皇帝了；那是五代乱世最黑暗的表记。若把当时皇帝来比宰相，宰相却有做上一二十年的。相形之下，皇帝反而不像样。试看五代时，有那几个皇帝获得像冯道般的客观地位与受人尊崇呢？然而皇帝到底该是一皇帝，他是一国之元首；皇帝太不像样了，其他一切官，会连带不像样。现在要拨乱返治...<br>— 钱穆 · 《钱穆国学作品集》 · p36	钱穆 钱穆国学作品集 历代政治得失宋太 命题
关于「历代政治得失·宋代」：据此诸点，可证宋代宰相之失职。然而我们也不能因此便联想到像我们现代所说的中国传统…？	据此诸点，可证宋代宰相之失职。然而我们也不能因此便联想到像我们现代所说的中国传统政治只是独裁与专制。宋初有一件故事。宋太祖时，遇某官出缺，他叫宰相赵普拟名。赵普拟后交给太祖。恰好这人是太祖平时最讨厌的，他愤然说：“这人怎好用！”就把这纸撕了，掷在地。赵普不作声，把地上废纸检起来藏了。过一两天，太祖又要赵普拟。赵普早把前日检起的破纸用浆糊黏贴了携带身边，即又把这纸送上。太祖诧问：“如何还是此人？”赵普答道：“据某意见，暂时更无别人合适。”太祖也悟了，点头说：“既如此，便照你意见用吧！”我们讲到这一故事，还可想象赵普<br>— 钱穆 · 《钱穆国学作品集》 · p37	钱穆 钱穆国学作品集 历代政治得失宋代 命题
关于「历代政治得失·宋代」：皇帝用宰相，宰相用谏官，谏官的职责是专门谏诤皇帝的过失…？	皇帝用宰相，宰相用谏官，谏官的职责是专门谏诤皇帝的过失。这和御史大夫不同。御史大夫是监察政府百官的；谏官不监察政府，他只纠绳皇帝。如是，若把谏官也看作是监察官，则中国历史上之监察官，应分台、谏两种。“台”是指的御史台。唐代的台官，虽说是天子的耳目；而唐代的谏官，则是宰相的唇舌。御史监察权在唐代已离相权而独立，但谏诤权则仍在宰相之手。这一制度，到宋代又变了。谏官本隶属于门下省，而宋代则谏垣独立，并无长官。换言之，这些谏官现在是不直接属于宰相了。而且宋制，谏官不准由宰相任用；于是台官、谏官同为须由皇帝亲擢了。本来谏官之设，用意在纠绳天子，并不是用来纠绳宰相。对皇帝才称“谏”。而且谏官也明明是宰相的属官。现在谏官脱离了门下省，就变成了秃头的，独立的，不隶属于宰相了。而又是由皇帝所亲擢，不得用宰相所荐举。于是谏官遂转成并不为纠绳天子，反来纠绳宰相。于是谏垣遂形成与政府对立之形势。谏官本是以言为职，无论什么事什么地方他都可以讲话，不讲话就是不尽职，<br>— 钱穆 · 《钱穆国学作品集》 · p38	钱穆 钱穆国学作品集 历代政治得失宋代 命题
关于「历代政治得失·宋代」：宋代地方政府分三级。最高一级称“路”…？	宋代地方政府分三级。最高一级称“路”，相当于唐代之“道”。最先分十五路，后来分成二十多路。中一级是府、州、军、监，相当于唐代之州、府。最低一级仍是县。自五代以来，地方行政长官全属军人。宋太祖杯酒释兵权，把各将官的兵权削了，武臣不再带兵，自然也不准再管地方民政。这些勋臣武官，也在长期混乱中厌倦了，觉悟了，不再争持。他们仅拥一官号，中央替他们在首都供给了大的宅第，丰厚的俸禄，叫他们安住下来。比如你是江苏督军，中央还是保留你江苏督军的名衔，但请你在中央住着。江苏省的事，另外派人去，派去的则是一位文臣了。这<br>— 钱穆 · 《钱穆国学作品集》 · p39	钱穆 钱穆国学作品集 历代政治得失宋代 命题
关于「历代政治得失·宋代」：切制度皆然的。但制度逐步严密化，有时反而失却本义…？	切制度皆然的。但制度逐步严密化，有时反而失却本义，而专在防弊上着想。宋代考试制度，是远比唐代严格了，那时则有糊名之制，所凭则真是考试成绩。其实考试成绩只是一日之短长，故有主考官存心要录取他平日最得意的门生从学，而因是糊名，寻觅不出该人之卷，而该人终于落第的。如是则考试防制严了，有时反得不到真才。又唐代考试在礼部，分发任用在吏部。礼部及第，未必即获任用；因而仍多经各衙门长官辟署，在幕府作僚吏，而借此对政事却先有了一番实习。宋代则因经历五代长期黑暗，人不悦学，朝廷刻意奖励文学，重视科举，只要及第即得美仕；因此反而没有如唐代般还能保留得两汉以来一些切实历练之遗风美意。这些<br>— 钱穆 · 《钱穆国学作品集》 · p40	钱穆 钱穆国学作品集 历代政治得失宋代 命题
关于「历代政治得失·宋代」：给养。这明知道不好办，但也得勉强办…？	给养。这明知道不好办，但也得勉强办。军队常川来往，这些地方领袖就变成专是对上办差。地方行政官却感到有此一种人，又省事，又易督责；于是即使地方上没有这样人，也硬要举出一个两个来。军队像水一样的流，到了某地就要派差；所以办差的办上三五年，家私就垮了。一个垮了，再找另一个。以后即使没有军队需索，地方长官也依然沿着旧习，仍要地方照常办差。这样就变成地方又多了一笔负担。而更坏的是使地方上没有一个能兴旺的家。兴旺了，派差便轮到他。这是宋代之所谓“差役法”。宋代之差役，也如秦代之戍边，都是由前面历史沿袭下来；政府没有仔细注意，而遂为社会之大害。王荆公变法，始订出“免役钱”的办法来。由政府规定，叫地方出钱，每家摊派。如此可免地方上私家为政府办公差破产之苦。但这件事引起了很大的争论。因为要民众摊出免役钱，岂不又要增重民众的负担？但王荆公的主张，认为政府既不免要向地方需索，与其择肥而噬，使一家一家排着次第破产；不如平均摊派，为害转轻。以后司马温公做宰相，他对荆公新法，一切反对，因要恢复差役。其时荆公已退休在南京，听得此消息，他说：“这件<br>— 钱穆 · 《钱穆国学作品集》 · p41	钱穆 钱穆国学作品集 历代政治得失宋代 命题
关于「历代政治得失·宋太祖」：能过分来责备宋人。在唐末五代时，藩镇骄横…？	能过分来责备宋人。在唐末五代时，藩镇骄横，兵乱频仍；当时社会几乎大家都当兵，读书人像要没有了。开头军队还像样，以后都变成了老弱残兵。军队不能上阵打仗，便把来像罪犯般当劳役用。其时凡当兵的，都要面上刺花字，称为“配军”，防他逃跑。如《水浒传》里的宋江、武松一类人，脸上刺了字，送到某地方军营中当兵作苦工，人家骂他“贼配军”。这事远从五代起，直到宋朝，没有能彻底改。这样的军队，当然没有用。其实这些军队，在汉是更役，在唐则是庸。而宋代之所谓役，在汉代却是地方自治之代表。此种转变，极不合理。只因积重难返，宋太祖也只能在这种军队中挑选一批精壮的，另外编队，就叫“禁军”。禁军的挑选，身长体重都有规定。起先用一个活的兵样，后来用木头做成一人样子，送到各地方各队伍；合这标准的，就送中央当禁军。因此禁军比较像样。不合这标准的，留在地方做厢军。“厢”是城厢之义，“厢军”是指驻在各地方城厢的。这些兵，并不要他们上阵打仗，只在地方当杂差。地方政府有什么力役，就叫他们做。照理，宋代开国第一件该做的事，便是裁兵复员。而宋代却只照上面所说的这样裁，至于复员则始终复不了。这也因宋代得天下，并未能真个统一了全国。他们的大...<br>— 钱穆 · 《钱穆国学作品集》 · p41	钱穆 钱穆国学作品集 历代政治得失宋太 命题
关于「历代政治得失·宋朝」：法，但后来对司马温公主张复役又反对了…？	法，但后来对司马温公主张复役又反对了。温公力主执行，东坡对他说：“从前我们反对王安石不许人有异议，为什么你执政了，又不许别人有异议呢？”但温公终于不听。旁边跑出来一个蔡京，他挺胸力保说我三个月可以把差役法办成。结果终于给他办成了。但是后来驱逐温公旧党重行新法的，即是这个蔡京。现在大家都知道蔡京是个坏人了，在当时连司马温公也认他是好人。我们专凭此一制度之变动与争执，可见要评定一制度之是非得失利害分量，在当时是并不容易的。而人物之贤奸则更难辨。但蔡京害了温公尚浅，他害了荆公却深。因他后来主张新法，把宋朝弄坏了，后世遂连荆公都骂作小人。岂不是蔡京连累了王荆公遭受此不白之冤？但王荆公的免役法，则直到清代，直到今天，中国社会便一向不再有力役了。然而正因为没有役，人口就不要详密计算。中国政府的户口册子，宋代有，明代有，清代开始有，后来逐渐没有了。即便宋、明两代有，也不觉重要，因而不甚可靠了。王荆公的免役法，还得人人出钱免役；明代有“一条鞭”法，又把丁税归到田租里，便不看重人丁了。到清代中叶以后，有“地丁摊粮永不增赋”之令，于是便不要丁册了。然而这样一来，变成只有土地与政府发生了直接关系，人口与政府...<br>— 钱穆 · 《钱穆国学作品集》 · p41	钱穆 钱穆国学作品集 历代政治得失宋朝 命题
关于「历代政治得失·宋代」：边，还不容易。所以都洛阳还比较好…？	边，还不容易。所以都洛阳还比较好。若能恢复汉唐规模，更向西建都西安，那当然更好。但宋太祖为何不都洛阳、西安，而偏要建都开封呢？这也有他的苦衷。因为当时国防线早经残破，燕云失地未复，他不得不养兵。养兵要粮食。而当时的军粮，也已经要全靠长江流域给养。古代所谓大河中原地带，早在唐末五代残破不堪，经济全赖南方支持。由扬州往北有一条运河；这不是元以后的运河，而是从扬州往北沿今陇海线西达开封的；这是隋炀帝以来的所谓通济渠。米粮到了开封，若要再往洛阳运，那时汴渠已坏。若靠陆路运输，更艰难，要浪费许多人力物力。宋代开国，承接五代一段长期混乱黑暗残破的局面，没有力量把军粮再运洛阳去。长安一片荒凉，更不用提。为要节省一点粮运费用，所以迁就建都在开封。宋太祖当时也讲过，将来国家太平，国都还是要西迁的。在当时本有两个国策：一是先打黄河北岸，把北汉及辽打平了，长江流域就可不打自下。这个政策是积极进取的，不过也很危险。假使打了败仗，连退路都没有。一个是先平长江流域，统一了南方，再打北方。这个政策比较持重稳健。宋太祖采了第二策，先平南方，却留着艰难的事给后人做。所以宋太祖临死，听他母亲话，传位他弟弟赵匡义，这是宋太...<br>— 钱穆 · 《钱穆国学作品集》 · p42	钱穆 钱穆国学作品集 历代政治得失宋代 命题
关于「历代政治得失·宋太祖」：得第二道国防线；要一气冲到黄河边…？	得第二道国防线；要一气冲到黄河边，还不容易。所以都洛阳还比较好。若能恢复汉唐规模，更向西建都西安，那当然更好。但宋太祖为何不都洛阳、西安，而偏要建都开封呢？这也有他的苦衷。因为当时国防线早经残破，燕云失地未复，他不得不养兵。养兵要粮食。而当时的军粮，也已经要全靠长江流域给养。古代所谓大河中原地带，早在唐末五代残破不堪，经济全赖南方支持。由扬州往北有一条运河；这不是元以后的运河，而是从扬州往北沿今陇海线西达开封的；这是隋炀帝以来的所谓通济渠。米粮到了开封，若要再往洛阳运，那时汴渠已坏。若靠陆路运输，更艰难，要浪费许多人力物力。宋代开国，承接五代一段长期混乱黑暗残破的局面，没有力量把军粮再运洛阳去。长安一片荒凉，更<br>— 钱穆 · 《钱穆国学作品集》 · p42	钱穆 钱穆国学作品集 历代政治得失宋太 命题
关于「历代政治得失·明代」：真是皇宫里的秘书了。汉代开始的尚书…？	真是皇宫里的秘书了。汉代开始的尚书，其职权地位本不高，后来才愈弄愈大。最先尚书只是六尚之一。这是皇帝的秘书处。若说到宰相的秘书处，共有十三个部门，即是当时所谓的“十三曹”，一个“曹”等于现在一个“司”。我们且列举此十三曹的名称，便可看出当时宰相秘书处组织之庞大，与其职权之广泛。一、西曹：主府吏署用。二、东曹：主二千石长吏迁除，并包军吏在内。二千石是当时最大的官，以年俸有两千石谷得名。可见朝廷一切官吏任免升降，都要经宰相的秘书处。三、户曹：主祭祀农桑。四、奏曹：管理政府一切章奏，略如唐代的枢密院、明代的通政司。五、词曹：主词讼。此属法律民事部分。六、法曹：掌邮驿科程。这像现在的交通部。“科程”是指一切交通方面之时限及量限等。七、尉曹：主卒徒转运，是管运输的，略如清代之有漕运总督。<br>— 钱穆 · 《钱穆国学作品集》 · p13	钱穆 钱穆国学作品集 历代政治得失明代 命题
关于「历代政治得失·明代」：导致平等。这也不算得黑暗，不算得无理…？	导致平等。这也不算得黑暗，不算得无理。至于此后的演变，无论在政府组织上，无论在选举制度上，无论在经济政策上，都曾发生了毛病。皇室和政府的关系，终究发生了冲突；选举制度，到底造成门阀新贵族；经济制度、兵役制度都没有弄好，都出毛病了。但我们不能因此一笔抹杀，说汉代并无制度，或说一切制度只是专制与黑暗。这是我们必该再三申说的。此下魏晋南北朝，始终没有像样的政府，因此也没有像样的制度产生，直要到唐代。但唐代已不是汉代的老样子、老制度，他又换了崭新的一套。直要待唐代的新制度又出了毛病，宋代又再换一套。此下明代、清代也如此。只因我们此刻不看重历史，不研究历史，所以说中国自秦以下两千年政治都是一样，都只是“专制”两字已可包括尽了。其实是不然的。第二讲 唐代一 唐代政府组织（一）汉唐相权之比较汉和唐，是历史上最能代表中国的两个朝代。上次讲了汉代制度，现在继续讲唐代。先讲唐代的政府。政府与皇室的划分，自汉以来即然。惟就王室论，皇位世袭法永远无何大变动，只是朝代的更换，刘家换了李家；此等事并不重要。但就政府来说，其间变化则很大。政府中最重要者为“相权”。因于相权的变动，一切制度也自随之变动。唐代政府和汉代...<br>— 钱穆 · 《钱穆国学作品集》 · p23	钱穆 钱穆国学作品集 历代政治得失明代 命题
关于「历代政治得失·明代」：。结果终于给他办成了。但是后来驱逐温公旧党重行新法的…？	。结果终于给他办成了。但是后来驱逐温公旧党重行新法的，即是这个蔡京。现在大家都知道蔡京是个坏人了，在当时连司马温公也认他是好人。我们专凭此一制度之变动与争执，可见要评定一制度之是非得失利害分量，在当时是并不容易的。而人物之贤奸则更难辨。但蔡京害了温公尚浅，他害了荆公却深。因他后来主张新法，把宋朝弄坏了，后世遂连荆公都骂作小人。岂不是蔡京连累了王荆公遭受此不白之冤？但王荆公的免役法，则直到清代，直到今天，中国社会便一向不再有力役了。然而正因为没有役，人口就不要详密计算。中国政府的户口册子，宋代有，明代有，清代开始有，后来逐渐没有了。即便宋、明两代有，也不觉重要，因而不甚可靠了。王荆公的免役法，还得人人出钱免役；明代有“一条鞭”法，又把丁税归到田租里，便不看重人丁了。到清代中叶以后，有“地丁摊粮永不增赋”之令，于是便不要丁册了。然而这样一来，变成只有土地与政府发生了直接关系，人口与政府却像没有直接关系了。一个国民，只要没有田地，不应科举考试，不犯政府法令，甚至他终身可以与国家不发生丝毫直接关系。这又岂是中国政治上历来看重轻徭薄赋制的理想者所预期而衷心赞成的呢？四 宋代兵役制度与国防弱点宋代...<br>— 钱穆 · 《钱穆国学作品集》 · p41	钱穆 钱穆国学作品集 历代政治得失明代 命题
关于「历代政治得失·明代」：定其他制度，自该无一是处了。其实中国自古立国…？	定其他制度，自该无一是处了。其实中国自古立国，也没有不以战斗攻势立国的。秦始皇帝的万里长城，东起大同江，西到甘肃兰州黄河铁桥；较之宋代这一条拒马河，怎好相提并论呢？况且纵使是万里长城，也该采用攻势防御。所以终于逼出汉武帝的开塞出击。宋代军队又完全用在消极性的防御上。这固然是受了唐代的教训深，才矫枉过正至于如此。进不可攻，退不可守。兵无用而不能不要兵，始终在国防无办法状态下支撑。幸而还是宋代特别重视了读书人，军队虽未整理好，而文治方面仍能复兴；以此内部也还没有出什么大毛病。其大体得失如是。第四讲 明代一 明代政府组织（一）明代之中央政府<br>— 钱穆 · 《钱穆国学作品集》 · p43	钱穆 钱穆国学作品集 历代政治得失明代 命题
关于「历代政治得失·明代」：明代是中国近代史的开始时期，同时也是世界近代史的开始时期…？	明代是中国近代史的开始时期，同时也是世界近代史的开始时期。从明迄今，六个世纪，五百多年，西方欧洲走上一个新的近代史阶段；中国也复如是。明以后接着就是清。我们要了解清代，该先了解明代，现代中国大体是由明开始的。可惜的是西方历史这一阶段是进步的，而中国这一阶段则退步了。至少就政治制度来讲，是大大退步了。倘使我们说，中国传统政治是专制的，政府由一个皇帝来独裁；这一说法，用来讲明、清两代是可以的。若论汉、唐、宋诸代，中央政府的组织，皇权、相权是划分的。其间比重纵有不同，但总不能说一切由皇帝专制。到了明太祖洪<br>— 钱穆 · 《钱穆国学作品集》 · p44	钱穆 钱穆国学作品集 历代政治得失明代 命题
关于「历代政治得失·明制」：是由御史台变来的，专掌弹劾纠察。全国各事都在都察院监督之下…？	是由御史台变来的，专掌弹劾纠察。全国各事都在都察院监督之下。把都察院和六部合起，并称“七卿”。七卿之外，还加一个“通政司”，一个“大理院”，则称“九卿”。通政司管理章奏，全国中外一切奏章送给皇帝的，都归通政司；这是一个公文出纳的总机关。大理院主平反，一切刑法案件到最后判决不了，有什么冤枉，都可以到大理院求平反。刑部尚书加上都察院和大理院，又叫做“三法司”，这都是司法机关。朝廷一切重大司法案件，就由三法司会审。上述的九卿，实际上只前面七卿比较重要，后面两个卿就不重要了。在这九卿之上，更无首长。所以明制是“有卿而无公”，成了一个多头政府。刑部不能管吏部，吏部不能管户部；政府诸长官全成平列，上面总其成者是皇帝。武官则有大都督。全国有五个大都督府。（唐朝有十六个卫。）他们都只管出外打仗时带着兵。至于征调军队，一切动员工作，这是兵部的事，不在大都督职权内。明代政府经过这样的改变，一切大权就集中到皇帝。我们若把明代政府这样的组织，来回头和汉、唐、宋各代的传统政府一比较，便知以前宰相职权在政府之重要。但明代虽说一切事权集中在皇帝，究竟还有历史旧传统，亦并不是全由皇帝来独裁。有许多事，是必经廷推、廷议...<br>— 钱穆 · 《钱穆国学作品集》 · p44	钱穆 钱穆国学作品集 历代政治得失明制 命题
关于「历代政治得失·明代」：（二）明代内阁制度然无论如何，在明代…？	（二）明代内阁制度然无论如何，在明代，一切事，总之是皇帝最后总其成。但皇帝一人当然管不尽这许多事，因此我们就得讲一讲皇帝的秘书处。明代皇帝的秘书处，当时称为“内阁”。秘书便是“内阁大学士”。因为皇帝在宫里办公，他需要几个秘书帮他忙。这些人的办公地点在中极、建极、文华、武英四殿，还有文渊阁、东阁两阁。这些处都在内廷，所以这些人就称为“内阁学士”或“内阁大学士”。内阁学士原本的官阶只五品，而六部尚书是二品，可见内阁学士在朝廷上地位并不高。上朝排班，大学士的朝位班次也在尚书的下面。今且说这些大学士做些什么事情呢<br>— 钱穆 · 《钱穆国学作品集》 · p45	钱穆 钱穆国学作品集 历代政治得失明代 命题
关于「历代政治得失·明制」：前面来办公。距离既相当远，北平之气候九月就结冰…？	前面来办公。距离既相当远，北平之气候九月就结冰，次年二三月才解冻，早上天气尤其冷。而中国政府传统习惯，会议上朝，总要在日出前。早上天不亮就朝会，皇帝也须黎明即起，等到太阳出来便散会了。一般做官人，多半住宫城外，远的如前门外骡马市大街等处。早上跑进皇宫有很远的一段路，骑着一匹马，带着一个仆人，掌一盏灯笼，四更五更就要去。到了紫禁城，还得下马。仍准骑马的只有少数几个人。一律须先到朝房，静候皇帝上朝。皇帝出来，天还没大亮。遇到天气寒冷，那时也没有近代的防寒设备，火炉很简陋，生些炭火，不过摆摆样子而已。明制一天有三次朝，称“早朝”“午朝”“晚朝”。如是则皇帝要三次出面见群臣及民众。明制常朝有两种，一叫“御殿”，一叫“御门”。御殿又称内朝，是在大殿内朝会议事。御门是到奉天门，就在阳台上，让老百姓也可以见面说话。现在西方国家有什么大集会，还有在阳台上讲话的风气；我们称这是一种民主政治的精神。其实清朝故宫的午门，就是预备皇帝和民众见面的阳台。不过这种制度清朝没有行，但明朝却有。皇帝一天要上朝三次，多少的麻烦！明太祖是开国皇帝，天下是他打来的。以前他是皇觉寺和尚，扫地挑水也干过；他有这样精力，可以做独...<br>— 钱穆 · 《钱穆国学作品集》 · p45	钱穆 钱穆国学作品集 历代政治得失明制 命题
关于「历代政治得失·明太祖」：天还没大亮。遇到天气寒冷，那时也没有近代的防寒设备…？	天还没大亮。遇到天气寒冷，那时也没有近代的防寒设备，火炉很简陋，生些炭火，不过摆摆样子而已。明制一天有三次朝，称“早朝”“午朝”“晚朝”。如是则皇帝要三次出面见群臣及民众。明制常朝有两种，一叫“御殿”，一叫“御门”。御殿又称内朝，是在大殿内朝会议事。御门是到奉天门，就在阳台上，让老百姓也可以见面说话。现在西方国家有什么大集会，还有在阳台上讲话的风气；我们称这是一种民主政治的精神。其实清朝故宫的午门，就是预备皇帝和民众见面的阳台。不过这种制度清朝没有行，但明朝却有。皇帝一天要上朝三次，多少的麻烦！明太祖是开国皇帝，天下是他打来的。以前他是皇觉寺和尚，扫地挑水也干过；他有这样精力，可以做独裁的皇帝。明成祖也还是亲手打天下，他是封出去的王，从北京打到南京来篡了皇位；他也有精力可以亲裁庶务。再下去的儿孙，生长在深宫，精力逐代萎缩，便不能这样做。甚至不能天天出来上朝见群臣。今天不上朝，明天事情就接不上。事情接不上，不能叫文武百官在那里老等着。也不能群臣们说了话，皇帝无辞可答。后来皇帝便只有偷懒，把政权交付与内阁。阁权慢慢地重起来。不过阁权虽重，而他们的官阶还是低，仍只五品。因此通常内阁大学士都由...<br>— 钱穆 · 《钱穆国学作品集》 · p45	钱穆 钱穆国学作品集 历代政治得失明太 命题
关于「历代政治得失·明朝」：。一律须先到朝房，静候皇帝上朝。皇帝出来…？	。一律须先到朝房，静候皇帝上朝。皇帝出来，天还没大亮。遇到天气寒冷，那时也没有近代的防寒设备，火炉很简陋，生些炭火，不过摆摆样子而已。明制一天有三次朝，称“早朝”“午朝”“晚朝”。如是则皇帝要三次出面见群臣及民众。明制常朝有两种，一叫“御殿”，一叫“御门”。御殿又称内朝，是在大殿内朝会议事。御门是到奉天门，就在阳台上，让老百姓也可以见面说话。现在西方国家有什么大集会，还有在阳台上讲话的风气；我们称这是一种民主政治的精神。其实清朝故宫的午门，就是预备皇帝和民众见面的阳台。不过这种制度清朝没有行，但明朝却有。皇帝一天要上朝三次，多少的麻烦！明太祖是开国皇帝，天下是他打来的。以前他是皇觉寺和尚，扫地挑水也干过；他有这样精力，可以做独裁的皇帝。明成祖也还是亲手打天下，他是封出去的王，从北京打到南京来篡了皇位；他也有精力可以亲裁庶务。再下去的儿孙，生长在深宫，精力逐代萎缩，便不能这样做。甚至不能天天出来上朝见群臣。今天不上朝，明天事情就接不上。事情接不上，不能叫文武百官在那里老等着。也不能群臣们说了话，皇帝无辞可答。后来皇帝便只有偷懒，把政权交付与内阁。阁权慢慢地重起来。不过阁权虽重，而他们的官...<br>— 钱穆 · 《钱穆国学作品集》 · p45	钱穆 钱穆国学作品集 历代政治得失明朝 命题
关于「历代政治得失·明代」：是说用一个小条子（即票）拟具意见…？	是说用一个小条子（即票）拟具意见，送皇帝斟酌。待皇帝自己看过，拿这条子撕了，亲用红笔批下，名为“批红”，亦称“朱批”。批好拿出去，这便是正式的谕旨。在唐代，一切政令由宰相拟定，送皇帝画敕。在宋代，是宰相向皇帝上劄子，先得皇帝同意或批改，再正式拟旨。现在明代，则一切诏令皆出皇帝亲旨，大学士只替皇帝私人帮忙，全部责任在皇帝。而皇帝失职，却并无办法，算只有给事中有时可以封驳。给事中究竟是太小的官位，那能拗得过皇帝？所以明代制度，可以说是由皇帝独裁了。不过碰到大事情，皇帝还是要到文华殿、武英殿来同那批大学士当面商量；只小事情不重要的，由内阁写了条子送进皇宫给皇帝慢慢地批。但我们应知明代的天下，将近三百年之久。最初是皇帝亲自在内阁；后来有些皇帝不常到内阁，由内阁条旨、票拟送进去批。甚至有几个皇帝则长久不管事，因不管事而更不能管事，就变成怕见大臣了；于是经年<br>— 钱穆 · 《钱穆国学作品集》 · p46	钱穆 钱穆国学作品集 历代政治得失明代 命题
关于「历代政治得失·明太祖」：内阁条旨、票拟送进去批。甚至有几个皇帝则长久不管事…？	内阁条旨、票拟送进去批。甚至有几个皇帝则长久不管事，因不管事而更不能管事，就变成怕见大臣了；于是经年累月，不再到内阁，一切公事都要送进宫里去。最有名的就是万历皇帝明神宗，他做了几十年皇帝，有二十几年没有上过朝，政府里大臣都没有见过他一面。当时人传说他抽大烟，真假不知，不过这也很可能。自宪宗成化以后，到熹宗天启，前后一百六十七年，皇帝也都没有召见过大臣。但我们也不能尽怪这些皇帝的不好，因他们精力、智力有限，天天困在深宫，而要处决一应国家大事，这何等的不容易！无怪他们要怕事偷懒，避不上朝。我们只该怪明太祖订下那制度的不好。即是废宰相而由皇帝来独裁政事，那一制度却实在要不得。现在再说皇帝和内阁日常不见面，于是皇帝和内阁中间的接触，就多出一重太监上下其手的机会。皇帝有事交付与太监，再由太监交给内阁。内阁有事，也同样送太监，再由太监上呈与皇帝。这样，太监就慢慢的弄了权。甚至皇帝嫌麻烦，自己不批公事，私下叫太监批。“批红”的实权，落到太监手里，太监变成了真皇帝，掌握政府一切最高最后的决定权。遇到太监懒批的，便把来当作包鱼包肉的废纸用。这种黑暗腐败，在历史上，只有明代有。太监领袖称“司礼监”。明代政...<br>— 钱穆 · 《钱穆国学作品集》 · p46	钱穆 钱穆国学作品集 历代政治得失明太 命题
关于「历代政治得失·明代」：认为张居正是一大政治家，他能主张讲法治…？	认为张居正是一大政治家，他能主张讲法治；其实他本身就已违法了，而且违反了当时国家的大本大法呀！该皇帝管的事，他来管，那岂非不法之至吗？若张居正在汉、唐、宋三代，那是一好宰相。依明代制度论，张居正是一内阁学士，不是政府中最高领袖，不得以内阁学士而擅自做宰相。这是明代政制上最大的法理，也是明代之所以异于汉、唐、宋传统的。张居正要以相体自居，他一死，他家就被抄了。虽然他在明代有很大的建树，但当时清议，并不讲他好话。这就因为认他是一个权臣，非大臣。这不是专就他功业言，而是由他在政府之地位上的正义言。此刻我们要提倡法治，却又来推尊张居正，这正为不了解明代政治制度。当知明代的政治制度，早和汉、唐、宋传统有了很大的变化。张居正并未能先把当时制度改正，却在当时制度下曲折谋求事功。至少他是<br>— 钱穆 · 《钱穆国学作品集》 · p47	钱穆 钱穆国学作品集 历代政治得失明代 命题
关于「历代政治得失·明制」：死，他家就被抄了。虽然他在明代有很大的建树…？	死，他家就被抄了。虽然他在明代有很大的建树，但当时清议，并不讲他好话。这就因为认他是一个权臣，非大臣。这不是专就他功业言，而是由他在政府之地位上的正义言。此刻我们要提倡法治，却又来推尊张居正，这正为不了解明代政治制度。当知明代的政治制度，早和汉、唐、宋传统有了很大的变化。张居正并未能先把当时制度改正，却在当时制度下曲折谋求事功。至少他是为目的不择手段，在政治影响上有利弊不相抵的所在呀！我们以上的说法，只就制度与法理论，不从事业和居心论。至少在当时那些反对派的意见是如此。我们详细讲述这一层，正为阐明制度如何牵制着人事。而明代此项制度之要不得，也就即此更可论定了。（三）明代地方政府地方政治一向是中国政治史上最大一问题。因为中国国家大，地方行政之好坏，关系最重要。明代亡国以后，当时有两位大史学家，痛定思痛，来讨论明代政治制度，和此下中国政治的出路。一位是黄梨洲，他著了一部《明夷待访录》。他最注意的是明代废宰相那一事。他认为将来只有再立宰相，正名定义，把宰相来做政府领袖，不要由皇帝亲揽大权。另一位顾亭林，著有一部《日知录》。他曾说：天下太平，则小官多，大官少；天下之乱，则必然是大官多而小官少。...<br>— 钱穆 · 《钱穆国学作品集》 · p47	钱穆 钱穆国学作品集 历代政治得失明制 命题
关于「历代政治得失·明代」：要讲明代地方行政，最重要该首先提到的…？	要讲明代地方行政，最重要该首先提到的，就是现在的所谓省区制度了。今天我们还用着“行省”这名词。行省制度，不始于明代，这是从元代开始的。也可说金代先已有行省了。但正式成为制度的是元代。我们今天俗称江苏省、浙江省，省像是地域名。但历史上“省”字原始是衙门名，非地域名。在金、元两代，开始有“行中书省”。中书省是当时中央的宰相府，一般称为“都省”。行中书省是由中央宰相府（都省）分出一个机关驻扎在外面。这因蒙古人征服中国，不敢把政权分散，要完全把握集中在中央。某地方出了事，就由中央宰相府派一两个人去镇压。“行省”<br>— 钱穆 · 《钱穆国学作品集》 · p48	钱穆 钱穆国学作品集 历代政治得失明代 命题
关于「历代政治得失·明朝」：。行省制度的历史来源确如此。所以直沿袭到近代…？	。行省制度的历史来源确如此。所以直沿袭到近代，依然有其痕迹可寻。我们现代的省区分划，和唐宋时代的“道”和“路”都不同。如江苏徐州，是一个军事重镇，它一面是山东，一面是河南与安徽。徐州属江苏省，但它的外围，江苏管不着；如是则江苏的总督或巡抚就无法控制了。南京也是一军事重镇，但如广德不守，或者芜湖放弃了，南京也不能保；而广德、芜湖也都不在江苏的管辖内。任何一省都如此。给你这一半，割去你那一半。好使全国各省，都成支离破碎。既不能统一反抗，而任何一区域也很难单独反抗。这是行省制的内在精神。元代这一制度，明朝人自然懂得他用意。明代人明知这一制度在名义上就说不通。而且明代已废去了中书省，更何来行中书省？所以把行省长官改成为“承宣布政使”。全国正式划分为十三“承宣布政使司”。“使”是指的官，“司”是指的衙门。我们若正名讲，该说明代的地方行政分成为十三个布政使司；不该说它分成了多少行省，或说多少省。到清代，在承宣布政使之上，又常设有巡抚和总督。巡抚、总督在明代是非常设的官，故地方行政首长之最高一级是布政使。但称布政使司为行政区域，已经是名不正，言不顺；就官制言，地方区域，也不该称为“司”。而清代则更无...<br>— 钱穆 · 《钱穆国学作品集》 · p48	钱穆 钱穆国学作品集 历代政治得失明朝 命题
关于「历代政治得失·明代」：内，如何说它不是中国之本部？这原是外族敌人有意混淆是非造出来做侵略的口实…？	内，如何说它不是中国之本部？这原是外族敌人有意混淆是非造出来做侵略的口实。此刻又有所谓华南、华中、华北等称呼。试问中国政治区域上，有没有这些分法呢？中国人不注意，大家跟着这样叫，现在还没有事，不要紧；十年二十年以后，说不定政治上，外交上，又发生问题。连我们的脑筋里，观念上，也会发生问题的。如想我们是华南，你们是华北；这些观念，都会发生很大作用。这因讲元代的行省，而牵连涉及。这都该值得我们警惕的。省区的“省”字，根本是一个不祥的名称；最好以后能在新的地方政治区域之划分下把这字革除，再不沿袭。（五）明代地方监司官及督抚再说明代地方长官，与“承宣布政使”并列的，还有一个“提刑按察使”。布政使管行政，按察使管司法。又有一个“都指挥使”，管军事。三个司合称为“三司”。承宣布政使司又叫“藩司”，提刑按察使司叫“臬司”。清时俗呼藩台、臬台。照理，臬司尚可称“台”，如御史行台之例。按察使本该流动考察，不常川驻定一地方。但明、清两代都已固定有驻地，称“台”已不合理。至于承宣布政使司，全省行政都归他管，更不该称“台”。布政使下面有参政、参议等官，提刑按察使下面有副使、佥事等官；这种官派出去，叫“分司”。分...<br>— 钱穆 · 《钱穆国学作品集》 · p49	钱穆 钱穆国学作品集 历代政治得失明代 命题
关于「历代政治得失·清代」：”，一个“曹”等于现在一个“司”…？	”，一个“曹”等于现在一个“司”。我们且列举此十三曹的名称，便可看出当时宰相秘书处组织之庞大，与其职权之广泛。一、西曹：主府吏署用。二、东曹：主二千石长吏迁除，并包军吏在内。二千石是当时最大的官，以年俸有两千石谷得名。可见朝廷一切官吏任免升降，都要经宰相的秘书处。三、户曹：主祭祀农桑。四、奏曹：管理政府一切章奏，略如唐代的枢密院、明代的通政司。五、词曹：主词讼。此属法律民事部分。六、法曹：掌邮驿科程。这像现在的交通部。“科程”是指一切交通方面之时限及量限等。七、尉曹：主卒徒转运，是管运输的，略如清代之有漕运总督。<br>— 钱穆 · 《钱穆国学作品集》 · p13	钱穆 钱穆国学作品集 历代政治得失清代 命题
关于「历代政治得失·清代」：到清代，太庙不是紧贴在皇宫的东边吗…？	到清代，太庙不是紧贴在皇宫的东边吗？古代的家庭，最重要的，可说不是活人而是死人，祭祖自属大事。宰就是掌管杀牛祭祖的。所以汉廷九卿的第一卿，也是管祭祀的。这个官，正名定义，该属于皇家，管皇家的庙，管皇家祭祖的一个家务官。不好算是朝廷公职。二、光禄勋：这个官名，直到清代还有，但这三字的原义，却早就忘失了。依文义讲，“勋”该就是“阍”，古音相同，这是皇家的门房。“光”是“大”义，“光禄”该即是“大麓”，禄、麓音同相借。为什么门房称大麓呢？此因古时代的皇帝，多半靠山住家；好像宋江在梁山泊，朱贵在山脚下开设酒店<br>— 钱穆 · 《钱穆国学作品集》 · p15	钱穆 钱穆国学作品集 历代政治得失清代 命题
关于「历代政治得失·清代」：济文化落后的地区和经济文化进步的地区…？	济文化落后的地区和经济文化进步的地区，都一样照人口比例来考选。因此中央政府里，永远有全国各地域人民之参加，不致偏荣偏枯。因此中国政府，始终是代表着全国性的，全国人民都有跑进政府的希望。而且实际上，也是全国各地永远都有人跑进中央政府的。又汉制郡县长官，例须避用本郡本县人。如是则中央政府既是绝对的代表全国性的，而地方政府却又竭力避免其陷于地方性。这样才可使大一统的局面，永远维持。而全国各地方声教相通，风气相移，却可使各地文化经济水平，永远走向融和，走向平均，不致隔绝，不致分离。这一制度，自汉代起直至清代始终沿用。这是中国传统政治制度里一最应着眼之点。惟今所欲讨论者，则为汉代之选举制，是否合于近代所谓之民权思想？第一，汉代察举，其权在地方长官，不在地方民众。长官贤良的固须采访民间舆情，选拔真才；但长官营私舞弊的，却可不顾地方民意，推选私人。二则选举了送到中央，如何分发，则悉听中央命令。后来并于选来的人，又加以一番考试。这样则岂不是汉代的选举权，实际便完全操之在上不在下吗？而且汉代选举，就大体言，最先必进学校读书，才获补吏。补吏以后，才获察举。这由教育而行政实习、由行政实习而选举、再由选举而考...<br>— 钱穆 · 《钱穆国学作品集》 · p22	钱穆 钱穆国学作品集 历代政治得失清代 命题
关于「历代政治得失·清代」：等。这也不算得黑暗，不算得无理。至于此后的演变…？	等。这也不算得黑暗，不算得无理。至于此后的演变，无论在政府组织上，无论在选举制度上，无论在经济政策上，都曾发生了毛病。皇室和政府的关系，终究发生了冲突；选举制度，到底造成门阀新贵族；经济制度、兵役制度都没有弄好，都出毛病了。但我们不能因此一笔抹杀，说汉代并无制度，或说一切制度只是专制与黑暗。这是我们必该再三申说的。此下魏晋南北朝，始终没有像样的政府，因此也没有像样的制度产生，直要到唐代。但唐代已不是汉代的老样子、老制度，他又换了崭新的一套。直要待唐代的新制度又出了毛病，宋代又再换一套。此下明代、清代也如此。只因我们此刻不看重历史，不研究历史，所以说中国自秦以下两千年政治都是一样，都只是“专制”两字已可包括尽了。其实是不然的。第二讲 唐代一 唐代政府组织（一）汉唐相权之比较汉和唐，是历史上最能代表中国的两个朝代。上次讲了汉代制度，现在继续讲唐代。先讲唐代的政府。政府与皇室的划分，自汉以来即然。惟就王室论，皇位世袭法永远无何大变动，只是朝代的更换，刘家换了李家；此等事并不重要。但就政府来说，其间变化则很大。政府中最重要者为“相权”。因于相权的变动，一切制度也自随之变动。唐代政府和汉代之不同...<br>— 钱穆 · 《钱穆国学作品集》 · p23	钱穆 钱穆国学作品集 历代政治得失清代 命题
关于「历代政治得失·清代」：事堂会议的，多时有至十几人，最少则只有两人…？	事堂会议的，多时有至十几人，最少则只有两人，即中书令及门下侍中。开会时有一主席，称为“执笔”。讨论结果，由他综合纪录，等于现在之书记长。此项主席轮流充任。有时一人轮十天，有时一人轮一天。大家的意见，不仅由他综合纪录，而且最后文字决定之权亦在他。这是唐代宰相一职，在采用委员制中的“首席”来代替领袖制的一种运用与安排。（四）尚书省与六部国家一切最高政令，一经政事堂会议决定后，便送尚书省执行。尚书省是政府里最高最大的行政机构。尚书省共分六部，即吏部、户部、礼部、兵部、刑部、工部。此六部制度，自唐代以至清代末年，推行了一千多年，不过六部次序有时略有改动。唐开始时是吏、礼、兵、民（户部）、刑、工，<br>— 钱穆 · 《钱穆国学作品集》 · p25	钱穆 钱穆国学作品集 历代政治得失清代 命题
关于「历代政治得失·清代」：全权印信者，便可全权调度，故称“节度使”…？	全权印信者，便可全权调度，故称“节度使”。节度使在其地域，可以指挥军事，管理财政，甚至该地区用人大权亦在节度使之掌握，于是便形成为“藩镇”。而且唐代边疆节度使逐渐擢用武人，于是形成一种军人割据。本意在中央集权，而演变所极，却成为尾大不掉。东汉末年之州牧即已如此，而唐代又蹈其覆辙。安史之乱即由此产生。而安史乱后，此种割据局面，更形强大，牢固不拔。其先是想中央集权，由中央指派大吏到外面去，剥夺地方官职权。而结果反而由中央派去的全权大吏在剥夺地方职权之后，回头来反抗中央，最后终至把唐朝消灭了。这与后来清代的情形也相仿佛。清代地方最高长官本为“布政使”，就如现在的省主席。清代总督、巡抚，就名义论，应该如钦差大臣般，临时掌管军事的。但结果常川驻扎地方，其权力压在布政使上面，驯致中央集权，地方无权。而到后此辈巡抚、总督，却不受中央节制，中央也便解体了。这是中国政治史上内外政权分合一大条例。<br>— 钱穆 · 《钱穆国学作品集》 · p27	钱穆 钱穆国学作品集 历代政治得失清代 命题
关于「历代政治得失·清代」：，故称“两税”。此制与租庸调制之不同…？	，故称“两税”。此制与租庸调制之不同，最显著者，据唐时人说法，两税制是“户无主客，以见居为簿”的。这是说你从江苏搬到湖北，也如湖北人一般，不分你是主是客，只要今天住在这地方，就加入这地方的户口册。如是则人口流徙，较为自由了。又说“人无丁中，以贫富为差”。这是说你有多少田，政府便向你收多少租。如是则义务劳役等种种负担，也获解放了。这不能不说是此制之好处。然而政府不再授田，民间自由兼并，所以两税制一行，便把中国古代传统的井田、王田、均田、租庸调，这一贯的平均地权、还受田亩的作法打破。这样一解放，直到清代，都是容许田亩自由买卖，自由兼并。这一制度和古制相较，也有它的毛病。据当时一般意见说，租庸调制三个项目分得很清楚，现在归并在一起，虽说手续简单，但日久相沿，把原来化繁就简的来历忘了；遇到政府要用钱，要用劳役，又不免要增加新项目。而这些新项目，本来早就有的，只已并在两税中征收了；现在再把此项目加入，岂不等于加倍征收！这是税收项目不分明之弊。而更重要的，则在此一制度规定租额的一面。中国历史上的田赋制度，直从井田制到租庸调制，全国各地租额，由政府规定，向来是一律平均的。如汉制规定三十税一，唐制则相...<br>— 钱穆 · 《钱穆国学作品集》 · p31	钱穆 钱穆国学作品集 历代政治得失清代 命题
关于「历代政治得失·清代」：兵权，把各将官的兵权削了，武臣不再带兵…？	兵权，把各将官的兵权削了，武臣不再带兵，自然也不准再管地方民政。这些勋臣武官，也在长期混乱中厌倦了，觉悟了，不再争持。他们仅拥一官号，中央替他们在首都供给了大的宅第，丰厚的俸禄，叫他们安住下来。比如你是江苏督军，中央还是保留你江苏督军的名衔，但请你在中央住着。江苏省的事，另外派人去，派去的则是一位文臣了。这就叫“知某州事”，“知某府事”。这些知州、知府，本身另有官衔，都是中央官，带着一个“知某州某府事”的临时差遣。他的本职还是一中央官，而暂去管某州某府的事。严格说来，这些还是人事，非制度，但直到清代，“知县”“知府”却变成正式官名了，这实在是不合理的。若正名定义来讲，则宋代根本无地方官，只暂时派中央官员来兼管地方事。那在制度上岂不更不合理吗？在唐代，各道首长是“观察使”。照名义，观察史是由御史台派出去考察地方行政的，也并不是正式的地方行政长官；可是后来渐渐变成地方首长了。这在唐代已讲过。到宋代又变了。这些官，在宋代又称“监司官”。每一路共有四个监司官。普通称为帅、漕、宪、仓：“帅”是安抚使，掌一路兵工民事，领军旅禁令，赏罚肃清。“漕”是转运使，掌财赋，领登耗上供，经费储积。“宪”是提刑...<br>— 钱穆 · 《钱穆国学作品集》 · p39	钱穆 钱穆国学作品集 历代政治得失清代 命题
关于「历代政治得失·清代」：为什么你执政了，又不许别人有异议呢…？	为什么你执政了，又不许别人有异议呢？”但温公终于不听。旁边跑出来一个蔡京，他挺胸力保说我三个月可以把差役法办成。结果终于给他办成了。但是后来驱逐温公旧党重行新法的，即是这个蔡京。现在大家都知道蔡京是个坏人了，在当时连司马温公也认他是好人。我们专凭此一制度之变动与争执，可见要评定一制度之是非得失利害分量，在当时是并不容易的。而人物之贤奸则更难辨。但蔡京害了温公尚浅，他害了荆公却深。因他后来主张新法，把宋朝弄坏了，后世遂连荆公都骂作小人。岂不是蔡京连累了王荆公遭受此不白之冤？但王荆公的免役法，则直到清代，直到今天，中国社会便一向不再有力役了。然而正因为没有役，人口就不要详密计算。中国政府的户口册子，宋代有，明代有，清代开始有，后来逐渐没有了。即便宋、明两代有，也不觉重要，因而不甚可靠了。王荆公的免役法，还得人人出钱免役；明代有“一条鞭”法，又把丁税归到田租里，便不看重人丁了。到清代中叶以后，有“地丁摊粮永不增赋”之令，于是便不要丁册了。然而这样一来，变成只有土地与政府发生了直接关系，人口与政府却像没有直接关系了。一个国民，只要没有田地，不应科举考试，不犯政府法令，甚至他终身可以与国家不发生...<br>— 钱穆 · 《钱穆国学作品集》 · p41	钱穆 钱穆国学作品集 历代政治得失清代 命题
关于「历代政治得失·清朝」：一盏灯笼，四更五更就要去。到了紫禁城…？	一盏灯笼，四更五更就要去。到了紫禁城，还得下马。仍准骑马的只有少数几个人。一律须先到朝房，静候皇帝上朝。皇帝出来，天还没大亮。遇到天气寒冷，那时也没有近代的防寒设备，火炉很简陋，生些炭火，不过摆摆样子而已。明制一天有三次朝，称“早朝”“午朝”“晚朝”。如是则皇帝要三次出面见群臣及民众。明制常朝有两种，一叫“御殿”，一叫“御门”。御殿又称内朝，是在大殿内朝会议事。御门是到奉天门，就在阳台上，让老百姓也可以见面说话。现在西方国家有什么大集会，还有在阳台上讲话的风气；我们称这是一种民主政治的精神。其实清朝故宫的午门，就是预备皇帝和民众见面的阳台。不过这种制度清朝没有行，但明朝却有。皇帝一天要上朝三次，多少的麻烦！明太祖是开国皇帝，天下是他打来的。以前他是皇觉寺和尚，扫地挑水也干过；他有这样精力，可以做独裁的皇帝。明成祖也还是亲手打天下，他是封出去的王，从北京打到南京来篡了皇位；他也有精力可以亲裁庶务。再下去的儿孙，生长在深宫，精力逐代萎缩，便不能这样做。甚至不能天天出来上朝见群臣。今天不上朝，明天事情就接不上。事情接不上，不能叫文武百官在那里老等着。也不能群臣们说了话，皇帝无辞可答。后来皇帝...<br>— 钱穆 · 《钱穆国学作品集》 · p45	钱穆 钱穆国学作品集 历代政治得失清朝 命题
关于「历代政治得失·清代」：弃了，南京也不能保；而广德、芜湖也都不在江苏的管辖内…？	弃了，南京也不能保；而广德、芜湖也都不在江苏的管辖内。任何一省都如此。给你这一半，割去你那一半。好使全国各省，都成支离破碎。既不能统一反抗，而任何一区域也很难单独反抗。这是行省制的内在精神。元代这一制度，明朝人自然懂得他用意。明代人明知这一制度在名义上就说不通。而且明代已废去了中书省，更何来行中书省？所以把行省长官改成为“承宣布政使”。全国正式划分为十三“承宣布政使司”。“使”是指的官，“司”是指的衙门。我们若正名讲，该说明代的地方行政分成为十三个布政使司；不该说它分成了多少行省，或说多少省。到清代，在承宣布政使之上，又常设有巡抚和总督。巡抚、总督在明代是非常设的官，故地方行政首长之最高一级是布政使。但称布政使司为行政区域，已经是名不正，言不顺；就官制言，地方区域，也不该称为“司”。而清代则更无适当称呼。于是仍沿袭称了“省”。譬如有江苏布政使，有江苏巡抚，而江苏地区则称为江苏行省或江苏省。清代《一统志》是这样称呼。其实“省”的称呼，更是名不正言不顺。又《清一统志》把省区再综合划分，如称关东三省（山海关以东）或岭南三省（广东、广西、福建）之类。这更是无意义。这是把政治地理和自然地理混淆了...<br>— 钱穆 · 《钱穆国学作品集》 · p48	钱穆 钱穆国学作品集 历代政治得失清代 命题
关于「历代政治得失·清代」：孔子说：“名不正，言不顺。”清代学者中…？	孔子说：“名不正，言不顺。”清代学者中，就有人主张不用行省或省字，而正名称为布政使司的。然而总督、巡抚又如何称呼呢？所以当时也没有人附和。然而行省之称到底是不妥。又如说“本部十八省”，那更荒谬。中国历史上根本就没有所谓“本部”“非本部”之别。秦代万里长城早已东达大同江，辽河流域永远在中国历史圈之内，如何说它不是中国之本部？这原是外族敌人有意混淆是非造出来做侵略的口实。此刻又有所谓华南、华中、华北等称呼。试问中国政治区域上，有没有这些分法呢？中国人不注意，大家跟着这样叫，现在还没有事，不要紧；十年二十年以后，说不定政治上，外交上<br>— 钱穆 · 《钱穆国学作品集》 · p49	钱穆 钱穆国学作品集 历代政治得失清代 命题
关于「历代政治得失·清朝」：方监司官及督抚再说明代地方长官，与“承宣布政使”并列的…？	方监司官及督抚再说明代地方长官，与“承宣布政使”并列的，还有一个“提刑按察使”。布政使管行政，按察使管司法。又有一个“都指挥使”，管军事。三个司合称为“三司”。承宣布政使司又叫“藩司”，提刑按察使司叫“臬司”。清时俗呼藩台、臬台。照理，臬司尚可称“台”，如御史行台之例。按察使本该流动考察，不常川驻定一地方。但明、清两代都已固定有驻地，称“台”已不合理。至于承宣布政使司，全省行政都归他管，更不该称“台”。布政使下面有参政、参议等官，提刑按察使下面有副使、佥事等官；这种官派出去，叫“分司”。分司到了清朝，俗称“道台”，普通称为“监司官”。犹如省政府派几个参议到地方上协助办事。这样一来，地方政府的事情就更不好办了。明制，地方行政制度，最低一级是县。县上面是府和州，这是第二级。上面才是省，就是承宣布政使司，是第三级。三级之外再加上分司，就变成了四级。元代是把中央政府分置到地方，就变成行中书省。明、清两代是把地方高级政府再派到低级去，这便是监司官。这也难怪。因为省区大，事情多。不得已，才有分司分道之制，分司分道又分为两种：由布政使派出的叫“分守道”，由按察使派出的叫“分巡道”。明末大儒王船山在其...<br>— 钱穆 · 《钱穆国学作品集》 · p49	钱穆 钱穆国学作品集 历代政治得失清朝 命题
关于「历代政治得失·清代」：特的传统，西方人不易理解此分别的…？	特的传统，西方人不易理解此分别的。若要把“流品”二字翻成西方名词也无法翻，只有中国人脑筋里才懂得。譬如唱戏也是一职业。然而在中国人脑筋里，唱戏的自成一流。这一流，那一流，各自有品，等级不同。种田的，读书的，也同样是职业；而在我们脑筋里，除开职业之外，却夹有另一观念，这就是所谓的“流品”。在明代政府的观念里，胥吏另成一流品。胥吏是没有出身的。先是不准做御史，后又不准考进士。结果只叫考生或秀才之中无出路的来当胥吏。胥吏流品虽低，但他们对当时政治影响却很大。近代政治界中最有名的所谓“绍兴师爷”，也不是清代才有，早在元明时代已有了。他们的势力，早已布满在全国。明代有一位理学先生陈几亭，他有一位朋友到绍兴去当知县；他写一篇文章送行，大意说：“天下治乱在六部，而六部的胥吏完全是绍兴人。这些绍兴人虽在中央政府办文案，但他们的父兄都还在绍兴。希望你到绍兴后，多能注意教化他们的家庭。把胥吏的父兄教化好，将来他们就可以教化胥吏。胥吏变好了，天下就治。所以绍兴是天下治乱的根本。”陈几亭这番话，实在不能说没有他的道理。历史上的事情，有些摆在桌子面上，有些则隐藏在桌子底下。一般谈历史的，只注意桌子面上事，譬如宰...<br>— 钱穆 · 《钱穆国学作品集》 · p50	钱穆 钱穆国学作品集 历代政治得失清代 命题
关于「历代政治得失·清代」：二 明代考试制度考试制度自唐历宋…？	二 明代考试制度考试制度自唐历宋，还可说没有大变动。到明代，变动就大了。后来清代的考试，从明代沿下。现在我们且讲其间两点重要的。（一）进士与翰林院首先讲进士及第和翰林院。唐、宋两代的考试，由民间先在地方政府呈报，由地方送上中央；这些人就叫“进士”。考取后称“进士及第”。譬如你是山东人，便向山东省政府报名，他把你送到中央，你就是山东省进士。考试录取，就叫进士及第。因此主要的考试只有一次。到了明代，殆因报考的人数更多了，才分成几次考。第一是府县考。录取了叫“入学”，又叫“县学生”，俗名又叫做“秀才”。照理，县学生该赴县学读书；但有名无实，并无正式的县学。其次是省试，考试地点在各<br>— 钱穆 · 《钱穆国学作品集》 · p52	钱穆 钱穆国学作品集 历代政治得失清代 命题
关于「历代政治得失·清代」：（二）八股文其次我们要讲及八股文…？	（二）八股文其次我们要讲及八股文。这是明代考试制度里最坏的一件事。从明代下半期到清代末期，三四百年间，八股文考试真是中国历史上最斲丧人才的。大家知道，八股文没有什么意思；但为什么政府偏要用此来考试呢？当然有人要说，这岂不是专制皇帝故意的愚民政策吗？然而明代推行八股文，早已在衰世。那时的皇帝，那里会用心创造出这样用意刻毒的制度来？当知任何一制度，很难说由一二人所发明，所制定。正因当时应考人太多了，录取标准总成为问题。从前唐代考试，一定要考律诗，就因为古诗不容易定标准，判优劣；律诗要限定字句，平平仄仄，要对得工整，一字不合法度就不取。标准较易具体而客观。宋代不考诗赋考“经义”。仁义<br>— 钱穆 · 《钱穆国学作品集》 · p53	钱穆 钱穆国学作品集 历代政治得失清代 命题
关于「历代政治得失·清代」：但一旦边境闯出乱子来，要他们仓皇跑出关外去…？	但一旦边境闯出乱子来，要他们仓皇跑出关外去，军装就是军队的生命，我们也不能不承认物质条件之重要。物质条件配不上，单靠精神，那能持久？我们的武力方面，经过几百年太平，也该会衰落的。突然出来一个满清，抵不住，也不足为怪。站在历史立场看，应该有一历史的说法。所谓历史的说法，便是根据历史，把具体事实来说明。我们不要说中国民族衰老了，它的文化不行了，那些空洞话。我们要分析那时的具体事况。换言之，我们要找出历史材料，来说明当时究竟失败在那里。当然我上面之所说，只是历史事实中一小节。但总是比较落实的。第五讲 清代一 制度与法术我们讲政治制度，有一些确实是制度，有一些则只能叫做事件或法术。制度指政治而言；法术只是些事情或手段，不好说是政治。大抵制度是出之于公的，在公的用心下形成的一些度量分寸是制度。而法术则出之于私，因此没有一定恰好的节限。所谓方法与权术，二者之间，当然又不能仔细分。而且一个制度之成立，也当然有许多复杂关系，总不免夹带有当时一些私意的。要说建立一制度，而绝对地大公无私，不仅古代历史未之有；就是将来的历史，要说一个国家建立某项制度，而绝无人事关系，绝无私心夹杂，恐怕这希望也还远。不过公私...<br>— 钱穆 · 《钱穆国学作品集》 · p55	钱穆 钱穆国学作品集 历代政治得失清代 命题
关于「历代政治得失·士大夫」：会引起土地兼并，贫富不平等，耕者不能有其田…？	会引起土地兼并，贫富不平等，耕者不能有其田，而奖励了地主的剥削。总之，这一制度之变更，是中国田赋制度上的最大变更；这是中国历史上经济制度、土地制度古今之变的一个至大项目。两税制结束了历史上田赋制度之上半段，而以后也就只能沿着这个制度稍事修改，继续运用下去。这虽不能说是历史上之必然趋势，然而也实在有种种条件在引诱，在逼迫，而始形成此一大变动。中国历史上的经济与文化基础，一向安放在农村，并不安放在都市。先秦时代的封建贵族，唐以前的大家门第，到中唐以后逐渐又在变，变到既没有封建，又没有门第。而城市工商资本，在中国历史传统上，又始终不使它成为主要的文化命脉。一辈士大夫智识分子，还可退到农村做<br>— 钱穆 · 《钱穆国学作品集》 · p32	钱穆 钱穆国学作品集 历代政治得失士大 命题
关于「历代政治得失·士人」：这一故事，还可想象赵普到底还有一些宰相大臣传统的风度…？	这一故事，还可想象赵普到底还有一些宰相大臣传统的风度。但实际上，赵普并不是一个地道读书人。只因宋太祖信赖他，同时也并无其他像样人物，他才做了宰相。在他做了宰相以后，太祖还时时告诫他，说：“你做了宰相，该抽空读书。”所以他才读《论语》。后来人却说赵普以半部《论语》治天下。大概他读《论语》，也没有好好仔细读。然而赵普确已是宋代开国一好宰相，即就前讲故事便可见。这并不是赵普个人如何般杰出，这只是一个传统的历史习惯该如此，当如此，而赵普也如此了。那时相权虽低，我们仍该根据历史事实，不能单凭自己想象，骂中国传统政治全是帝王专制与独裁。而且宋王室家训相传，要尽量优假士人，不许开诛戮朝官之戒。而北宋诸帝，也比较无暴虐，无专擅。宋代制度之缺点，在散、在弱，不在专与暴。直到南宋宁宗时，已快亡国，皇帝时时下手条，当时称为“御札”，还激起朝臣愤慨，说：“事不出中书，是为乱政。”可见宋代相权，还有它传统客观的地位。我们此刻只根据历史来说宋不如唐，所谓宋代宰相失职，一切仍是制度问题。并不是只有皇帝专制，更不要制度。（四）谏垣与政府之水火现在再讲到宋代的监察官。其先在汉代，监察权由副宰相御史大夫来行使。当时御史大...<br>— 钱穆 · 《钱穆国学作品集》 · p37	钱穆 钱穆国学作品集 历代政治得失士人 命题
关于「历代政治得失·士大夫」：。并且又把将官和军队分开了，军队一批批调防…？	。并且又把将官和军队分开了，军队一批批调防，将官还是在那里不动。如是则兵不习将，将不习兵。这也是怕军人拥兵自重；然而缓急之际，兵将不相习，也难运用。所以整个宋代，都是不得不用兵，而又看不起兵；如何叫武人立功？宋代武将最有名的如狄青，因其是行伍出身，所以得军心，受一般兵卒之崇拜。但朝廷又提防他要做宋太祖第二，又要黄袍加身，于是立了大功也不重用。结果宋代成为一个因养兵而亡国的朝代。然而宋代开国时，中国社会承袭唐末五代，已饱受军人之祸了；所以宋代自开国起就知尚文轻武。宋太祖临死有遗嘱告诉他后人说：你们子孙相传，绝对不能杀一个读书人。他们牢守此家训，都知尊重文臣士大夫。直到南宋，还是守着“不杀士大夫”的遗训。岂止不杀，宋王室实在是懂得优奖文人<br>— 钱穆 · 《钱穆国学作品集》 · p42	钱穆 钱穆国学作品集 历代政治得失士大 命题
关于「历代政治得失·士人」：一种是“军人政权”。而往往这两者间又不容易区分：因贵族大半就是军人…？	一种是“军人政权”。而往往这两者间又不容易区分：因贵族大半就是军人，军人掌权也就成为贵族了。今天共产党批评西方民主政治是资产阶级的政权。当然英美社会上有许多工商大资本家都在拥护这政权。而共产党自身则称为“无产阶级专政”。以上所说，神权、王权、资产阶级乃及无产阶级，只要说到政权，则全是集体来掌握的。可是我们中国历史从汉代起，就不能叫皇权，因皇帝一个人不可能掌握一个国家的大权。也不能说它是贵族政权，因自汉代起，已没有显然的贵族。说是军人政权吗？我们也看不出汉政府以下，是由军人掌握的。说是资产阶级的政权吗？中国一向没有资产阶级。所以若说政权，则中国应该是一种“士人政权”，政府大权都掌握在读书人“士”手里。从汉到明都如此。而在考试制度下，读书人跑入政府，也有种种规定。在制度规定上，是绝没有世袭特权的。因此中国社会上的读书人“士”只是一种流品，而不成为阶级。现在再问中国政治何以特地会发展出这一种制度来，把政权交付给一辈读书人“士”，而存心防止贵族军人与富人穷人的一切专政呢？这便该进一步说到中国的政治理想之重“职责”而不重“主权”之一点上。此属政治思想的范围，但制度与思想实为一体之两面，故附带在此...<br>— 钱穆 · 《钱穆国学作品集》 · p56	钱穆 钱穆国学作品集 历代政治得失士人 命题
关于「历代政治得失·士人」：该在我们，该不在皇室而该在民众。这是近代西方政治思想上偏重主权论之所由来…？	该在我们，该不在皇室而该在民众。这是近代西方政治思想上偏重主权论之所由来。中国历史里的传统政权，据我上面历次所讲，早已不在皇帝了。皇帝个人，并不能掌握政权。仅至明代废了宰相以后，皇帝在政府的权是特别的重了。但也并不是在当时政治制度里，把整个主权交付给皇帝；皇帝也并不能说国家属于我。中国皇帝向来没有讲过“朕即国家”这句话，即是明、清两代的皇帝也都不敢讲。单只是皇帝代替了宰相。那仍是制度上的改变，不是理论上的翻新。只有部族政权，才始是把另一批人来代替读书人，那便是元代的蒙古人与清代的满洲人。他们才始是当时政权的实际掌握人。但在表面上，则单说清代一代，仍然像是士人政权，仍然说政权该交付与读书人。这是中国传统的政治理论，满洲人也了解，并不曾正式反对这理论。他们只在此理论之下，另用一种法术，把满洲部族来凌驾中国读书人。若说他们是专制，则该是部族专制，而仍非皇帝专制。我们明白得这一点，才可来讲清代的制度。三 清代部族政权下的政府（一）清代中央政府上面说到清代政治，和中国传统政治不同，因它背后有一批特别拥护皇帝的；这便是皇帝的同部族，就是满洲人。照理皇帝是一国元首，他该获到全国民众之拥护，不该在全国...<br>— 钱穆 · 《钱穆国学作品集》 · p57	钱穆 钱穆国学作品集 历代政治得失士人 命题
关于「历代政治得失·士人政府」：五 春秋時期之一般文化狀態第五章 軍國鬪爭之新局面戰國始末一 戰國年歷及分期二 …？	五 春秋時期之一般文化狀態第五章 軍國鬪爭之新局面戰國始末一 戰國年歷及分期二 從宗法封建到新軍國之種種變遷第六章 民間自由學術之興起先秦諸子一 春秋時代之貴族學二 儒墨兩家之興起三 學術路向之轉變四 士氣高張五 貴族養賢六 平民學者間之反動思想第三編 秦漢之部第七章 大一統政府之創建秦代興亡及漢室初起一 秦漢帝系及年歷二 國家民族之搏成三 第一次統一政府之出現及其覆滅四 平民政府之產生第八章 統一政府文治之演進由漢武帝到王莽一 西漢初年之社會二 西漢初年的政府三 西漢初年的士人與學術四 中央政府文治思想之開始五 漢武一朝之復古更化六 士人政府之出現昭宣元成一段七 漢儒之政治思想八 王莽受禪與變法第九章 統一政府之墮落東漢興亡一 東漢諸帝及年歷<br>— 钱穆 · 《钱穆国学作品集》 · p78	钱穆 钱穆国学作品集 历代政治得失士人 命题
关于「历代政治得失·士人」：第二十五章 盛運中之衰象（上）唐代租稅制度與兵役制度之廢弛一 由租庸調制到兩稅制…？	第二十五章 盛運中之衰象（上）唐代租稅制度與兵役制度之廢弛一 由租庸調制到兩稅制二 自府兵到方鎭與禁兵第二十六章 盛運中之衰象（下）唐代政府官吏與士人之腐化一 政權之無限止的解放二 政府組織之無限止的擴大第二十七章 新的統一盛運下之對外姿態唐初武功及中葉以後之外患一 安史之亂以前二 安史之亂以後第二十八章 大時代之沒落唐中葉以後政治社會之各方面一 唐中葉以後之藩鎭第二十九章 大時代之沒落（續）二 唐中葉以後之宦官三 唐中葉以後之朝士與朋黨第三十章 黑暗時代之大動搖黃巢之亂以及五代十國一 流寇與唐室之傾覆二 五代十國三 契丹之興起四 中原民衆之疾苦五 中國之南北分裂返回总目录錢穆先生全集<br>— 钱穆 · 《钱穆国学作品集》 · p82	钱穆 钱穆国学作品集 历代政治得失士人 命题
关于「历代政治得失·士人政府」：民，乃非一姓一家之力所能專制。故秦始皇始一海內…？	民，乃非一姓一家之力所能專制。故秦始皇始一海內，而李斯、蒙恬之屬，皆以游士擅政，秦之子弟宗戚，一無預焉。漢初若稍稍欲返古貴族分割宰制之遺意，然卒無奈潮流之趨勢何！故公孫弘以布衣為相封侯，遂破以軍功封侯拜相之成例，而變相之貴族擅權制，終以告歇。博士弟子，補郎、補吏，為入仕正軌，而世襲任廕之恩亦替。自此以往，入仕得官，遂有一公開客觀之標準。「王室」與「政府」逐步分離，「民眾」與「政府」則逐步接近。政權逐步解放，而國家疆域亦逐步擴大，社會文化亦逐步普及。總觀國史，政制演進，約得三級：由封建而躋統一，一也。此在秦、漢完成之。由宗室、外戚、軍人所組之政府，漸變而為士人政府，二也。此自西漢中葉以下，迄於東漢完成之。由士族門第再變而為科舉競選，三也。此在隋、唐兩代完成之。惟其如此，「考試」與「銓選」，遂為維持中國歷代政府綱紀之兩大骨幹。全國政事付之官吏，而官吏之選拔與任用，則一惟禮部之考試與吏部之銓選是問。此二者，皆有客觀之法規，為公開的準繩，有皇帝王室代表。所不能搖，宰相政府首領。所不能動者。若於此等政制後面推尋其意義，此即禮運所謂「天下為公，選賢與能」之旨。就全國民眾施以一種合理的教育，復於此種...<br>— 钱穆 · 《钱穆国学作品集》 · p91	钱穆 钱穆国学作品集 历代政治得失士人 命题
关于「历代政治得失·士人」：相，肆意破壞，輕言改革，仍自有其應食之惡果也…？	相，肆意破壞，輕言改革，仍自有其應食之惡果也。一〇請再言社會組織。近人率好言中國為「封建社會」，不知其意何居？以政制言，中國自秦以下，即為中央統一之局，其下郡、縣相遞轄，更無世襲之封君，此不足以言「封建」。以學術言，自先秦儒、墨唱始，學術流於民間，既不為貴族世家所獨擅，又不為宗教寺廟所專有。平民社會傳播學術之機會，既易且廣，而學業即為從政之階梯，白衣卿相，自秦以來即爾。既無特殊之貴族階級，是亦不足以言「封建」。若就經濟情況而論，中國雖稱以農立國，然工商業之發展，戰國、秦、漢以來，已有可觀。惟在上者不斷加以節制，不使有甚貧、甚富之判。又政府既獎勵學術，重用士人，西漢之季，遂有「遺子黃金滿籯，不如一經」之語。於是前漢貨殖、游俠中人，後漢多走入儒林、獨行傳中去。所以家庭溫飽，即從師問學，而一登仕宦，則束身禮義之中。厚積為富，其勢不長，然亦非有世襲之貴人也。井田制既廢，民間田畝得自由買賣，於是而有兼併。然即如前漢封君，亦僅於衣租食稅而止。其封邑與封戶之統治，仍由國家特派官吏。以國家法律而論，封君之與封戶，實同為國家之公民。後世如佃戶欠租，田主亦惟送官法辦，則佃戶之賣田納租於田主，亦一種經濟契約...<br>— 钱穆 · 《钱穆国学作品集》 · p93	钱穆 钱穆国学作品集 历代政治得失士人 命题
关于「历代政治得失·士人」：之病徵。宋儒講學，即針對此病態而發…？	之病徵。宋儒講學，即針對此病態而發。然而宋之為病，尚不止於此。宋人不能自解救，而招致蒙古之入主，一切政制，為急劇之退轉，益與後世中國以莫大之創傷。明祖崛起草澤，懲元政廢弛，罷宰相，尊君權，不知善為藥療，而轉益其病。淸人入關，盜僧主人，箝束猜防，無所不用其極，仍襲明制而加厲。故中國政制之廢宰相，統「政府」於「王室」之下，眞不免為獨夫專制之黑暗所籠罩者，其事乃起於明而完成於淸，則相沿亦已六百年之久。明儒尚承兩宋遺緒，王室專制於上，而士大夫抗爭彌縫於下，君臣常若水火，而世途猶賴有所匡繫。故明之亡而民間之學術氣節，尚足照耀光輝於前古。淸人又嚴加摧抑，宋、明七百年士人書院民間自由講學之風遂熸。於是士大夫怵於焚坑之酷，上之為訓詁、考據，自藏於故紙堆中以避禍，下之為八股、小楷，惟利祿是趨。於是政府與民間所賴以溝貫之橋樑遂腐斷，所賴以流通之血脈遂枯絕。中國之幸免於亂者，亦惟滿淸諸豪酋猜防壓制、誘脅愚弄之力。此稍讀康、雍、乾三朝史略，可以知之。故使世運益敗壞於冥冥漠漠之中，而姑以博一時之安寧。此乃斵喪我民族永久之元氣，而以換造彼目前之榮華者也。逮滿族統治之力既衰，而中國政治、社會之百病，遂全部暴露。論者...<br>— 钱穆 · 《钱穆国学作品集》 · p95	钱穆 钱穆国学作品集 历代政治得失士人 命题
关于「历代政治得失·士大夫」：既懸仕宦為鵠的，則從事於投選者，往往忘其義命而徒志於身家之富貴與溫飽…？	既懸仕宦為鵠的，則從事於投選者，往往忘其義命而徒志於身家之富貴與溫飽，三也。此三者，厥為中唐以來中國政治、社會走入一新境後所易犯之病徵。宋儒講學，即針對此病態而發。然而宋之為病，尚不止於此。宋人不能自解救，而招致蒙古之入主，一切政制，為急劇之退轉，益與後世中國以莫大之創傷。明祖崛起草澤，懲元政廢弛，罷宰相，尊君權，不知善為藥療，而轉益其病。淸人入關，盜僧主人，箝束猜防，無所不用其極，仍襲明制而加厲。故中國政制之廢宰相，統「政府」於「王室」之下，眞不免為獨夫專制之黑暗所籠罩者，其事乃起於明而完成於淸，則相沿亦已六百年之久。明儒尚承兩宋遺緒，王室專制於上，而士大夫抗爭彌縫於下，君臣常若水火，而世途猶賴有所匡繫。故明之亡而民間之學術氣節，尚足照耀光輝於前古。淸人又嚴加摧抑，宋、明七百年士人書院民間自由講學之風遂熸。於是士大夫怵於焚坑之酷，上之為訓詁、考據，自藏於故紙堆中以避禍，下之為八股、小楷，惟利祿是趨。於是政府與民間所賴以溝貫之橋樑遂腐斷，所賴以流通之血脈遂枯絕。中國之幸免於亂者，亦惟滿淸諸豪酋猜防壓制、誘脅愚弄之力。此稍讀康、雍、乾三朝史略，可以知之。故使世運益敗壞於冥冥漠漠之中，而姑...<br>— 钱穆 · 《钱穆国学作品集》 · p95	钱穆 钱穆国学作品集 历代政治得失士大 命题
关于「历代政治得失·士大夫」：割據勢力之下而互為利用。此輩於前淸末葉…？	割據勢力之下而互為利用。此輩於前淸末葉，既力阻開新之運，又於民國初年，加倍搗亂之功。此蓋滿淸長期部族統治之智識階級，日愚日腐，而驟遇政治中心大動搖之後所應有之紛擾。然此特一時病態，不得謂此乃代表我民族國家數千年文化正統而為其最後之結晶。若果如是，則中國文化亦萬不能綿歷此數千年之久，而早當於過去歷史中煙消灰滅，先昔人之枯骨而腐朽矣。此又民國以來，社會中堅勢力未能形成之難局，三也。此一點，日本明治維新較中國又佔幾許便宜。日本政權遞禪，自藩府還之天皇，既不如中國變動之劇。而日本在藩府統治下之封建道德，如武士道之忠君敬上、守信立節，移之於尊王攘夷，其道為順。中國士大夫立身處世之綱領節目，久已在長期部族統治之猜防壓制、誘脅愚弄下變色。油滑、貪汚、不負責任，久成滿淸末年官場乃至儒林之風氣。一旦政體更革，名為「民主」，實則全須士大夫從政者良心自負責任，而中國士大夫無此素養。既昧心禍國，又以「民權」之說諉罪卸責。此其病乃深中於士大夫之良心，固非睡獅之喻所得擬也。凡此皆輓近中國之病，而尤莫病於士大夫之無識。士大夫無識，乃不見其為病，急於強起急走以效人之所為。跳踉叫噪，踴躍憤興，而病乃日滋。於是轉而疑及於...<br>— 钱穆 · 《钱穆国学作品集》 · p96	钱穆 钱穆国学作品集 历代政治得失士大 命题
关于「历代政治得失·选举制度」：调查的叫“刺史”。全国分为十三个调查区…？	调查的叫“刺史”。全国分为十三个调查区，每一区派一个刺史。平均每一刺史的调查区域，不会超过九个郡。他的调查项目也有限制，政府规定根据六条考察；六条以外，也就不多管。地方实际行政责任，是由太守负责的。政府派刺史来调查，不过当一个耳目。所以太守官俸二千石，而刺史原始只是俸给六百石的小官。根据政府规定项目调查，纵是小官也能称任。而且惟其官小，所以敢说敢讲，无所避忌。这些刺史，上属于御史丞。皇宫里还有十五个侍御史，专事劾奏中央乃及皇宫里的一切事情的。部刺史和侍御史的意见，都报告到副宰相御史大夫，副宰相再报告宰相。副宰相所辅助宰相的，便是这一个监察的责任。二 汉代选举制度上面讲了汉代中央和地方的许多官。但这许多官从那里来的呢？什么人才可以做宰相、御史大夫乃至这各部门的长官呢？这是讲中国政治制度上一个最主要的大题目。在古代封建世袭，天子之子为天子，公之子为公，卿之子为卿，大夫之子为大夫，做官人有一定的血统，自然不会发生有此问题。但到秦汉时代便不同了。封建世袭制度已推翻，谁该从政，谁不该从政呢？除却贵族世袭外，首先令人想到军人政治；谁握有兵权，谁就掌握政权，支配仕途。但汉代又并不然。其次令人想到富人...<br>— 钱穆 · 《钱穆国学作品集》 · p16	钱穆 钱穆国学作品集 历代政治得失选举 命题
关于「历代政治得失·选举制度」：长官的掾属。汉代官吏任用，有一限制…？	长官的掾属。汉代官吏任用，有一限制，地方长官定要由中央派；太守如是，县令也如是。但郡县掾属，必得本地人充当。譬如台北市的人，不能当台北市的市长；但台北市政府从市长以下的一切官，在汉代称为“掾属”的，那就绝对要用台北市的本地人。不过辟用掾属的权，则在长官手里，这叫做“辟署”。三公、九卿、郡太守、县令，这些是由皇帝由中央政府任命的。宰相下面的十三曹，就由宰相自己辟用。此外各衙门首长以下，全是吏，全由各衙门首长自己任用。现在这个太学生考了乙等，譬如他是会稽郡人，他便回到会稽，指定由郡县政府试用；这所谓“补吏”。补郎与补吏，是太学生毕业后应有的待遇。再说到汉代的选举制度，历史上称之谓“乡举里选”。当时各地方时时可以选举人才到中央。他们的选举，大体可分为两种，也可说是三种：一种是无定期的。譬如老皇帝死了，新皇帝即位，往往就下一道诏书，希望全国各地选举人才到朝廷；或是碰着大荒年，大水灾，或是大瘟疫，这表示政府行政失职，遭受天谴，也常下诏希望地方推举贤人，来向政府说话，或替国家做事。这些选举是无定期的，这样选举来的人，多半称为“贤良”。贤良选到了政府以后，照例由政府提出几个政治上重大的问题，向他们请...<br>— 钱穆 · 《钱穆国学作品集》 · p17	钱穆 钱穆国学作品集 历代政治得失选举 命题
关于「历代政治得失·察举」：，这叫“对策”。政府看了他们的意见…？	，这叫“对策”。政府看了他们的意见，再分别挑选任用。这是一个方式。这一种选举，既不定期，也无一定的选举机关。地方民意也可举，三公九卿、政府大僚也可举。所举则称为贤良，贤良是指有特出才能的人。第二种是特殊的选举。譬如政府今年要派人出使匈奴，出使西域，需要通外国语，能吃苦，能应变，所谓“出使绝域”的人；政府常常下诏征求。只要自问自己有此才干，可以自己报选。又如军队里用军事人才，或如黄河决口，需要晓习治水的人；大家知道有这种人才，大家可以举；自己觉得有把握，自己也可直接来应选。这是一种特殊的选举。后来又有一种有定期的选举，那就是选举“孝廉”。汉代一向有诏令地方察举孝子廉吏的。但地方政府有时并不注意这件事，应选人也不踊跃。汉武帝时，曾下了一次诏书，大意说：你们偌大一个郡，若说竟没有一个孝子、一个廉吏可以察举到朝廷，那是太说不过去的事。而且地方长官的职责，不仅在管理行政，还该替国家物色人才。若一年之内，连一个孝子、一个廉吏都选不出，可见是没有尽到长官的责任。于是汉武帝就下令叫大家公议，不举孝子廉吏的地方长官应如何处罚。这一来，就无形中形成了一种有定期的选举。无论如何，每郡每年都要举出一个两个孝子...<br>— 钱穆 · 《钱穆国学作品集》 · p17	钱穆 钱穆国学作品集 历代政治得失察举 命题
关于「历代政治得失·察举」：间疾苦，所以能订出这一法规。近代的中国人…？	间疾苦，所以能订出这一法规。近代的中国人，往往蔑视自己已往的政治传统，又说中国没有成套的政治理论，没有大的政治思想家。当然在中国已往著作里，很少有专讲政治理论的书，也很少专以政治思想而成名的人物。这并不是中国人对政治无理论，无思想。只因中国读书人多半做了官，他们对政治上的理论和思想，早可在实际政治中表现；用不着凭空著书，脱离现实，来完成他书本上的一套空理论。于是中国人的政治理论，早和现实政治融化合一了。否则为什么皇帝和宰相定要分权呢？为什么仕途必经察举和考试呢？为什么田租该力求减轻呢？为什么商业资本要加节制呢？为什么国民兵役要到二十三岁才开始呢？所以我们要研究中国已往的政治思想，便该注意已往的政治制度。中国决不是一个无制度的国家，而每一制度之后面，也必有其所以然的理论和思想，那可轻轻用“专制黑暗”等字面把来一笔抹杀呢？汉代的国民兵役，又分几种：一种是到中央作卫兵，一种是到边郡作戍卒，一种是在原地方服兵役。每一国民都该轮到这三种。只有第三种，从二十岁便开始了。汉代中央军队有两支：一称南军，一称北军。南军是皇宫的卫队，北军是首都的卫戍部队。当时南北军全部军队合共不到七万人。各地方壮丁轮流到...<br>— 钱穆 · 《钱穆国学作品集》 · p20	钱穆 钱穆国学作品集 历代政治得失察举 命题
关于「历代政治得失·察举」：有事无政”，这是已往的历史意见。汉光武自身是一好皇帝…？	有事无政”，这是已往的历史意见。汉光武自身是一好皇帝，明帝、章帝都好；然而只是人事好，没有立下好制度。因此皇帝好，事情也做得好。皇帝坏了，而政治上并不曾有管束皇帝的制度。这是东汉政治制度上的一个大问题。也是将来中国政治制度史上一个大问题。选举在汉代，也发生了问题。照汉代原来的制度，在汉武帝时，只叫地方长官每年要选举些孝子廉吏；这已经讲过了。但后来孝廉充斥仕途，别的进仕之路都为之阻塞了，于是大家都争要为孝廉。本来所谓孝廉，一种是孝子，另一种是廉吏；后来规定每郡满二十万户口的只能举一个，如是则孝廉不分，仅成一个参政入仕的资格而已。后来又因请托舞弊，逼得朝廷于察举孝廉后再加上一番考试；如是则全失却原来察举孝廉之用意。但中国政权，却因此开放给全国各地了。从此以后，无论选举或考试，都是分区定额的。经济文化落后的地区和经济文化进步的地区，都一样照人口比例来考选。因此中央政府里，永远有全国各地域人民之参加，不致偏荣偏枯。因此中国政府，始终是代表着全国性的，全国人民都有跑进政府的希望。而且实际上，也是全国各地永远都有人跑进中央政府的。又汉制郡县长官，例须避用本郡本县人。如是则中央政府既是绝对的代表全国...<br>— 钱穆 · 《钱穆国学作品集》 · p22	钱穆 钱穆国学作品集 历代政治得失察举 命题
关于「历代政治得失·选举制度」：每一郡必有几个像样的家庭，这便造成了将来之所谓“世族门第”…？	每一郡必有几个像样的家庭，这便造成了将来之所谓“世族门第”，也便是世族门第必然带有“郡望”之来历了。当时的大门第，依然平均分配在全国各地，大概是每郡都有几家有声望的。我无以名之，名之曰“门第的社会”。这并非封建社会，也并非资本主义的社会，但一样有不平等。虽非封建贵族，而有书生贵族。虽非工商业资本，而有书籍资本。国家的政治制度，虽并没有对那些家庭许下世袭特权；但他们因有家庭凭借，无异于有世袭的特权了。中国魏晋以下门第社会之起因，最主要的自然要追溯到汉代之察举制度。但就汉代察举制度之原始用意言，实在不好算是一种坏制度。但日子久了，那制度就变坏了。这不止是汉代选举制度如是；我们可以说，古今中外一切制度，都必如是。否则一项好制度，若能永远好下去，便将使政治窒息，再不需后代人来努力政治了。惟其一切制度都不会永久好下去，才使我们在政治上要继续努力，永久改进。制度也只是历史事项中之一目，人类整部历史便没有百年不变的，那能有一项制度经过一两百年还算得是好制度呢？让我们再来看汉代的制度：他们将政府和皇室划分，将宰相和皇帝并列。这不好说全出帝王私心，也不能怪他们安排得未尽妥贴。当知任何一制度，也决不会尽善...<br>— 钱穆 · 《钱穆国学作品集》 · p23	钱穆 钱穆国学作品集 历代政治得失选举 命题
关于「历代政治得失·察举」：天下，各地方经他察举的，便是他的门生故吏…？	天下，各地方经他察举的，便是他的门生故吏；将来在政治上得意，至少对他原来的举主，要报些私恩。若有人来到他的郡里做太守，必然也会察举他的后人。因此察举过人的子孙，便有易于被人察举之可能了。上面说过，汉代选举，是分郡限额的，每郡只有几个额；于是却永远落在几个家庭里。如是则每一郡必有几个像样的家庭，这便造成了将来之所谓“世族门第”，也便是世族门第必然带有“郡望”之来历了。当时的大门第，依然平均分配在全国各地，大概是每郡都有几家有声望的。我无以名之，名之曰“门第的社会”。这并非封建社会，也并非资本主义的社会，但一样有不平等。虽非封建贵族，而有书生贵族。虽非工商业资本，而有书籍资本。<br>— 钱穆 · 《钱穆国学作品集》 · p23	钱穆 钱穆国学作品集 历代政治得失察举 命题
关于「历代政治得失·选举制度」：此所谓“定旨出命”。在中书省中，除中书令为正长官外…？	此所谓“定旨出命”。在中书省中，除中书令为正长官外，设有副长官“中书侍郎”。中书侍郎之下，又有“中书舍人”，员额有七八人之多。中书舍人官位并不高，而他们却有拟撰诏敕之权。遇中书发布命令，多由他们拟撰。中国政治上的传统观念，对一意见之从违抉择，往往并不取决于多数，如西方所谓之民主精神。而中国人传统，则常求取决于贤人。春秋时即有“贤均从众”之说。（见《左传》。）那一人贤，就采纳那一人的意见。假若双方均贤，则再来取决于多数。“贤”属质，“众”属量，中国传统重质不重量。中国人认为只要其人是贤者，就能够代表多数。不贤而仅凭数量，是无足轻重的。这一观念，反映在汉代的选举制度上，便极明显。所以国家的选举权，并不付托于社会一般民众，而径由地方长官行使之。照理，地方长官应该择贤而任。他既是一位贤长官，自能博采舆情，为国家选拔真才。这是理论。至于事实之不能全合于理论，则属另一问题。即如唐制，中书舍人拟稿，亦由诸舍人各自拟撰，是谓“五花判事”。然后再由中书令或中书侍郎就此许多初稿中选定一稿，或加补充修润，成为正式诏书，然后再呈送皇帝画一“敕”字。经画敕后，即成为皇帝的命令，然后行达门下省。所以唐代政府定旨出...<br>— 钱穆 · 《钱穆国学作品集》 · p24	钱穆 钱穆国学作品集 历代政治得失选举 命题
关于「历代政治得失·科举」：上，是一道值得谨慎应付的大题目。现在专说唐代…？	上，是一道值得谨慎应付的大题目。现在专说唐代，似乎其中央行政比汉进步，而地方行政则不如汉。中央的监察官变成了地方行政官，这是一大缺点。而由军队首领来充地方行政首长，则更是大毛病。唐室之崩溃，也可说即崩溃在此一制度上。二 唐代考试制度（一）魏晋南北朝时代之九品中正制上回我们曾讲过汉代的选举制。到唐代，此项制度，实际上已完全由考试制度来代替。说到“考试”两字之原始意义，“考”是指的考绩，“试”是指的试用。远在战国晚年，已有一大批中国古代的乌托邦主义者，在提倡“选贤与能”，在提倡考课与铨叙，其用意在规定一项政府用人之客观标准。汉代选举制度即由此提倡而来。唐代的科举，其实还是由汉代的选举制演变，而我们此刻则称之为“考试制”。汉代是乡举里选之后，而再由中央加以一番考试的。其先是对策，对策只是征询意见而已。直要到东汉晚期，左雄为尚书，才始正式有考试。其时则考试只为选举制度中之一节目。迨至东汉末年，天下大乱，汉献帝逃亡，中央、地方失却联系，一切制度全归紊乱，乡举里选的制度自亦无从推行。于是朝廷用人没有了标准，尤其是武人在行伍中滥用人员，不依制度。曹操以陈群为尚书，掌吏部用人事。陈群始创设“九品中正”...<br>— 钱穆 · 《钱穆国学作品集》 · p28	钱穆 钱穆国学作品集 历代政治得失科举 命题
关于「历代政治得失·选举制度」：的中央集权。这在中国的政治课题上…？	的中央集权。这在中国的政治课题上，是一道值得谨慎应付的大题目。现在专说唐代，似乎其中央行政比汉进步，而地方行政则不如汉。中央的监察官变成了地方行政官，这是一大缺点。而由军队首领来充地方行政首长，则更是大毛病。唐室之崩溃，也可说即崩溃在此一制度上。二 唐代考试制度（一）魏晋南北朝时代之九品中正制上回我们曾讲过汉代的选举制。到唐代，此项制度，实际上已完全由考试制度来代替。说到“考试”两字之原始意义，“考”是指的考绩，“试”是指的试用。远在战国晚年，已有一大批中国古代的乌托邦主义者，在提倡“选贤与能”，在提倡考课与铨叙，其用意在规定一项政府用人之客观标准。汉代选举制度即由此提倡而来。唐代的科举，其实还是由汉代的选举制演变，而我们此刻则称之为“考试制”。汉代是乡举里选之后，而再由中央加以一番考试的。其先是对策，对策只是征询意见而已。直要到东汉晚期，左雄为尚书，才始正式有考试。其时则考试只为选举制度中之一节目。迨至东汉末年，天下大乱，汉献帝逃亡，中央、地方失却联系，一切制度全归紊乱，乡举里选的制度自亦无从推行。于是朝廷用人没有了标准，尤其是武人在行伍中滥用人员，不依制度。曹操以陈群为尚书，掌吏部...<br>— 钱穆 · 《钱穆国学作品集》 · p28	钱穆 钱穆国学作品集 历代政治得失选举 命题
关于「历代政治得失·科举」：历史渊源，亦有其传统精神。今天我们却把历史切断…？	历史渊源，亦有其传统精神。今天我们却把历史切断，一概想模仿外国制度。明明知道这一制度与现实不配合，却想推翻现实来迁就制度，而美其名曰“革命”。其实革命的本质，应该是推翻制度来迁就现实的，决非是推翻现实来迁就制度的。我们此刻，一面既否定了传统制度背后的一切理论根据，一面又忽略了现实环境里面的一切真实要求。所以我们此刻的理论，是蔑视现实的理论。而我们所想望的制度，也是不切现实的制度。若肯接受已往历史教训，这一风气是应该警惕排除的。在曹操当时，实行九品中正制而有效于一时；但以后此制度墨守不变，毛病丛出，后来人便只怪九品中正制不好。其实这也有些冤枉。（二）唐代之科举现在再说到每项制度之变，也该有一可变的限度，总不能惟心所欲地变。所贵的是要在变动中寻出它不变的本源，这便是所谓“历史传统”。传统愈久，应该此大本大原之可靠性愈大。换言之，即是其生命力益强。就中国以往政治论，宰相权给皇帝拿去一定坏，用人无客观标准一定也要坏。九品中正制，本想替当时用人定出一客观标准，还是不失此项制度所应有的传统精神的。但后来却变成拥护门第，把觅取人才的标准，无形中限制在门第的小范围内；这便大错了。唐代针对此弊，改成自由...<br>— 钱穆 · 《钱穆国学作品集》 · p29	钱穆 钱穆国学作品集 历代政治得失科举 命题
关于「历代政治得失·考试制度」：的是才学，吏部考的是干练。又因礼部试有进士、明经诸科…？	的是才学，吏部考的是干练。又因礼部试有进士、明经诸科，故此制又称“科举”制。自唐至清，此制推行勿辍。即孙中山先生之《五权宪法》里，亦特别设有考试权。这一制度，在理论上，决不可非议；但后来仍然是毛病百出。然我们并不能因其出了毛病，而把此制度一笔抹杀，谓政府用人，何不用民主投票方式？其实西方近代的选举投票，亦何尝没有毛病？而且我们把现代通行的制度来作为批评千余年前的旧制度之一种根据，那是最不合情实的。在西方现行的所谓民主政治，主要只是行政领袖如大总统或内阁总理之类由民众公选，此外用人便无标准。这亦何尝无毛病呢？所以西方在其选举政治领袖之外，还得参酌采用中国的考试制度来建立他们的所谓“文官任用法”。而在我们则考试便代替了选举。故唐代杜佑著《通典》，首论“食货”，即是财政与经济；次为“选举”，其实在汉为选举，在唐即为考试。可见在中国政治传统上，考试和选举是有同样的用意和同样的功能的。西方现行民主政治，乃系一种政党政治；政务官大体在同党中选用，事务官则不分党别，另经考试。此项官吏，可以不因政务官之更换而失去其服务之保障。在中国则一切用人，全凭考试和铨叙，都有一定的客观标准。即位高至宰相，也有一定...<br>— 钱穆 · 《钱穆国学作品集》 · p29	钱穆 钱穆国学作品集 历代政治得失考试 命题
关于「历代政治得失·察举」：制度墨守不变，毛病丛出，后来人便只怪九品中正制不好…？	制度墨守不变，毛病丛出，后来人便只怪九品中正制不好。其实这也有些冤枉。（二）唐代之科举现在再说到每项制度之变，也该有一可变的限度，总不能惟心所欲地变。所贵的是要在变动中寻出它不变的本源，这便是所谓“历史传统”。传统愈久，应该此大本大原之可靠性愈大。换言之，即是其生命力益强。就中国以往政治论，宰相权给皇帝拿去一定坏，用人无客观标准一定也要坏。九品中正制，本想替当时用人定出一客观标准，还是不失此项制度所应有的传统精神的。但后来却变成拥护门第，把觅取人才的标准，无形中限制在门第的小范围内；这便大错了。唐代针对此弊，改成自由竞选，所谓“怀牒自列”。既不需地方长官察举，更不需中央九品中正评定；把进仕之门扩大打开，经由各人各自到地方政府报名，参加中央之考试。这制度，大体说来，较以前是进步的。汉制规定商人不能做官，做官人亦不能经商；乡举里选系由地方政府察举呈报。现在自由报考之惟一限制，即报名者不得为商人或工人。因工商人是专为私家谋利的，现在所考试求取者则须专心为公家服务。此项报名之这一限制，在当时称为“身家清白”，自然并兼未经犯过国家法律在内。此外则地方官不再加以限制，即申送中央，由尚书礼部举行考试...<br>— 钱穆 · 《钱穆国学作品集》 · p29	钱穆 钱穆国学作品集 历代政治得失察举 命题
关于「历代政治得失·进士」：准，无形中限制在门第的小范围内；这便大错了…？	准，无形中限制在门第的小范围内；这便大错了。唐代针对此弊，改成自由竞选，所谓“怀牒自列”。既不需地方长官察举，更不需中央九品中正评定；把进仕之门扩大打开，经由各人各自到地方政府报名，参加中央之考试。这制度，大体说来，较以前是进步的。汉制规定商人不能做官，做官人亦不能经商；乡举里选系由地方政府察举呈报。现在自由报考之惟一限制，即报名者不得为商人或工人。因工商人是专为私家谋利的，现在所考试求取者则须专心为公家服务。此项报名之这一限制，在当时称为“身家清白”，自然并兼未经犯过国家法律在内。此外则地方官不再加以限制，即申送中央，由尚书礼部举行考试。考试及格，即为进士及第。进士及第便有做官资格了。至于实际分发任用，则须经过吏部之再考试；所考重于其人之仪表及口试，乃及行政公文等。大抵礼部考的是才学，吏部考的是干练。又因礼部试有进士、明经诸科，故此制又称“科举”制。自唐至清，此制推行勿辍。即孙中山先生之《五权宪法》里，亦特别设有考试权。这一制度，在理论上，决不可非议；但后来仍然是毛病百出。然我们并不能因其出了毛病，而把此制度一笔抹杀，谓政府用人，何不用民主投票方式？其实西方近代的选举投票，亦何尝没有...<br>— 钱穆 · 《钱穆国学作品集》 · p29	钱穆 钱穆国学作品集 历代政治得失进士 命题
关于「历代政治得失·相权」：进步。从前封建时代，政府和家庭，有分不开的关系…？	进步。从前封建时代，政府和家庭，有分不开的关系；现在则不然了，组织政府的是一个一个人，不再是一个一个家。不过在那时，还留下一个很大的问题，便是“皇室”和“政府”的关系。皇室是不是即算政府？若把皇室和政府划开，这两边的职权又怎样分？这是秦汉时代首先遇到的一个大问题，也是此下中国政治史上一向要碰到的一个大问题。拿历史大趋势来看，可说中国人一向意见，皇室和政府是应该分开的，而且也确实在依照此原则而演进。皇帝是国家的惟一领袖，而实际政权则不在皇室而在政府。代表政府的是宰相。皇帝是国家的元首，象征此国家之统一；宰相是政府的领袖，负政治上一切实际的责任。“皇权”和“相权”之划分，这常是中国政治史上的大题目。我们这几十年来，一般人认为中国从秦汉以来，都是封建政治，或说是皇帝专制；那是和历史事实不相符合的。要讲汉代“皇权”和“相权”之划分，让我先举一实例：当时皇帝、宰相，各有一个秘书处，而两边的组织大小不同。汉代皇帝有“六尚”，“尚”是掌管意。六尚是尚衣、尚食、尚冠、尚席、尚浴与尚书。五尚都只管皇帝私人的衣服饮食起居，只有“尚书”是管文书的，这真是皇宫里的秘书了。汉代开始的尚书，其职权地位本不高，后来...<br>— 钱穆 · 《钱穆国学作品集》 · p13	钱穆 钱穆国学作品集 历代政治得失相权 命题
关于「历代政治得失·宰相」：。郡太守不能把郡太守的职位传给他儿子…？	。郡太守不能把郡太守的职位传给他儿子，县令不能把县令的职位传给他儿子。这已是政治制度上一项绝大的进步。从前封建时代，政府和家庭，有分不开的关系；现在则不然了，组织政府的是一个一个人，不再是一个一个家。不过在那时，还留下一个很大的问题，便是“皇室”和“政府”的关系。皇室是不是即算政府？若把皇室和政府划开，这两边的职权又怎样分？这是秦汉时代首先遇到的一个大问题，也是此下中国政治史上一向要碰到的一个大问题。拿历史大趋势来看，可说中国人一向意见，皇室和政府是应该分开的，而且也确实在依照此原则而演进。皇帝是国家的惟一领袖，而实际政权则不在皇室而在政府。代表政府的是宰相。皇帝是国家的元首，象征此国家之统一；宰相是政府的领袖，负政治上一切实际的责任。“皇权”和“相权”之划分，这常是中国政治史上的大题目。我们这几十年来，一般人认为中国从秦汉以来，都是封建政治，或说是皇帝专制；那是和历史事实不相符合的。要讲汉代“皇权”和“相权”之划分，让我先举一实例：当时皇帝、宰相，各有一个秘书处，而两边的组织大小不同。汉代皇帝有“六尚”，“尚”是掌管意。六尚是尚衣、尚食、尚冠、尚席、尚浴与尚书。五尚都只管皇帝私人的衣...<br>— 钱穆 · 《钱穆国学作品集》 · p13	钱穆 钱穆国学作品集 历代政治得失宰相 命题
关于「历代政治得失·皇权」：一项绝大的进步。从前封建时代，政府和家庭…？	一项绝大的进步。从前封建时代，政府和家庭，有分不开的关系；现在则不然了，组织政府的是一个一个人，不再是一个一个家。不过在那时，还留下一个很大的问题，便是“皇室”和“政府”的关系。皇室是不是即算政府？若把皇室和政府划开，这两边的职权又怎样分？这是秦汉时代首先遇到的一个大问题，也是此下中国政治史上一向要碰到的一个大问题。拿历史大趋势来看，可说中国人一向意见，皇室和政府是应该分开的，而且也确实在依照此原则而演进。皇帝是国家的惟一领袖，而实际政权则不在皇室而在政府。代表政府的是宰相。皇帝是国家的元首，象征此国家之统一；宰相是政府的领袖，负政治上一切实际的责任。“皇权”和“相权”之划分，这常是中国政治史上的大题目。我们这几十年来，一般人认为中国从秦汉以来，都是封建政治，或说是皇帝专制；那是和历史事实不相符合的。要讲汉代“皇权”和“相权”之划分，让我先举一实例：当时皇帝、宰相，各有一个秘书处，而两边的组织大小不同。汉代皇帝有“六尚”，“尚”是掌管意。六尚是尚衣、尚食、尚冠、尚席、尚浴与尚书。五尚都只管皇帝私人的衣服饮食起居，只有“尚书”是管文书的，这真是皇宫里的秘书了。汉代开始的尚书，其职权地位本...<br>— 钱穆 · 《钱穆国学作品集》 · p13	钱穆 钱穆国学作品集 历代政治得失皇权 命题
关于「历代政治得失·丞相」：任。这十三个机关，合成一个宰相直辖的办公厅…？	任。这十三个机关，合成一个宰相直辖的办公厅。我们只根据这十三曹名称，便可想见当时全国政务都要汇集到宰相，而并不归属于皇帝。因为皇帝只有一个笼统的尚书处，只有一个书房，最先的尚书也仅有四人；而宰相府下就有十三个机关。这相府十三曹，比诸皇室尚书的范围大得多，而且此十三曹的权位也很重，也竟俨如后代之专部大臣。可见汉代一切实际事权，照法理，该在相府，不在皇室。宰相才是政府的真领袖。以上单据一例来讲皇室和政府的区别。从中国传统政治的大趋势看，一般意见一向是看重这区别的。（二）中央政府的组织现在说到汉代中央政府的组织。当时有所谓“三公”“九卿”，这是政府里的最高官。丞相、太尉、御史大夫称三公。丞相管行政，是文官首长；太尉管军事，是武官首长；御史大夫掌监察，辅助丞相来监察一切政治设施，他是副丞相。依照汉代习惯，用现代语说，这里有一种不成文法的规定：须做了御史大夫，才得升任为丞相。太尉虽与丞相尊位相等，实际除却军事外，不预闻其他政事。因此当时最高行政长官实在是丞相。依照文字学原义，“丞”是“副贰”之意。所谓“相”，也是“副”。就如现俗称傧相，这是新郎新娘的副；新郎新娘不能做的事，由傧相代理来做。所以丞...<br>— 钱穆 · 《钱穆国学作品集》 · p14	钱穆 钱穆国学作品集 历代政治得失丞相 命题
关于「历代政治得失·宰相」：吗？古代的家庭，最重要的，可说不是活人而是死人…？	吗？古代的家庭，最重要的，可说不是活人而是死人，祭祖自属大事。宰就是掌管杀牛祭祖的。所以汉廷九卿的第一卿，也是管祭祀的。这个官，正名定义，该属于皇家，管皇家的庙，管皇家祭祖的一个家务官。不好算是朝廷公职。二、光禄勋：这个官名，直到清代还有，但这三字的原义，却早就忘失了。依文义讲，“勋”该就是“阍”，古音相同，这是皇家的门房。“光”是“大”义，“光禄”该即是“大麓”，禄、麓音同相借。为什么门房称大麓呢？此因古时代的皇帝，多半靠山住家；好像宋江在梁山泊，朱贵在山脚下开设酒店，好通报消息；所以皇帝居山，房门就设在山麓。《尚书》上说舜管尧的大麓，那便是舜做了尧的宰相。换言之，乃是当了尧的门房。因此“光禄”与“勋”是古今语，都指门房言。三、卫尉：是一个武职，掌门卫屯兵，这是皇宫的卫兵司令。当时凡属军事方面的官都称“尉”。四、太仆：犹之皇帝的车夫。《论语》：“子适卫，冉有仆。”“仆”是赶车的。皇帝出去，太仆就替他赶车。那是皇帝的汽车司机。五、廷尉：是掌法的。犯了皇帝的法，都归他管。如此看来，太常管皇家太庙，光禄、卫尉，一是门房头儿，一是卫兵头儿；这都是在里面的。皇帝出门，随带的是太仆，在外面有人犯...<br>— 钱穆 · 《钱穆国学作品集》 · p15	钱穆 钱穆国学作品集 历代政治得失宰相 命题
关于「历代政治得失·宰相」：有一个簿子，分项分类，在九、十月间呈报到中央…？	有一个簿子，分项分类，在九、十月间呈报到中央，这叫做“上计”。中央特派专员到地方来调查的叫“刺史”。全国分为十三个调查区，每一区派一个刺史。平均每一刺史的调查区域，不会超过九个郡。他的调查项目也有限制，政府规定根据六条考察；六条以外，也就不多管。地方实际行政责任，是由太守负责的。政府派刺史来调查，不过当一个耳目。所以太守官俸二千石，而刺史原始只是俸给六百石的小官。根据政府规定项目调查，纵是小官也能称任。而且惟其官小，所以敢说敢讲，无所避忌。这些刺史，上属于御史丞。皇宫里还有十五个侍御史，专事劾奏中央乃及皇宫里的一切事情的。部刺史和侍御史的意见，都报告到副宰相御史大夫，副宰相再报告宰相。副宰相所辅助宰相的，便是这一个监察的责任。二 汉代选举制度上面讲了汉代中央和地方的许多官。但这许多官从那里来的呢？什么人才可以做宰相、御史大夫乃至这各部门的长官呢？这是讲中国政治制度上一个最主要的大题目。在古代封建世袭，天子之子为天子，公之子为公，卿之子为卿，大夫之子为大夫，做官人有一定的血统，自然不会发生有此问题。但到秦汉时代便不同了。封建世袭制度已推翻，谁该从政，谁不该从政呢？除却贵族世袭外，首先令人...<br>— 钱穆 · 《钱穆国学作品集》 · p16	钱穆 钱穆国学作品集 历代政治得失宰相 命题
关于「历代政治得失·丞相」：大骚动。陈胜、吴广的革命，便由此而起…？	大骚动。陈胜、吴广的革命，便由此而起。近代中国人都好说中国二千年政治没有变，试问古今中外，那有如此理？亦那有如此事？就论戍边制度，一到汉代就变了。汉代戍边还只是三天，可是你可以不去；只要一天出一百个钱，三天三百钱，交给政府，便可免戍。有一百个人不去，应该是三百天的免戍费，由政府把来另雇一人肯去的，一去便要他服三百天的戍役。他也得了这一笔钱。不仅足够在边用度，并且还可留一点安家。这是一种变通办法。照理论，则人人该戍边三天，纵使宰相的儿子也不能免。汉代曾有一个宰相，真叫他儿子亲到边疆去，真当三天戍卒；这便成为历史上的嘉话了。汉郡长官有太守，有都尉，犹如中央有丞相又有太尉一般。太守是地方行政长官，都尉是地方军事首领。地方部队即由都尉管。凡属壮丁，每年秋天都要集合操演一次。这是一个大检阅，名为“都试”，为期一月，期满回乡。国家有事，临时召集。这是一种国民兵。各地方并就地理形势，分别训练各兵种，如车骑（骑兵和车兵）、楼船（水师与海军）、材官（步兵）之类。中央有南北军，边疆有戍卒，地方上有国民兵，国家一旦有事，这三种军队都可以调用。国民除了服兵役之外，还要服力役。这是春秋战国直至秦汉以下历代一向有...<br>— 钱穆 · 《钱穆国学作品集》 · p20	钱穆 钱穆国学作品集 历代政治得失丞相 命题
关于「历代政治得失·相权」：有，此事又激起社会多数人的反对，结果失败了…？	有，此事又激起社会多数人的反对，结果失败了。但王莽的废止奴隶政策，却继续为东汉政府所承袭。东汉时代也屡有废奴的诏令。但只要社会经济情形不变，此项诏令是不会有实效的。其次说到军队制度。中国地大人众，虽说分区训练各别的兵种，但每年一个月的操练是不够的。中央南北军，像是常备军，实际上，时期也只一年，数额也仅有七八万人。结果全国皆兵，并不够用。遇到打仗，各地调遣，如会稽、吴、楚远赴渔阳、上谷，也不方便。所以全国皆兵制，在中国论，一则军队数量太多，二则训练太简略，调动不方便；结果全国皆兵，弄得有名无实。一旦起了问题，还是解决不了。再次讲到政府组织。上面说过：皇权、相权是分开的，皇室和政府也是分开的。这话固不错。但中国一向似乎看重不成文法，往往遇到最大关节，反而没有严格明白的规定。这也可以说是长处，因为可以随宜应变，有伸缩余地；但也有坏处，碰着一个能干有雄心的皇帝，矜才使气，好大喜功，常常要侵夺宰相的职权。并不像现代的西方国家，皇帝私人，无论怎样好，宪法上规定他不能过问首相的事。汉武帝雄才大略，宰相便退处无权。外朝九卿，直接向内廷听受指令。这样一来，皇帝的私人秘书尚书的权就大了。汉武帝临死时，他的...<br>— 钱穆 · 《钱穆国学作品集》 · p21	钱穆 钱穆国学作品集 历代政治得失相权 命题
关于「历代政治得失·宰相」：操练是不够的。中央南北军，像是常备军…？	操练是不够的。中央南北军，像是常备军，实际上，时期也只一年，数额也仅有七八万人。结果全国皆兵，并不够用。遇到打仗，各地调遣，如会稽、吴、楚远赴渔阳、上谷，也不方便。所以全国皆兵制，在中国论，一则军队数量太多，二则训练太简略，调动不方便；结果全国皆兵，弄得有名无实。一旦起了问题，还是解决不了。再次讲到政府组织。上面说过：皇权、相权是分开的，皇室和政府也是分开的。这话固不错。但中国一向似乎看重不成文法，往往遇到最大关节，反而没有严格明白的规定。这也可以说是长处，因为可以随宜应变，有伸缩余地；但也有坏处，碰着一个能干有雄心的皇帝，矜才使气，好大喜功，常常要侵夺宰相的职权。并不像现代的西方国家，皇帝私人，无论怎样好，宪法上规定他不能过问首相的事。汉武帝雄才大略，宰相便退处无权。外朝九卿，直接向内廷听受指令。这样一来，皇帝的私人秘书尚书的权就大了。汉武帝临死时，他的太子已先死。他要把帝位传给小儿子昭帝，他却先把昭帝的母亲处死。他知道小皇帝年幼，母后在内管事不好。但皇室总还需要人管理。以前皇室也得由宰相管，但汉武帝连宰相的事都由他管了，宰相那里能预闻到宫内事！于是武帝临死，派一个霍光做大司马大将军...<br>— 钱穆 · 《钱穆国学作品集》 · p21	钱穆 钱穆国学作品集 历代政治得失宰相 命题
关于「历代政治得失·丞相」：相那里能预闻到宫内事！于是武帝临死…？	相那里能预闻到宫内事！于是武帝临死，派一个霍光做大司马大将军辅政。这是皇宫里的代表人。霍光是皇家亲戚，有资格来代表皇家。但照理，宰相早就是皇宫里的代表人，他该就是副皇帝；现在皇帝不把宰相做皇室代表人，而在皇宫里另设一个大司马大将军来专帮皇帝的忙，如是就变成外面有宰相，内面有大司马大将军，皇宫和朝廷就易发生冲突。当时一称“外廷”，一称“内朝”。大司马大将军霍光辅政，他是内朝领袖，外廷则仍由宰相统治。后来昭帝死了，立昌邑王做皇帝。没有几天，又把他废了，另立汉宣帝。当废立时，霍光代表皇室，召集九卿开会。有人说：该请宰相参加。霍光说：这是皇帝家事，用不着政府领袖丞相参加，我们只议定请示皇太后就完了。霍光的一番话，初看好像也有他的理由。他把皇位继承当作皇室私事，皇室事不必要政府领袖来预闻。他不知道皇室之存在，由于有皇帝；而皇帝之存在，由于有政府。所以皇位继承是政府事，并非皇室事。这并不是我们用现代观念来强说历史，在当时历史情实早本如是。所以在高后四年，曾有一诏书，说皇帝疾久不已，不可属天下，命群臣公议替代的新皇帝。吕后尽专权横肆，但并没有说立皇帝不要问朝廷。霍光以后，元平元年，昭帝崩，也诏群臣议...<br>— 钱穆 · 《钱穆国学作品集》 · p21	钱穆 钱穆国学作品集 历代政治得失丞相 命题
关于「历代政治得失·皇权」：收归国有，此事又激起社会多数人的反对…？	收归国有，此事又激起社会多数人的反对，结果失败了。但王莽的废止奴隶政策，却继续为东汉政府所承袭。东汉时代也屡有废奴的诏令。但只要社会经济情形不变，此项诏令是不会有实效的。其次说到军队制度。中国地大人众，虽说分区训练各别的兵种，但每年一个月的操练是不够的。中央南北军，像是常备军，实际上，时期也只一年，数额也仅有七八万人。结果全国皆兵，并不够用。遇到打仗，各地调遣，如会稽、吴、楚远赴渔阳、上谷，也不方便。所以全国皆兵制，在中国论，一则军队数量太多，二则训练太简略，调动不方便；结果全国皆兵，弄得有名无实。一旦起了问题，还是解决不了。再次讲到政府组织。上面说过：皇权、相权是分开的，皇室和政府也是分开的。这话固不错。但中国一向似乎看重不成文法，往往遇到最大关节，反而没有严格明白的规定。这也可以说是长处，因为可以随宜应变，有伸缩余地；但也有坏处，碰着一个能干有雄心的皇帝，矜才使气，好大喜功，常常要侵夺宰相的职权。并不像现代的西方国家，皇帝私人，无论怎样好，宪法上规定他不能过问首相的事。汉武帝雄才大略，宰相便退处无权。外朝九卿，直接向内廷听受指令。这样一来，皇帝的私人秘书尚书的权就大了。汉武帝临死时...<br>— 钱穆 · 《钱穆国学作品集》 · p21	钱穆 钱穆国学作品集 历代政治得失皇权 命题
关于「历代政治得失·丞相」：，便出了问题了。汉宣帝以下，霍氏虽败…？	，便出了问题了。汉宣帝以下，霍氏虽败，结果还是大司马大将军外戚辅政，还是内廷权重，外朝权轻，于是有王莽代汉而兴。王莽便是由大司马大将军而掌握大权的。到东汉光武帝，惩于前失，因怕大权旁落，自亲庶务，于是尚书地位日渐加重。而外朝的宰相，却分成三个部门。本来三公是宰相、太尉、御史大夫，而实际宰相是全国之首领。后来因有大司马大将军横插进来，所以又把此三公变成大司徒、大司马、大司空三职分别，一个公管领三个卿。在西汉时，本想把此改革来调和大司马与宰相之冲突的；然而这样一来，大司空完全变成外朝官，大司马却依然代表皇室。从前御史大夫管得到宫廷，现在大司空管不到宫廷。不仅丞相改大司徒是失职，御史大夫改大司空也是失职，权重依然在大司马手里。这还是皇家和政府权限划分不清之故。中国此下政府里的所谓御史台，便是循此趋势，由皇宫渐渐退回政府的。东汉初年，光武帝的私意，则索性把政权全操在自己手里，三公只是名位崇高而已，实权则在尚书。换言之，则是由皇帝来总其成。所以后代中国人批评汉光武“有事无政”，这是已往的历史意见。汉光武自身是一好皇帝，明帝、章帝都好；然而只是人事好，没有立下好制度。因此皇帝好，事情也做得好。皇帝...<br>— 钱穆 · 《钱穆国学作品集》 · p22	钱穆 钱穆国学作品集 历代政治得失丞相 命题
关于「历代政治得失·相权」：之原始用意言，实在不好算是一种坏制度…？	之原始用意言，实在不好算是一种坏制度。但日子久了，那制度就变坏了。这不止是汉代选举制度如是；我们可以说，古今中外一切制度，都必如是。否则一项好制度，若能永远好下去，便将使政治窒息，再不需后代人来努力政治了。惟其一切制度都不会永久好下去，才使我们在政治上要继续努力，永久改进。制度也只是历史事项中之一目，人类整部历史便没有百年不变的，那能有一项制度经过一两百年还算得是好制度呢？让我们再来看汉代的制度：他们将政府和皇室划分，将宰相和皇帝并列。这不好说全出帝王私心，也不能怪他们安排得未尽妥贴。当知任何一制度，也决不会尽善尽美，更无罅隙的。但至少他们懂得皇权之外有相权，至少已懂得皇室之外有政府了。再说到选举制度。至少他们已懂得政府用人该有一客观标准，不能全凭在上者之私心好恶。至少他们已懂得该项标准，不该是血统的亲疏，不该是势力的大小。亲的、贵的、强的、富的，都不够此项标准，而采取一项以教育与智识与行政实习之成绩来定取舍进退之标准，而又懂得平均分配到全国各地区；这也不能不说是在当时已算合理化，已算开明与进步的了。至于经济政策，一面主张轻徭薄赋，宽假平民；一面主张裁抑富厚，导致平等。这也不算得黑暗，...<br>— 钱穆 · 《钱穆国学作品集》 · p23	钱穆 钱穆国学作品集 历代政治得失相权 命题
关于「历代政治得失·制度」：钱穆先生书法新校本说明钱穆先生著作简体新校本…？	钱穆先生书法新校本说明钱穆先生著作简体新校本，经钱胡美琦女士授权出版，以钱宾四先生全集编辑委员会所编《钱宾四先生全集》繁体版为本，进行重排新校，订正其中体例、格式、标号、文字等方面存在的疏误，内容保持《全集》版本原貌。一九五二年，钱穆先生应有关方面之邀，演讲“中国历代政治得失”一题。本书即以演讲记录稿稍加校正，于一九五二年十一月在香港初版，嗣后复于一九五五年八月在香港印行修订版。一九七七年六月，以港版交台北东大图书出版公司在台湾发行。后在台湾联经出版公司出版时，又补入钱穆先生答读者来书讨论张居正一文附于书末。九州出版社序我很早以前，就想写一部“中国政治制度史”。一则我认为政治乃文化体系中一要目。尤其如中国，其文化精神偏重在人文界。更其是儒家的抱负，一向着重修齐治平。要研究中国传统文化，绝不该忽略中国传统政治。辛亥前后，由于革命宣传，把秦以后政治传统，用“专制黑暗”四字一笔抹杀。因于对传统政治之忽视，而加深了对传统文化之误解。我们若要平心客观地来检讨中国文化，自该检讨传统政治。这是我想写中国政治制度史之第一因。再则我认为政治制度，必然得自根自生。纵使有些可以从国外移来，也必然先与其本国传...<br>— 钱穆 · 《钱穆国学作品集》 · p10	钱穆 钱穆国学作品集 历代政治得失制度 命题
关于「历代政治得失·制度」：他们的话，在当时，便认为是可以代表他们当时的“时代意见”的…？	他们的话，在当时，便认为是可以代表他们当时的“时代意见”的。只有在当时成为时代意见的，所以到后来，才能成为历史意见。我们此刻重视这些历史意见，其意正如我们之重视我们自己的时代意见般。这两者间，该有精义相通，并不即是一种矛盾与冲突。第六，我们讨论一项制度，固然应该重视其“时代性”，同时又该重视其“地域性”。推扩而言，我们该重视其“国别性”。在这一国家，这一地区，该项制度获得成立而推行有利；但在另一国家与另一地区，则未必尽然。正因制度是一种随时地而适应的，不能推之四海而皆准，正如其不能行之百世而无弊。我们讲论中国历史上的历代制度，正该重视中国历史之特殊性。若我们忽视了这一点，像我们当前学术界风尚，认为外国的一切都是好，中国的一切都要不得；那只是意气，还说不上意见，又那能真切认识到自己已往历代制度之真实意义与真实效用呢？第七，说到历史的特殊性，则必牵连深入到全部文化史。政治只是全部文化中一项目，我们若不深切<br>— 钱穆 · 《钱穆国学作品集》 · p12	钱穆 钱穆国学作品集 历代政治得失制度 命题
关于「历代政治得失·政治制度」：推行有利；但在另一国家与另一地区…？	推行有利；但在另一国家与另一地区，则未必尽然。正因制度是一种随时地而适应的，不能推之四海而皆准，正如其不能行之百世而无弊。我们讲论中国历史上的历代制度，正该重视中国历史之特殊性。若我们忽视了这一点，像我们当前学术界风尚，认为外国的一切都是好，中国的一切都要不得；那只是意气，还说不上意见，又那能真切认识到自己已往历代制度之真实意义与真实效用呢？第七，说到历史的特殊性，则必牵连深入到全部文化史。政治只是全部文化中一项目，我们若不深切认识到某一国家某一民族全部历史之文化意义，我们很难孤立抽出其“政治”一项目来讨论其意义与效用。我们单就上举七端，便见要讲历史上的政治制度，其事甚不易。我们再退一步，单就制度言，也该先定一范围。我此刻首先想讲“政府的组织”。换句话说，是讲政府职权的分配。即就汉、唐、宋、明、清、五个朝代来看中国历史上政府职权分配之演变，我们便可借此认识中国传统政治之大趋势，及其内在之根本意向。第二范围想讲“考试和选举”。照理应该先讲此一项，让我们先知道中国历来政治上规定着那种人才可参加政府；由是再讲这个政府之怎样组织？及其职权之怎样分配？就更容易明了其内在之意义。因为一国的政权，究...<br>— 钱穆 · 《钱穆国学作品集》 · p12	钱穆 钱穆国学作品集 历代政治得失政治 命题
关于「历代政治得失·制度」：历史上的希腊、罗马不同。他们国土小…？	历史上的希腊、罗马不同。他们国土小，人口寡。如希腊，在一个小小半岛上，已包有一百几十个国。他们所谓的“国”，仅是一个城市。每一城市的人口，也不过几万。他们的领袖，自可由市民选举。只要城市居民集合到一旷场上，那里便可表见所谓人民的公意。罗马开始，也只是一城市。后来向外征服，形成帝国。但其中央核心，还是希腊城邦型的。中国到秦汉时代，国家疆土，早和现在差不多。户口亦至少在几千万以上。而且中国的立国规模，并不是向外征服，而是向心凝结。汉代的国家体制，显与罗马帝国不同。何况中国又是一个农业国，几千万个农村，散布全国；我们要责望当时的中国人，早就来推行近代的所谓民选制度，这是不是可能呢？我们若非专凭自己时代判断，来吞灭历史判断，我们应该承认皇位世袭，是中国已往政治条件上一种不得已或说是一种自然的办法。况且世界各国，在历史上有皇帝的，实在也不在少数。我们不能说，中国从前不用民主选举制，而有一个世袭的皇帝，便够证明中国传统政治之黑暗与无理性。在封建时代，本来有很多家庭有他们世袭的特权，这些皆所谓“贵族”。但从秦汉以后，封建制度早已推翻。单只皇室一家是世袭的，除却皇帝可以把皇位传给他儿子外，政府里便没有...<br>— 钱穆 · 《钱穆国学作品集》 · p13	钱穆 钱穆国学作品集 历代政治得失制度 命题
关于「历代政治得失·政治制度」：所谓民选制度，这是不是可能呢？我们若非专凭自己时代判断…？	所谓民选制度，这是不是可能呢？我们若非专凭自己时代判断，来吞灭历史判断，我们应该承认皇位世袭，是中国已往政治条件上一种不得已或说是一种自然的办法。况且世界各国，在历史上有皇帝的，实在也不在少数。我们不能说，中国从前不用民主选举制，而有一个世袭的皇帝，便够证明中国传统政治之黑暗与无理性。在封建时代，本来有很多家庭有他们世袭的特权，这些皆所谓“贵族”。但从秦汉以后，封建制度早已推翻。单只皇室一家是世袭的，除却皇帝可以把皇位传给他儿子外，政府里便没有第二个职位，第二个家庭，可以照样承袭。郡太守不能把郡太守的职位传给他儿子，县令不能把县令的职位传给他儿子。这已是政治制度上一项绝大的进步。从前封建时代，政府和家庭，有分不开的关系；现在则不然了，组织政府的是一个一个人，不再是一个一个家。不过在那时，还留下一个很大的问题，便是“皇室”和“政府”的关系。皇室是不是即算政府？若把皇室和政府划开，这两边的职权又怎样分？这是秦汉时代首先遇到的一个大问题，也是此下中国政治史上一向要碰到的一个大问题。拿历史大趋势来看，可说中国人一向意见，皇室和政府是应该分开的，而且也确实在依照此原则而演进。皇帝是国家的惟一领袖...<br>— 钱穆 · 《钱穆国学作品集》 · p13	钱穆 钱穆国学作品集 历代政治得失政治 命题
关于「历代政治得失·制度」：那是皇帝的汽车司机。五、廷尉：是掌法的…？	那是皇帝的汽车司机。五、廷尉：是掌法的。犯了皇帝的法，都归他管。如此看来，太常管皇家太庙，光禄、卫尉，一是门房头儿，一是卫兵头儿；这都是在里面的。皇帝出门，随带的是太仆，在外面有人犯法，就是廷尉的事。六、大鸿胪：一直相沿到清代，就等于外交部。也如现在之礼宾司，是管交际的。“胪”是传呼义。古礼主宾交接，由主传到主身边的相，再由主身边的相传到宾身边的相，由是而再传达到宾之自身。“鸿”即大义。“大胪”是传达官。七、宗正：是管皇帝的家族，其同姓本家及异姓亲戚的。以上七个卿，照名义，都管的皇家私事，不是政府的公务。由这七卿，我们可以看出汉代政治，还有很多是古代封建制度下遗留的陈迹。然而那时已是“化家为国”了，原来管皇帝家务的，现在也管到国家大事了。譬如太常就兼管教育，因为古代学术都是在宗庙的。西方也一样，直到现在，在他们，教育和宗教还是分不开。光禄勋原是皇帝的总门房，现在皇宫里一切侍卫都要他管。那时皇宫里的侍从，还不完全是太监，而且太监很少，大部分还是普通人。当时一般要跑入政府做官的人，第一步就得先进入皇宫里，充侍卫，奉侍皇帝，让皇帝认识，然后得机会再派出来当官。这些在皇宫里服务的，多半是年轻人...<br>— 钱穆 · 《钱穆国学作品集》 · p15	钱穆 钱穆国学作品集 历代政治得失制度 命题
关于「历代政治得失·制度」：的叫“刺史”。全国分为十三个调查区…？	的叫“刺史”。全国分为十三个调查区，每一区派一个刺史。平均每一刺史的调查区域，不会超过九个郡。他的调查项目也有限制，政府规定根据六条考察；六条以外，也就不多管。地方实际行政责任，是由太守负责的。政府派刺史来调查，不过当一个耳目。所以太守官俸二千石，而刺史原始只是俸给六百石的小官。根据政府规定项目调查，纵是小官也能称任。而且惟其官小，所以敢说敢讲，无所避忌。这些刺史，上属于御史丞。皇宫里还有十五个侍御史，专事劾奏中央乃及皇宫里的一切事情的。部刺史和侍御史的意见，都报告到副宰相御史大夫，副宰相再报告宰相。副宰相所辅助宰相的，便是这一个监察的责任。二 汉代选举制度上面讲了汉代中央和地方的许多官。但这许多官从那里来的呢？什么人才可以做宰相、御史大夫乃至这各部门的长官呢？这是讲中国政治制度上一个最主要的大题目。在古代封建世袭，天子之子为天子，公之子为公，卿之子为卿，大夫之子为大夫，做官人有一定的血统，自然不会发生有此问题。但到秦汉时代便不同了。封建世袭制度已推翻，谁该从政，谁不该从政呢？除却贵族世袭外，首先令人想到军人政治；谁握有兵权，谁就掌握政权，支配仕途。但汉代又并不然。其次令人想到富人政治...<br>— 钱穆 · 《钱穆国学作品集》 · p16	钱穆 钱穆国学作品集 历代政治得失制度 命题
关于「历代政治得失·政治制度」：规定根据六条考察；六条以外，也就不多管…？	规定根据六条考察；六条以外，也就不多管。地方实际行政责任，是由太守负责的。政府派刺史来调查，不过当一个耳目。所以太守官俸二千石，而刺史原始只是俸给六百石的小官。根据政府规定项目调查，纵是小官也能称任。而且惟其官小，所以敢说敢讲，无所避忌。这些刺史，上属于御史丞。皇宫里还有十五个侍御史，专事劾奏中央乃及皇宫里的一切事情的。部刺史和侍御史的意见，都报告到副宰相御史大夫，副宰相再报告宰相。副宰相所辅助宰相的，便是这一个监察的责任。二 汉代选举制度上面讲了汉代中央和地方的许多官。但这许多官从那里来的呢？什么人才可以做宰相、御史大夫乃至这各部门的长官呢？这是讲中国政治制度上一个最主要的大题目。在古代封建世袭，天子之子为天子，公之子为公，卿之子为卿，大夫之子为大夫，做官人有一定的血统，自然不会发生有此问题。但到秦汉时代便不同了。封建世袭制度已推翻，谁该从政，谁不该从政呢？除却贵族世袭外，首先令人想到军人政治；谁握有兵权，谁就掌握政权，支配仕途。但汉代又并不然。其次令人想到富人政治；谁有财富，谁便易于入仕，易于握权。但汉代也不然。我们讲汉代关于此一方面的制度，要到汉武帝以后，才渐趋于定型。那时已有了...<br>— 钱穆 · 《钱穆国学作品集》 · p16	钱穆 钱穆国学作品集 历代政治得失政治 命题
关于「历代政治得失·制度」：的掾属。汉代官吏任用，有一限制，地方长官定要由中央派…？	的掾属。汉代官吏任用，有一限制，地方长官定要由中央派；太守如是，县令也如是。但郡县掾属，必得本地人充当。譬如台北市的人，不能当台北市的市长；但台北市政府从市长以下的一切官，在汉代称为“掾属”的，那就绝对要用台北市的本地人。不过辟用掾属的权，则在长官手里，这叫做“辟署”。三公、九卿、郡太守、县令，这些是由皇帝由中央政府任命的。宰相下面的十三曹，就由宰相自己辟用。此外各衙门首长以下，全是吏，全由各衙门首长自己任用。现在这个太学生考了乙等，譬如他是会稽郡人，他便回到会稽，指定由郡县政府试用；这所谓“补吏”。补郎与补吏，是太学生毕业后应有的待遇。再说到汉代的选举制度，历史上称之谓“乡举里选”。当时各地方时时可以选举人才到中央。他们的选举，大体可分为两种，也可说是三种：一种是无定期的。譬如老皇帝死了，新皇帝即位，往往就下一道诏书，希望全国各地选举人才到朝廷；或是碰着大荒年，大水灾，或是大瘟疫，这表示政府行政失职，遭受天谴，也常下诏希望地方推举贤人，来向政府说话，或替国家做事。这些选举是无定期的，这样选举来的人，多半称为“贤良”。贤良选到了政府以后，照例由政府提出几个政治上重大的问题，向他们请教。...<br>— 钱穆 · 《钱穆国学作品集》 · p17	钱穆 钱穆国学作品集 历代政治得失制度 命题
关于「历代政治得失·制度之背后」：也有其内在的意义。因为二十才始成丁…？	也有其内在的意义。因为二十才始成丁，照理可以独立耕种。就农业经济言，无法多产，只有节用。所谓“三年耕，有一年之蓄”。照一般情形论，年年丰收，是绝对不会的。平均三年中，总会有一个荒年。来一个荒年，储蓄就完了。倘使三年不荒的话，六年就该有二年之蓄，九年就该有三年之蓄。而农业社会，也绝对不会连熟到九年以上，也不会连荒到三年以上。一个壮丁，二十受田，可以独立谋生；但要他为国家服兵役，则应该顾及他的家庭负担。所以当时规定，从二十三岁起；照理他可以有一年储蓄来抽身为公家服役了。这一制度，不仅是一种经济的考虑，实在是一种道德的决定。我们讲历史上一切制度，都该注意到每一制度之背后的当时人的观念和理论。政治是文化中重要一机构，决不会随随便便无端产生出某一制度的。在汉初，政府中人，本来大部由农村出身；他们知道民<br>— 钱穆 · 《钱穆国学作品集》 · p19	钱穆 钱穆国学作品集 历代政治得失制度 命题
关于「历代政治得失·尚书」：趋势来看，可说中国人一向意见，皇室和政府是应该分开的…？	趋势来看，可说中国人一向意见，皇室和政府是应该分开的，而且也确实在依照此原则而演进。皇帝是国家的惟一领袖，而实际政权则不在皇室而在政府。代表政府的是宰相。皇帝是国家的元首，象征此国家之统一；宰相是政府的领袖，负政治上一切实际的责任。“皇权”和“相权”之划分，这常是中国政治史上的大题目。我们这几十年来，一般人认为中国从秦汉以来，都是封建政治，或说是皇帝专制；那是和历史事实不相符合的。要讲汉代“皇权”和“相权”之划分，让我先举一实例：当时皇帝、宰相，各有一个秘书处，而两边的组织大小不同。汉代皇帝有“六尚”，“尚”是掌管意。六尚是尚衣、尚食、尚冠、尚席、尚浴与尚书。五尚都只管皇帝私人的衣服饮食起居，只有“尚书”是管文书的，这真是皇宫里的秘书了。汉代开始的尚书，其职权地位本不高，后来才愈弄愈大。最先尚书只是六尚之一。这是皇帝的秘书处。若说到宰相的秘书处，共有十三个部门，即是当时所谓的“十三曹”，一个“曹”等于现在一个“司”。我们且列举此十三曹的名称，便可看出当时宰相秘书处组织之庞大，与其职权之广泛。一、西曹：主府吏署用。二、东曹：主二千石长吏迁除，并包军吏在内。二千石是当时最大的官，以年俸有两...<br>— 钱穆 · 《钱穆国学作品集》 · p13	钱穆 钱穆国学作品集 历代政治得失尚书 命题
关于「历代政治得失·尚书」：皆兵制，在中国论，一则军队数量太多…？	皆兵制，在中国论，一则军队数量太多，二则训练太简略，调动不方便；结果全国皆兵，弄得有名无实。一旦起了问题，还是解决不了。再次讲到政府组织。上面说过：皇权、相权是分开的，皇室和政府也是分开的。这话固不错。但中国一向似乎看重不成文法，往往遇到最大关节，反而没有严格明白的规定。这也可以说是长处，因为可以随宜应变，有伸缩余地；但也有坏处，碰着一个能干有雄心的皇帝，矜才使气，好大喜功，常常要侵夺宰相的职权。并不像现代的西方国家，皇帝私人，无论怎样好，宪法上规定他不能过问首相的事。汉武帝雄才大略，宰相便退处无权。外朝九卿，直接向内廷听受指令。这样一来，皇帝的私人秘书尚书的权就大了。汉武帝临死时，他的太子已先死。他要把帝位传给小儿子昭帝，他却先把昭帝的母亲处死。他知道小皇帝年幼，母后在内管事不好。但皇室总还需要人管理。以前皇室也得由宰相管，但汉武帝连宰相的事都由他管了，宰相那里能预闻到宫内事！于是武帝临死，派一个霍光做大司马大将军辅政。这是皇宫里的代表人。霍光是皇家亲戚，有资格来代表皇家。但照理，宰相早就是皇宫里的代表人，他该就是副皇帝；现在皇帝不把宰相做皇室代表人，而在皇宫里另设一个大司马大将军来...<br>— 钱穆 · 《钱穆国学作品集》 · p21	钱穆 钱穆国学作品集 历代政治得失尚书 命题
关于「历代政治得失·尚书」：权”。因于相权的变动，一切制度也自随之变动…？	权”。因于相权的变动，一切制度也自随之变动。唐代政府和汉代之不同，若以现在话来说，汉宰相是采用“领袖制”的，而唐代宰相则采用“委员制”。换言之，汉代由宰相一人掌握全国行政大权；而唐代则把相权分别操掌于几个部门，由许多人来共同负责，凡事经各部门之会议而决定。汉朝只有一个宰相，但遇政府有大政事，亦常有大会议，这是皇帝、宰相和其他廷臣的会议。唐代则把相权划分成几个机关，这几个机关便须常川会议，来决定政府一切最高政令。汉代宰相下有副宰相御史大夫；我们也可说，宰相掌握的是行政权，御史大夫掌握的是监察权。唐代宰相共有三个衙门，当时称为“三省”：一中书省，二门下省，三尚书省。此三省职权会合，才等于一个汉朝的宰相，而监察权还并不在内。<br>— 钱穆 · 《钱穆国学作品集》 · p23	钱穆 钱穆国学作品集 历代政治得失尚书 命题
关于「历代政治得失·中书省」：政府中最重要者为“相权”。因于相权的变动…？	政府中最重要者为“相权”。因于相权的变动，一切制度也自随之变动。唐代政府和汉代之不同，若以现在话来说，汉宰相是采用“领袖制”的，而唐代宰相则采用“委员制”。换言之，汉代由宰相一人掌握全国行政大权；而唐代则把相权分别操掌于几个部门，由许多人来共同负责，凡事经各部门之会议而决定。汉朝只有一个宰相，但遇政府有大政事，亦常有大会议，这是皇帝、宰相和其他廷臣的会议。唐代则把相权划分成几个机关，这几个机关便须常川会议，来决定政府一切最高政令。汉代宰相下有副宰相御史大夫；我们也可说，宰相掌握的是行政权，御史大夫掌握的是监察权。唐代宰相共有三个衙门，当时称为“三省”：一中书省，二门下省，三尚书省。此三省职权会合，才等于一个汉朝的宰相，而监察权还并不在内。<br>— 钱穆 · 《钱穆国学作品集》 · p23	钱穆 钱穆国学作品集 历代政治得失中书 命题
关于「历代政治得失·门下省」：要者为“相权”。因于相权的变动，一切制度也自随之变动…？	要者为“相权”。因于相权的变动，一切制度也自随之变动。唐代政府和汉代之不同，若以现在话来说，汉宰相是采用“领袖制”的，而唐代宰相则采用“委员制”。换言之，汉代由宰相一人掌握全国行政大权；而唐代则把相权分别操掌于几个部门，由许多人来共同负责，凡事经各部门之会议而决定。汉朝只有一个宰相，但遇政府有大政事，亦常有大会议，这是皇帝、宰相和其他廷臣的会议。唐代则把相权划分成几个机关，这几个机关便须常川会议，来决定政府一切最高政令。汉代宰相下有副宰相御史大夫；我们也可说，宰相掌握的是行政权，御史大夫掌握的是监察权。唐代宰相共有三个衙门，当时称为“三省”：一中书省，二门下省，三尚书省。此三省职权会合，才等于一个汉朝的宰相，而监察权还并不在内。<br>— 钱穆 · 《钱穆国学作品集》 · p23	钱穆 钱穆国学作品集 历代政治得失门下 命题
关于「历代政治得失·六部」：它是专制，也不能不认为还是一种比较合理的开明的专制…？	它是专制，也不能不认为还是一种比较合理的开明的专制。它也自有制度，自有法律，并不全由皇帝一人的意志来决定一切的。我们现在应该注意在它的一切较详密的制度上，却不必专在“专制”与“民主”的字眼上来争执。再说回来，唐代中书、门下省参加政事堂会议的，多时有至十几人，最少则只有两人，即中书令及门下侍中。开会时有一主席，称为“执笔”。讨论结果，由他综合纪录，等于现在之书记长。此项主席轮流充任。有时一人轮十天，有时一人轮一天。大家的意见，不仅由他综合纪录，而且最后文字决定之权亦在他。这是唐代宰相一职，在采用委员制中的“首席”来代替领袖制的一种运用与安排。（四）尚书省与六部国家一切最高政令，一经政事堂会议决定后，便送尚书省执行。尚书省是政府里最高最大的行政机构。尚书省共分六部，即吏部、户部、礼部、兵部、刑部、工部。此六部制度，自唐代以至清代末年，推行了一千多年，不过六部次序有时略有改动。唐开始时是吏、礼、兵、民（户部）、刑、工，<br>— 钱穆 · 《钱穆国学作品集》 · p25	钱穆 钱穆国学作品集 历代政治得失六部 命题
关于「历代政治得失·中书省」：务”或“同三品平章事”等职衔的；如是则此人亦得参与政事堂会议…？	务”或“同三品平章事”等职衔的；如是则此人亦得参与政事堂会议。此如现今内阁中之不管部大臣，行政院中之不管部的政务委员，虽非某一部的主管长官，而得出席政务会议，预闻国家大政决夺。此等人必是官位虽低而早负时望的，始得加此职衔。当时的尚书省，则略等于现在的行政院，而且是名实相符之行政院。因他只管行政，不管出命。政府的最高机构，则在政事堂。凡属皇帝命令，在“敕”字之下，须加盖中书、门下之印，即须政事堂会议正式通过，然后再送尚书省执行。若未加盖中书、门下之印，而由皇帝直接发出的命令，在当时是认为违法的，不能为下面各级机关所承认。故说：“不经凤阁鸾台，何名为敕。”（中书省武则天改称“凤阁”，门下省武则天改称“鸾台”。）这仍是说一切皇帝诏命必经中书、门下两省。其实则皇帝的诏敕，根本由中书拟撰。但中国传统政治，仍有一大漏洞。在唐代，也并无皇帝绝不该不经中书、门下而径自颁下诏书之规定。这是中国传统政治制度下一种通融性。往往每一制度，都留有活动变通之余地，不肯死杀规定，斩绝断制。因此中国皇帝不致如英国皇帝般逼上断头台，或限定他不得为种种活动。事实上唐代也确有不经中书、门下而皇帝随便下命令的。“不经凤阁鸾台...<br>— 钱穆 · 《钱穆国学作品集》 · p25	钱穆 钱穆国学作品集 历代政治得失中书 命题
关于「历代政治得失·门下省」：衔的；如是则此人亦得参与政事堂会议…？	衔的；如是则此人亦得参与政事堂会议。此如现今内阁中之不管部大臣，行政院中之不管部的政务委员，虽非某一部的主管长官，而得出席政务会议，预闻国家大政决夺。此等人必是官位虽低而早负时望的，始得加此职衔。当时的尚书省，则略等于现在的行政院，而且是名实相符之行政院。因他只管行政，不管出命。政府的最高机构，则在政事堂。凡属皇帝命令，在“敕”字之下，须加盖中书、门下之印，即须政事堂会议正式通过，然后再送尚书省执行。若未加盖中书、门下之印，而由皇帝直接发出的命令，在当时是认为违法的，不能为下面各级机关所承认。故说：“不经凤阁鸾台，何名为敕。”（中书省武则天改称“凤阁”，门下省武则天改称“鸾台”。）这仍是说一切皇帝诏命必经中书、门下两省。其实则皇帝的诏敕，根本由中书拟撰。但中国传统政治，仍有一大漏洞。在唐代，也并无皇帝绝不该不经中书、门下而径自颁下诏书之规定。这是中国传统政治制度下一种通融性。往往每一制度，都留有活动变通之余地，不肯死杀规定，斩绝断制。因此中国皇帝不致如英国皇帝般逼上断头台，或限定他不得为种种活动。事实上唐代也确有不经中书、门下而皇帝随便下命令的。“不经凤阁鸾台，何名为敕？”此是刘袆之批...<br>— 钱穆 · 《钱穆国学作品集》 · p25	钱穆 钱穆国学作品集 历代政治得失门下 命题
关于「历代政治得失·郡县」：。而第三范围又只讲关于田赋的一项…？	。而第三范围又只讲关于田赋的一项。第四范围我想讲“国防与兵役制度”。养育此政府的是经济，保卫此政府的是武力。这一范围也极重要。其他如学校制度、教育制度等，本也很重要。但我想单从此四个范围，来指陈历代政治制度的沿革，纯从历史事实上来比较它的好坏，根据当时人的意见来说明它的得失。在此四范围以外的，则暂不涉及了。第一讲 汉代一 汉代政府组织（一）皇室与政府严格说来，要到秦汉，才是中国历史上正式有统一政府。秦以前的中国，只可说是一种“封建的统一”。直要到秦汉，中央方面才有一个更像样的统一政府；而其所辖的各地方，也已经不是封建性的诸侯列国并存，而是紧密隶属于中央的郡县制度的行政区分了。因此讲中国传统政治，可以径从秦汉<br>— 钱穆 · 《钱穆国学作品集》 · p12	钱穆 钱穆国学作品集 历代政治得失郡县 命题
关于「历代政治得失·封建」：”，即是上述的第三范围。次讲“选举”…？	”，即是上述的第三范围。次讲“选举”，即上述第二范围。再讲“职官”，便是上述第一范围。现在为方便讲述起见，先职官，次考试，再次食货。而第三范围又只讲关于田赋的一项。第四范围我想讲“国防与兵役制度”。养育此政府的是经济，保卫此政府的是武力。这一范围也极重要。其他如学校制度、教育制度等，本也很重要。但我想单从此四个范围，来指陈历代政治制度的沿革，纯从历史事实上来比较它的好坏，根据当时人的意见来说明它的得失。在此四范围以外的，则暂不涉及了。第一讲 汉代一 汉代政府组织（一）皇室与政府严格说来，要到秦汉，才是中国历史上正式有统一政府。秦以前的中国，只可说是一种“封建的统一”。直要到秦汉，中央方面才有一个更像样的统一政府；而其所辖的各地方，也已经不是封建性的诸侯列国并存，而是紧密隶属于中央的郡县制度的行政区分了。因此讲中国传统政治，可以径从秦汉<br>— 钱穆 · 《钱穆国学作品集》 · p12	钱穆 钱穆国学作品集 历代政治得失封建 命题
关于「历代政治得失·封建」：。但其中央核心，还是希腊城邦型的…？	。但其中央核心，还是希腊城邦型的。中国到秦汉时代，国家疆土，早和现在差不多。户口亦至少在几千万以上。而且中国的立国规模，并不是向外征服，而是向心凝结。汉代的国家体制，显与罗马帝国不同。何况中国又是一个农业国，几千万个农村，散布全国；我们要责望当时的中国人，早就来推行近代的所谓民选制度，这是不是可能呢？我们若非专凭自己时代判断，来吞灭历史判断，我们应该承认皇位世袭，是中国已往政治条件上一种不得已或说是一种自然的办法。况且世界各国，在历史上有皇帝的，实在也不在少数。我们不能说，中国从前不用民主选举制，而有一个世袭的皇帝，便够证明中国传统政治之黑暗与无理性。在封建时代，本来有很多家庭有他们世袭的特权，这些皆所谓“贵族”。但从秦汉以后，封建制度早已推翻。单只皇室一家是世袭的，除却皇帝可以把皇位传给他儿子外，政府里便没有第二个职位，第二个家庭，可以照样承袭。郡太守不能把郡太守的职位传给他儿子，县令不能把县令的职位传给他儿子。这已是政治制度上一项绝大的进步。从前封建时代，政府和家庭，有分不开的关系；现在则不然了，组织政府的是一个一个人，不再是一个一个家。不过在那时，还留下一个很大的问题，便是“皇室...<br>— 钱穆 · 《钱穆国学作品集》 · p13	钱穆 钱穆国学作品集 历代政治得失封建 命题
关于「历代政治得失·郡县」：位相等，实际除却军事外，不预闻其他政事…？	位相等，实际除却军事外，不预闻其他政事。因此当时最高行政长官实在是丞相。依照文字学原义，“丞”是“副贰”之意。所谓“相”，也是“副”。就如现俗称傧相，这是新郎新娘的副；新郎新娘不能做的事，由傧相代理来做。所以丞是副，相也是副，正名定义，“丞相”就是一个“副官”。是什么人的副官呢？他该就是皇帝的副官。皇帝实际上不能管理一切事，所以由宰相来代表。事情管得好与坏，责任在宰相，皇帝可以不负责任。为什么又叫“宰相”呢？在封建时代，贵族家庭最重要事在祭祀。祭祀时最重要事在宰杀牲牛。象征这一意义，当时替天子诸侯乃及一切贵族公卿管家的都称“宰”。到了秦汉统一，由封建转为郡县，古人称“化家为国”，一切贵族家庭都倒下了，只有一个家却变成了“国家”。于是他家里的家宰，也就变成了国家的政治领袖。本来封建时代，在内管家称“宰”，出外做副官称“相”，所以照历史传统讲，宰相本来只是封建时代贵族私官之遗蜕。但正因如此，所以秦汉时代的宰相，他不但要管国家政务，还要管及皇帝的家务。这在《周官》书里的“天官冢宰”的职权，便是如此的。但现在的宰相，他既要掌管国家政府的一切事情，他再没有工夫管皇帝的家事。于是在御史大夫即副丞相...<br>— 钱穆 · 《钱穆国学作品集》 · p14	钱穆 钱穆国学作品集 历代政治得失郡县 命题
关于「历代政治得失·封建」：掌监察，辅助丞相来监察一切政治设施…？	掌监察，辅助丞相来监察一切政治设施，他是副丞相。依照汉代习惯，用现代语说，这里有一种不成文法的规定：须做了御史大夫，才得升任为丞相。太尉虽与丞相尊位相等，实际除却军事外，不预闻其他政事。因此当时最高行政长官实在是丞相。依照文字学原义，“丞”是“副贰”之意。所谓“相”，也是“副”。就如现俗称傧相，这是新郎新娘的副；新郎新娘不能做的事，由傧相代理来做。所以丞是副，相也是副，正名定义，“丞相”就是一个“副官”。是什么人的副官呢？他该就是皇帝的副官。皇帝实际上不能管理一切事，所以由宰相来代表。事情管得好与坏，责任在宰相，皇帝可以不负责任。为什么又叫“宰相”呢？在封建时代，贵族家庭最重要事在祭祀。祭祀时最重要事在宰杀牲牛。象征这一意义，当时替天子诸侯乃及一切贵族公卿管家的都称“宰”。到了秦汉统一，由封建转为郡县，古人称“化家为国”，一切贵族家庭都倒下了，只有一个家却变成了“国家”。于是他家里的家宰，也就变成了国家的政治领袖。本来封建时代，在内管家称“宰”，出外做副官称“相”，所以照历史传统讲，宰相本来只是封建时代贵族私官之遗蜕。但正因如此，所以秦汉时代的宰相，他不但要管国家政务，还要管及皇帝的家...<br>— 钱穆 · 《钱穆国学作品集》 · p14	钱穆 钱穆国学作品集 历代政治得失封建 命题
关于「历代政治得失·郡县」：收入支销国家公费，少府收入充当皇室私用…？	收入支销国家公费，少府收入充当皇室私用。皇室不能用大司农的钱。所以我们说当时皇室和政府在法理上是鲜明划分的。当时全国田赋收入是大宗，由大司农管。工商业的税收，譬如海边的盐，山里的矿，原来收入很少，由少府管。这九卿，全都隶属于宰相。我们上面讲九卿，照名义来历，都是皇帝的家务官，是宫职，而系统属于宰相；岂不是宰相本是皇帝的总管家吗？但换句话说，便是当时政府的首长，宰相，可以管到皇宫里的一切。举例来说，少府掌管皇室经费，而少府属于宰相，宰相可以支配少府，即是皇室经济也由宰相支配。这样一讲，岂不是皇室反而在政府之下了吗？本来封建时代的宰相，就是皇帝的管家；但到了郡县时代，化家为国，宰相管的，已经是“国家”，不是“私家”了，所以他成了政府正式的首长。从前私家家庭中的各部门，也就变成公家政府的各部门。封建时代，以家为国，周天子是一个家，齐国是一个家，鲁国又是一个家；这样的贵族家庭很多，天下为此许多家庭所分割。那时在大体上说，则只有家务，没有政务。现在中国已经只剩了一家，就是当时的皇室。这一家为天下共同所戴，于是家务转变成政务了，这个大家庭也转变成了政府。原先宰相是这个家庭的管家，现在则是这个政府的...<br>— 钱穆 · 《钱穆国学作品集》 · p15	钱穆 钱穆国学作品集 历代政治得失郡县 命题
关于「历代政治得失·封建」：车。那是皇帝的汽车司机。五、廷尉：是掌法的…？	车。那是皇帝的汽车司机。五、廷尉：是掌法的。犯了皇帝的法，都归他管。如此看来，太常管皇家太庙，光禄、卫尉，一是门房头儿，一是卫兵头儿；这都是在里面的。皇帝出门，随带的是太仆，在外面有人犯法，就是廷尉的事。六、大鸿胪：一直相沿到清代，就等于外交部。也如现在之礼宾司，是管交际的。“胪”是传呼义。古礼主宾交接，由主传到主身边的相，再由主身边的相传到宾身边的相，由是而再传达到宾之自身。“鸿”即大义。“大胪”是传达官。七、宗正：是管皇帝的家族，其同姓本家及异姓亲戚的。以上七个卿，照名义，都管的皇家私事，不是政府的公务。由这七卿，我们可以看出汉代政治，还有很多是古代封建制度下遗留的陈迹。然而那时已是“化家为国”了，原来管皇帝家务的，现在也管到国家大事了。譬如太常就兼管教育，因为古代学术都是在宗庙的。西方也一样，直到现在，在他们，教育和宗教还是分不开。光禄勋原是皇帝的总门房，现在皇宫里一切侍卫都要他管。那时皇宫里的侍从，还不完全是太监，而且太监很少，大部分还是普通人。当时一般要跑入政府做官的人，第一步就得先进入皇宫里，充侍卫，奉侍皇帝，让皇帝认识，然后得机会再派出来当官。这些在皇宫里服务的，多半是年...<br>— 钱穆 · 《钱穆国学作品集》 · p15	钱穆 钱穆国学作品集 历代政治得失封建 命题
关于「历代政治得失·封建」：管。地方实际行政责任，是由太守负责的…？	管。地方实际行政责任，是由太守负责的。政府派刺史来调查，不过当一个耳目。所以太守官俸二千石，而刺史原始只是俸给六百石的小官。根据政府规定项目调查，纵是小官也能称任。而且惟其官小，所以敢说敢讲，无所避忌。这些刺史，上属于御史丞。皇宫里还有十五个侍御史，专事劾奏中央乃及皇宫里的一切事情的。部刺史和侍御史的意见，都报告到副宰相御史大夫，副宰相再报告宰相。副宰相所辅助宰相的，便是这一个监察的责任。二 汉代选举制度上面讲了汉代中央和地方的许多官。但这许多官从那里来的呢？什么人才可以做宰相、御史大夫乃至这各部门的长官呢？这是讲中国政治制度上一个最主要的大题目。在古代封建世袭，天子之子为天子，公之子为公，卿之子为卿，大夫之子为大夫，做官人有一定的血统，自然不会发生有此问题。但到秦汉时代便不同了。封建世袭制度已推翻，谁该从政，谁不该从政呢？除却贵族世袭外，首先令人想到军人政治；谁握有兵权，谁就掌握政权，支配仕途。但汉代又并不然。其次令人想到富人政治；谁有财富，谁便易于入仕，易于握权。但汉代也不然。我们讲汉代关于此一方面的制度，要到汉武帝以后，才渐趋于定型。那时已有了太学，有如现在的国立大学。当时国立大...<br>— 钱穆 · 《钱穆国学作品集》 · p16	钱穆 钱穆国学作品集 历代政治得失封建 命题
关于「历代政治得失·封建」：之形成，及其职权分配之内容。下面要讲到支持政府的主要经济问题…？	之形成，及其职权分配之内容。下面要讲到支持政府的主要经济问题，即赋税制度。汉代对于“轻徭薄赋”这一理想算是做到了。战国时孟子讲过“什一而税”是王者之政，可见战国税额是不止什一的，在孟子以为什一之税已是很好了。可是汉代税额规定就只有十五税一。而且实际上只要纳一半，三十税一。一百石谷子，只要纳三石多一点的税。甚至当时人还说有“百一之税”的。（见荀悦《前汉纪》。）并在文帝时，曾全部免收田租，前后历十一年之久。这是中国历史上仅有的一次。这因中国疆土广，户籍盛，赋税尽轻，供养一个政府，还是用不完。然而汉代税制，有一个大毛病。当时对于土地政策，比较是采用自由主义的。封建时代的井田制早已废弃，耕者有其田，土地的所有权属于农民私有；他可自由使用，也可自由出卖。遇到经济困乏，田地可以买卖，就形成了兼并。若我们进一步问：为什么政府税额轻了，农民还要卖去自己的田地呢？这当然还有其他原因。这须讲到当时的人口税、兵役税，乃及社会经济之全体貌。此刻无暇涉及。但耕户卖去了他的土地所有权以后，他就变成一佃农。田主对佃农的租额是很高的。有的高到百分之五十，即十分之五。结果政府的租税愈轻，地主愈便宜；农民卖了地，要纳十分...<br>— 钱穆 · 《钱穆国学作品集》 · p18	钱穆 钱穆国学作品集 历代政治得失封建 命题
关于「历代政治得失·封建」：，则非熟究当时人的意见，是无法悬揣的…？	，则非熟究当时人的意见，是无法悬揣的。我们此刻要讨论历史制度，全该注意当时的历史传统与当时人的历史意见，作为主要之参考。不该把我们的时代意见来抹杀当时的历史意见。这才是正办呀！我们概括上述汉代的经济政策，对工商业，是近于主张如近人所谓的“节制资本”的一面；而在对农民田租方面，则也已做到了“轻徭薄赋”，但并未能“平均地权”。在汉武帝时，董仲舒曾主张限田政策，纵不能将全国田亩平均分派，也须有一最高限度，使每一地主不能超过若干亩之限制。惜乎连这个政策也并未能推行。于是王莽起来，就激起了一项大改革，把一切田亩归国有，称为“皇田”，重行分配。当时的意想，实在要恢复封建时代之井田制，而结果则引生一次大变乱。王莽失败了，从此中国历史上的土地制度也不再有彻底的改革了。四 汉代兵役制度汉代兵制是全国皆兵的。在西方，直到近代普鲁士王国在俾斯麦为相时，历经了不得已的压迫，才发明这样的制度；而我们在汉代也就早已实行了。一个壮丁，到二十三岁才开始服兵役。这一规定也有其内在的意义。因为二十才始成丁，照理可以独立耕种。就农业经济言，无法多产，只有节用。所谓“三年耕，有一年之蓄”。照一般情形论，年年丰收，是绝对不会的...<br>— 钱穆 · 《钱穆国学作品集》 · p19	钱穆 钱穆国学作品集 历代政治得失封建 命题
关于「历代政治得失·封建」：每一制度之后面，也必有其所以然的理论和思想…？	每一制度之后面，也必有其所以然的理论和思想，那可轻轻用“专制黑暗”等字面把来一笔抹杀呢？汉代的国民兵役，又分几种：一种是到中央作卫兵，一种是到边郡作戍卒，一种是在原地方服兵役。每一国民都该轮到这三种。只有第三种，从二十岁便开始了。汉代中央军队有两支：一称南军，一称北军。南军是皇宫的卫队，北军是首都的卫戍部队。当时南北军全部军队合共不到七万人。各地方壮丁轮流到中央作卫兵一年。当卫兵是极优待的，来回旅费由中央供给。初到和期满退役，皇帝备酒席款宴。平时穿的吃的，也不要卫兵们自己花钱。当戍兵就不同了。一切费用，都要自己担负。论到戍兵的期限，却只有三天。这又是沿袭封建时代的旧习惯。封建时代国家规模小，方百里便算大国了。如是则由中央到边疆，最远也不过五十里。要到边疆戍守，只要半天路程。若在边三天，前后共不过五天就回来了。这在封建时代，戍边不是件苦事，随身带着五天干粮便够。秦始皇帝统一天下以后，似乎没注意到这问题，还叫老百姓戍边三天。由会稽（江苏）到渔阳（热河），在政府说来，还只要你服役三天，这是从来的旧传统。可是路途往返，就得半年以上，衣装粮草要自己带，多麻烦呢！天下一统了，国家体制变了，而秦始皇...<br>— 钱穆 · 《钱穆国学作品集》 · p20	钱穆 钱穆国学作品集 历代政治得失封建 命题
关于「历代政治得失·地方政府」：；后来规定每郡满二十万户口的只能举一个…？	；后来规定每郡满二十万户口的只能举一个，如是则孝廉不分，仅成一个参政入仕的资格而已。后来又因请托舞弊，逼得朝廷于察举孝廉后再加上一番考试；如是则全失却原来察举孝廉之用意。但中国政权，却因此开放给全国各地了。从此以后，无论选举或考试，都是分区定额的。经济文化落后的地区和经济文化进步的地区，都一样照人口比例来考选。因此中央政府里，永远有全国各地域人民之参加，不致偏荣偏枯。因此中国政府，始终是代表着全国性的，全国人民都有跑进政府的希望。而且实际上，也是全国各地永远都有人跑进中央政府的。又汉制郡县长官，例须避用本郡本县人。如是则中央政府既是绝对的代表全国性的，而地方政府却又竭力避免其陷于地方性。这样才可使大一统的局面，永远维持。而全国各地方声教相通，风气相移，却可使各地文化经济水平，永远走向融和，走向平均，不致隔绝，不致分离。这一制度，自汉代起直至清代始终沿用。这是中国传统政治制度里一最应着眼之点。惟今所欲讨论者，则为汉代之选举制，是否合于近代所谓之民权思想？第一，汉代察举，其权在地方长官，不在地方民众。长官贤良的固须采访民间舆情，选拔真才；但长官营私舞弊的，却可不顾地方民意，推选私人。二则选...<br>— 钱穆 · 《钱穆国学作品集》 · p22	钱穆 钱穆国学作品集 历代政治得失地方 命题
关于「历代政治得失·郡县」：之阻塞了，于是大家都争要为孝廉。本来所谓孝廉…？	之阻塞了，于是大家都争要为孝廉。本来所谓孝廉，一种是孝子，另一种是廉吏；后来规定每郡满二十万户口的只能举一个，如是则孝廉不分，仅成一个参政入仕的资格而已。后来又因请托舞弊，逼得朝廷于察举孝廉后再加上一番考试；如是则全失却原来察举孝廉之用意。但中国政权，却因此开放给全国各地了。从此以后，无论选举或考试，都是分区定额的。经济文化落后的地区和经济文化进步的地区，都一样照人口比例来考选。因此中央政府里，永远有全国各地域人民之参加，不致偏荣偏枯。因此中国政府，始终是代表着全国性的，全国人民都有跑进政府的希望。而且实际上，也是全国各地永远都有人跑进中央政府的。又汉制郡县长官，例须避用本郡本县人。如是则中央政府既是绝对的代表全国性的，而地方政府却又竭力避免其陷于地方性。这样才可使大一统的局面，永远维持。而全国各地方声教相通，风气相移，却可使各地文化经济水平，永远走向融和，走向平均，不致隔绝，不致分离。这一制度，自汉代起直至清代始终沿用。这是中国传统政治制度里一最应着眼之点。惟今所欲讨论者，则为汉代之选举制，是否合于近代所谓之民权思想？第一，汉代察举，其权在地方长官，不在地方民众。长官贤良的固须采访民...<br>— 钱穆 · 《钱穆国学作品集》 · p22	钱穆 钱穆国学作品集 历代政治得失郡县 命题
关于「历代政治得失·兵役」：用政治；这才是中国政治制度最根本问题之所在…？	用政治；这才是中国政治制度最根本问题之所在。至于政府内部职权之怎样分配，这是政府的组织法，却并非产生政府的根本大法。因此照理言，第二范围更重于第一范围。但我下面所讲，因求简捷易明，故而将此两个项目之先后倒转了。第三个范围则讲政府的“赋税制度”。这是政府关于财政经济如何处理的制度。这一范围也可看得它很重要。中国以前专讲制度沿革的第一部书，唐代杜佑的《通典》，最先一门是“食货”，即是上述的第三范围。次讲“选举”，即上述第二范围。再讲“职官”，便是上述第一范围。现在为方便讲述起见，先职官，次考试，再次食货。而第三范围又只讲关于田赋的一项。第四范围我想讲“国防与兵役制度”。养育此政府的是经济，保卫此政府的是武力。这一范围也极重要。其他如学校制度、教育制度等，本也很重要。但我想单从此四个范围，来指陈历代政治制度的沿革，纯从历史事实上来比较它的好坏，根据当时人的意见来说明它的得失。在此四范围以外的，则暂不涉及了。第一讲 汉代一 汉代政府组织（一）皇室与政府严格说来，要到秦汉，才是中国历史上正式有统一政府。秦以前的中国，只可说是一种“封建的统一”。直要到秦汉，中央方面才有一个更像样的统一政府；而其所...<br>— 钱穆 · 《钱穆国学作品集》 · p12	钱穆 钱穆国学作品集 历代政治得失兵役 命题
关于「历代政治得失·兵役」：。而且实际上只要纳一半，三十税一…？	。而且实际上只要纳一半，三十税一。一百石谷子，只要纳三石多一点的税。甚至当时人还说有“百一之税”的。（见荀悦《前汉纪》。）并在文帝时，曾全部免收田租，前后历十一年之久。这是中国历史上仅有的一次。这因中国疆土广，户籍盛，赋税尽轻，供养一个政府，还是用不完。然而汉代税制，有一个大毛病。当时对于土地政策，比较是采用自由主义的。封建时代的井田制早已废弃，耕者有其田，土地的所有权属于农民私有；他可自由使用，也可自由出卖。遇到经济困乏，田地可以买卖，就形成了兼并。若我们进一步问：为什么政府税额轻了，农民还要卖去自己的田地呢？这当然还有其他原因。这须讲到当时的人口税、兵役税，乃及社会经济之全体貌。此刻无暇涉及。但耕户卖去了他的土地所有权以后，他就变成一佃农。田主对佃农的租额是很高的。有的高到百分之五十，即十分之五。结果政府的租税愈轻，地主愈便宜；农民卖了地，要纳十分之五的租给地主，地主向政府只要纳三十分之一的税。政府减轻田租，只便宜了地主，农民没有受到分毫的好处。这是讲的田租。但这里已牵涉到土地所有权问题。封建时代，“四封之内，莫非王土；食土之毛，莫非王臣。”土地为封建贵族所专有，耕田者依时还受；这...<br>— 钱穆 · 《钱穆国学作品集》 · p18	钱穆 钱穆国学作品集 历代政治得失兵役 命题
关于「历代政治得失·井田」：其职权分配之内容。下面要讲到支持政府的主要经济问题…？	其职权分配之内容。下面要讲到支持政府的主要经济问题，即赋税制度。汉代对于“轻徭薄赋”这一理想算是做到了。战国时孟子讲过“什一而税”是王者之政，可见战国税额是不止什一的，在孟子以为什一之税已是很好了。可是汉代税额规定就只有十五税一。而且实际上只要纳一半，三十税一。一百石谷子，只要纳三石多一点的税。甚至当时人还说有“百一之税”的。（见荀悦《前汉纪》。）并在文帝时，曾全部免收田租，前后历十一年之久。这是中国历史上仅有的一次。这因中国疆土广，户籍盛，赋税尽轻，供养一个政府，还是用不完。然而汉代税制，有一个大毛病。当时对于土地政策，比较是采用自由主义的。封建时代的井田制早已废弃，耕者有其田，土地的所有权属于农民私有；他可自由使用，也可自由出卖。遇到经济困乏，田地可以买卖，就形成了兼并。若我们进一步问：为什么政府税额轻了，农民还要卖去自己的田地呢？这当然还有其他原因。这须讲到当时的人口税、兵役税，乃及社会经济之全体貌。此刻无暇涉及。但耕户卖去了他的土地所有权以后，他就变成一佃农。田主对佃农的租额是很高的。有的高到百分之五十，即十分之五。结果政府的租税愈轻，地主愈便宜；农民卖了地，要纳十分之五的租给...<br>— 钱穆 · 《钱穆国学作品集》 · p18	钱穆 钱穆国学作品集 历代政治得失井田 命题
关于「历代政治得失·兵役」：主要之参考。不该把我们的时代意见来抹杀当时的历史意见…？	主要之参考。不该把我们的时代意见来抹杀当时的历史意见。这才是正办呀！我们概括上述汉代的经济政策，对工商业，是近于主张如近人所谓的“节制资本”的一面；而在对农民田租方面，则也已做到了“轻徭薄赋”，但并未能“平均地权”。在汉武帝时，董仲舒曾主张限田政策，纵不能将全国田亩平均分派，也须有一最高限度，使每一地主不能超过若干亩之限制。惜乎连这个政策也并未能推行。于是王莽起来，就激起了一项大改革，把一切田亩归国有，称为“皇田”，重行分配。当时的意想，实在要恢复封建时代之井田制，而结果则引生一次大变乱。王莽失败了，从此中国历史上的土地制度也不再有彻底的改革了。四 汉代兵役制度汉代兵制是全国皆兵的。在西方，直到近代普鲁士王国在俾斯麦为相时，历经了不得已的压迫，才发明这样的制度；而我们在汉代也就早已实行了。一个壮丁，到二十三岁才开始服兵役。这一规定也有其内在的意义。因为二十才始成丁，照理可以独立耕种。就农业经济言，无法多产，只有节用。所谓“三年耕，有一年之蓄”。照一般情形论，年年丰收，是绝对不会的。平均三年中，总会有一个荒年。来一个荒年，储蓄就完了。倘使三年不荒的话，六年就该有二年之蓄，九年就该有三年之...<br>— 钱穆 · 《钱穆国学作品集》 · p19	钱穆 钱穆国学作品集 历代政治得失兵役 命题
关于「历代政治得失·井田」：于是盐铁就变成国营与官卖。这个制度…？	于是盐铁就变成国营与官卖。这个制度，很像近代西方德国人所首先创始的所谓“国家社会主义”的政策。可是我们远在汉代已经发明了这样的制度。直到清代，小节上的变化虽然有，而大体上总还遵循这一政策，总还不离于近代之所谓国家社会主义的路线。这一制度，也不专限于盐铁两项。又如酒，这是消耗着人生日用必需的米麦来做成的一种奢侈享乐品，因此也归入官卖，不许民间自由酿造。这些制度的后面，自然必有其理论的根据。我们要讲中国的经济思想史，必须注意到历史上种种实际制度之措施。而讲中国经济制度，却又该注意此项制度之所由演变完成的一种历史真相。所以我讲汉武帝时代的盐铁政策，却远远从古代井田制度与山泽禁地之在法理上所有权之区分，直讲到少府与大司农的税收之分配于政府与皇室之由来，而由此再引伸出盐铁官卖来。这并不专是一个思想与理论的问题，而实际上则有极占重要的历史传统之现实情况来决定。为了这一问题，在当时也争辩得很久，到汉昭帝时还有一番热烈的讨论，全国各地民众代表，和政府的财政主管大臣，在特别召集的会议席上往返辩论，互相诘难。有当时一位民众代表事后留下一份纪录，就是有名的《盐铁论》。当然民间主张开放，政府主张国营。而当时实...<br>— 钱穆 · 《钱穆国学作品集》 · p19	钱穆 钱穆国学作品集 历代政治得失井田 命题
关于「历代政治得失·兵役」：出不起钱便是犯法。你做乞丐了，户口册上还是有你的名字…？	出不起钱便是犯法。你做乞丐了，户口册上还是有你的名字，你还该向国家负责。于是只有把自己出卖给人家做奴隶。当时做奴隶，并不是出卖自由，只是出卖他对国家法规上一份应尽的职责。政府要禁止此风，便规定奴婢的人口税加倍征收。但有钱的养着大批奴隶，反可发大财。譬如入山烧炭、开矿之类，全需大批人工。出卖为奴，便如参加此发财集团。因此奴隶生活，反而胜过普通民户。这在《史记·货殖传》里讲得很详细。这是汉代的奴隶制度。和西方罗马帝国的农奴完全不同。罗马的农奴多半是战争得来的俘虏；汉代的奴隶是农民自己游离耕土，来参加大规模的工商新生产集合；如何可相提并论呢？汉代除却规定的义务兵役外，民间还有义勇队，志愿从军的。国家有事，可以自由报名。这叫做“良家子从军”。那些都是比较富有的家庭，尤其是居家近边境的，平常在家练习骑马射箭，盼望国家有事，报名从军，打仗立功，可以做官封侯。这风气在边郡特别盛。像陇西李广一家便是一著例。五 汉制得失检讨让我们简要指出一些汉代制度之缺点。首先在经济方面，土地问题没有解决，形成兼并；富者田连阡陌，贫者无立锥之地，使政府的减轻租税政策全失功效。至王莽把土地收归国有，此事又激起社会多数人的...<br>— 钱穆 · 《钱穆国学作品集》 · p21	钱穆 钱穆国学作品集 历代政治得失兵役 命题
关于「历代政治得失·兵役」：少他们已懂得政府用人该有一客观标准…？	少他们已懂得政府用人该有一客观标准，不能全凭在上者之私心好恶。至少他们已懂得该项标准，不该是血统的亲疏，不该是势力的大小。亲的、贵的、强的、富的，都不够此项标准，而采取一项以教育与智识与行政实习之成绩来定取舍进退之标准，而又懂得平均分配到全国各地区；这也不能不说是在当时已算合理化，已算开明与进步的了。至于经济政策，一面主张轻徭薄赋，宽假平民；一面主张裁抑富厚，导致平等。这也不算得黑暗，不算得无理。至于此后的演变，无论在政府组织上，无论在选举制度上，无论在经济政策上，都曾发生了毛病。皇室和政府的关系，终究发生了冲突；选举制度，到底造成门阀新贵族；经济制度、兵役制度都没有弄好，都出毛病了。但我们不能因此一笔抹杀，说汉代并无制度，或说一切制度只是专制与黑暗。这是我们必该再三申说的。此下魏晋南北朝，始终没有像样的政府，因此也没有像样的制度产生，直要到唐代。但唐代已不是汉代的老样子、老制度，他又换了崭新的一套。直要待唐代的新制度又出了毛病，宋代又再换一套。此下明代、清代也如此。只因我们此刻不看重历史，不研究历史，所以说中国自秦以下两千年政治都是一样，都只是“专制”两字已可包括尽了。其实是不然的。...<br>— 钱穆 · 《钱穆国学作品集》 · p23	钱穆 钱穆国学作品集 历代政治得失兵役 命题
关于「历代政治得失·租庸调」：而中国则不然。可说自两汉以来，早已把政权开放给全国各地…？	而中国则不然。可说自两汉以来，早已把政权开放给全国各地，不断奖励知识分子加入仕途；而同时又压抑工商资本。只鼓舞人为大学者，当大官，却不奖励人为大商人，发大财。“节制资本，平均地权”，大体上是中国历史上的传统政策。政治措施，存心在引导民间聪明才智，不许其私家财力打算无限制的发展。于是知识分子竞求上政治舞台去做吏，仕途充斥，造成了政治上之臃肿病。读书人成为政治脂肪。若再奖励他们来革命，来争夺政权，那岂得了？可见任何制度有利亦有弊，并不是我们的传统政治只是专制黑暗，无理性，无法度；却是一切合理性有法度的制度全都该不断改进，不断生长。三 唐代经济制度（一）唐代的租庸调制现在再讲唐代的经济制度。主要的仍先讲田赋。唐代的田赋制度称为“租庸调”。“租”是配给人民以耕种的田地，年老仍缴还政府；在其授田时期，令其负担相当的租额。这是一种“均田”制度，承北魏而来。均田制所与古代的井田制不同者，井田乃分属于封建贵族，而均田则全属中央政府，即国家。均田是郡县制度下的井田，而井田则是封建制度下的均田。说到租额，则仅为四十税一；较之汉代三十取一，更为优减。“庸”即是役，乃人民对国家之义务劳役。唐制每人每年服役二十...<br>— 钱穆 · 《钱穆国学作品集》 · p30	钱穆 钱穆国学作品集 历代政治得失租庸 命题
关于「历代政治得失·井田」：。政治措施，存心在引导民间聪明才智…？	。政治措施，存心在引导民间聪明才智，不许其私家财力打算无限制的发展。于是知识分子竞求上政治舞台去做吏，仕途充斥，造成了政治上之臃肿病。读书人成为政治脂肪。若再奖励他们来革命，来争夺政权，那岂得了？可见任何制度有利亦有弊，并不是我们的传统政治只是专制黑暗，无理性，无法度；却是一切合理性有法度的制度全都该不断改进，不断生长。三 唐代经济制度（一）唐代的租庸调制现在再讲唐代的经济制度。主要的仍先讲田赋。唐代的田赋制度称为“租庸调”。“租”是配给人民以耕种的田地，年老仍缴还政府；在其授田时期，令其负担相当的租额。这是一种“均田”制度，承北魏而来。均田制所与古代的井田制不同者，井田乃分属于封建贵族，而均田则全属中央政府，即国家。均田是郡县制度下的井田，而井田则是封建制度下的均田。说到租额，则仅为四十税一；较之汉代三十取一，更为优减。“庸”即是役，乃人民对国家之义务劳役。唐制每人每年服役二十天，较之汉代每人每年服役三十天又减轻了。“调”是一种土产贡输，各地人民须以其各地土产贡献给中央；大体上只是征收丝织物和麻织物。在《孟子》书里，即有“粟米之征”“布帛之征”“力役之征”三项目。“租”即是粟米之征，...<br>— 钱穆 · 《钱穆国学作品集》 · p30	钱穆 钱穆国学作品集 历代政治得失井田 命题
关于「历代政治得失·租庸调」：田，六十为老，还官。）这样大的一个国家…？	田，六十为老，还官。）这样大的一个国家，普遍经常的调查、登记、改动、校对，丝毫不能有疏忽与模糊。这须具有一种精神力量来维持，否则很不容易历久不衰。况且唐代很快便走上了太平治安富足强盛的光明时代，那时人不免感到小小漏洞是无关大体的。某一家的年老者已逾六十，他的名字没有销去；小孩子长大了，没有添列新丁；新授了田的，还是顶补旧人的名字；这些偷懒马虎是难免的。然而这些便是此后租庸调制失败的最大原因。恐怕并不要到达户口太多，田亩太少，田地不够分配，而租庸调制早得崩溃了。这是一种人事的松懈。至于地方豪强大门第从中舞弊，阻扰此项制度之进展，那更不用说了。即就账籍制度言，可见每一项制度之推行与继续，也必待有一种与之相当的道德意志与服务忠诚之贯注。否则徒法不能以自行，纵然法良意美，终是徒然。而且任何一制度，也必与其他制度发生交互影响。故凡一制度之成立，也决非此项制度可以单独成立的。再说此项制度，其用意颇有些近似现代所谓的“计划经济”。这要全国民众，每个家庭、每个壮丁都照顾到，计划到。在近代大规模的利用科学统计，交通方便，声息灵活，印刷术容易<br>— 钱穆 · 《钱穆国学作品集》 · p31	钱穆 钱穆国学作品集 历代政治得失租庸 命题
关于「历代政治得失·井田」：一项制度之推行与继续，也必待有一种与之相当的道德意志与服务忠诚之贯注…？	一项制度之推行与继续，也必待有一种与之相当的道德意志与服务忠诚之贯注。否则徒法不能以自行，纵然法良意美，终是徒然。而且任何一制度，也必与其他制度发生交互影响。故凡一制度之成立，也决非此项制度可以单独成立的。再说此项制度，其用意颇有些近似现代所谓的“计划经济”。这要全国民众，每个家庭、每个壮丁都照顾到，计划到。在近代大规模的利用科学统计，交通方便，声息灵活，印刷术容易，尚且感到有困难。古代交通既不便，政府组织简单，纸张亦贵，书写不便，这些都是大问题。在这种情形下，户口登记逐渐错乱，此制即无法推行。迫不得已，才又改成“两税制”。唐代的租庸调制，可说结束了古代井田、均田一脉相传的经济传统；而两税制则开浚了此后自由经济之先河。（三）唐代的两税制唐代的“两税制”，开始在唐德宗建中元年，为当时掌理财务大臣杨炎所策划。自此以来，直到今天，中国田赋，大体上，还是沿袭这制度。因其一年分夏秋两次收税，故称“两税”。此制与租庸调制之不同，最显著者，据唐时人说法，两税制是“户无主客，以见居为簿”的。这是说你从江苏搬到湖北，也如湖北人一般，不分你是主是客，只要今天住在这地方，就加入这地方的户口册。如是则人口流徙...<br>— 钱穆 · 《钱穆国学作品集》 · p31	钱穆 钱穆国学作品集 历代政治得失井田 命题
关于「历代政治得失·兵役」：能自由发展。这一情形，似乎唐代人更要高明些…？	能自由发展。这一情形，似乎唐代人更要高明些。他可以许你过富，却不让你过穷。这更有些近似现代英美的自由经济。汉代人似乎不大高明，他只注意不让你过富，而没有法子防制一般劳苦下层民众之陷入于过穷。不过这也仅是说汉、唐两代关于经济政策之理想有不同，而亦仅限于初唐。待后租庸调制崩溃，改成两税制，茶盐各项也都一一收税，便和汉代差不多。至于汉代之盐铁政策，起于武帝征伐匈奴，向外用兵；而唐代租庸调制之破坏，以及茶盐诸税之兴起，也由于玄宗以下，先是向外开疆拓土；直到德宗时代，因向外用兵而引起军人作乱，内战频起；总之是由兵祸而引起了经济制度之变动，则汉、唐并无二致。四 唐代兵役制度唐以前，中国兵役制度，遍及全民众，可说是一种兵农合一制。依照现代人讲法，这是一种社会经济与国防武装的紧密联系。唐代兵役制度改变了，可说是另一种的兵农合一制。我们不妨说，兵农合一可有两种方式：一是汉代的方式，一是唐代的方式。汉代的兵农合一，是“寓兵于农”，亦即是“全农皆兵”，把国防武装寄托于农民的生产集团，生产集团同时即是武装集团。唐代的兵农合一，则是“寓农于兵”，在武装集团寄托生产，不是在生产集团里寄托武装。所以只能说是“全兵皆...<br>— 钱穆 · 《钱穆国学作品集》 · p33	钱穆 钱穆国学作品集 历代政治得失兵役 命题
关于「历代政治得失·府兵」：方式。汉代的兵农合一，是“寓兵于农”…？	方式。汉代的兵农合一，是“寓兵于农”，亦即是“全农皆兵”，把国防武装寄托于农民的生产集团，生产集团同时即是武装集团。唐代的兵农合一，则是“寓农于兵”，在武装集团寄托生产，不是在生产集团里寄托武装。所以只能说是“全兵皆农”，而并非“全农皆兵”。把武装集团同时变成生产集团，每个军人都要他种田，却并不是要每个种田人都当兵。这一制度，从北周苏绰创始，唐代不过踵其成规。从历史上讲来，唐制似乎又要比汉制好一些。因为中国国家大，户口多，不需要全农皆兵。全农皆兵，反而变成有名无实，训练不精。只要全兵皆农，不使军人坐食饷粮，安逸无事，就够了。这种全兵皆农制，在当时称之为“府兵”。为何叫“府兵”呢？上面讲过，当时的地方政府分两级，下一级是县，上一级是州；这都是管地方行政的。府兵之“府”，是在地方行政区域州县之外的另一种军事区域的名称。“府”是指的军队屯扎地。譬如在台北市、台北县这一地区里，另划一个军事区域，这区域就称为“府”。唐代都称之为“折冲府”。折冲府共分三等，上府一千二百人，中府一千人，下府八百人。这些军人又是怎样来历呢？当时户口本分九等，这都是根据各家财富产业而定。我们只由此一节，也便想见当时的政...<br>— 钱穆 · 《钱穆国学作品集》 · p33	钱穆 钱穆国学作品集 历代政治得失府兵 命题
关于「历代政治得失·租庸调」：量的经济集中而获得其营养。若使中唐以后的社会…？	量的经济集中而获得其营养。若使中唐以后的社会，果仍厉行“按丁授田”的制度，那将逼使智识分子不得不游离农村，则此下的中国文化也会急遽变形。这一点，也足说明何以中唐以下之两税制度能一直推行到清末。（四）汉唐经济财政之比较现在再把汉、唐两代的经济财政政策两两相比，又见有恰恰相反之势。汉代自武帝创行盐铁政策，这是“节制资本”，不让民间有过富，而在经济之上层加以一种限制。其下层贫穷的，政府却并未注意到。纵说汉代田租是很轻的，但农民并未得到好处，穷人还是很多，甚至于逼得出卖为奴。政府的轻徭薄赋，只为中间地主阶层占了便宜。唐代的经济政策，其主要用意，在不让民间有穷人。租庸调制的最要精神，不仅在于轻徭薄赋，尤其是侧重在为民制产。至于上层富的，政府并不管。在开始，商业尽自由，不收税。而每一穷人，政府都设法授田，使其可以享受水平以上的生活。简单说，好像汉代是在社会上层节制资本，而下层则没有力量管；唐代注意社会下层，由国家来计划分配，而让上层的富民能自由发展。这一情形，似乎唐代人更要高明些。他可以许你过富，却不让你过穷。这更有些近似现代英美的自由经济。汉代人似乎不大高明，他只注意不让你过富，而没有法子防制一...<br>— 钱穆 · 《钱穆国学作品集》 · p33	钱穆 钱穆国学作品集 历代政治得失租庸 命题
关于「历代政治得失·府兵」：围之附近地区。其余三分之二，四百到六百个府…？	围之附近地区。其余三分之二，四百到六百个府，便分布在全国，而山西和其他边疆又比较多一些，其他地区又少一些。有一州只有一府的，或一州并无一府的。府兵也是到了二十岁才开始服役。每个府兵须到中央首都宿卫一年。此外都在本府，耕田为生，而于农隙操演。当宿卫的，叫做“上番”；“番”是更番之意，“上番”则正如汉人所谓“践更”。只汉人践更，是在地方服役；唐人上番，则向中央服役而已。府地距离中央五百里的，宿卫一次得五番。一千里的七番，一千五百里者八番，二千里十番，二千里以外十二番。照番数计算，五百里者往返两次，适抵二千里者往返一次。一千五百里者往返三次，适抵二千里以外者往返两次。计番数，可以轮番到中央上宿，平均劳逸。若遇国家有事，则全国各府均可抽调，并不与宿卫番数相干。这是说兵队。至于军官呢？在中央直辖有十六个卫，<br>— 钱穆 · 《钱穆国学作品集》 · p34	钱穆 钱穆国学作品集 历代政治得失府兵 命题
关于「历代政治得失·传统政治」：－1990），字宾四，江苏无锡人…？	－1990），字宾四，江苏无锡人。九岁入私塾，1912年辍学后自学，并任教于家乡的中小学。1930年经顾颉刚推荐，聘为燕京大学国文讲师，后历任北京大学、清华大学、西南联大、齐鲁大学、武汉大学、华西大学、四川大学、江南大学等学校教授。1949年去香港，创办新亚书院。1967年定居台湾。著有学术著作六十余种。内容简介1952年春，钱穆先生应有关方面之邀，以“中国历代政治得失”为题进行了五次讲演。本书即是先生根据讲义整理而成，分别从“政府的组织”“考试和选举”“赋税制度”“国防与兵役制度”四个方面，对汉、唐、宋、明、清五个朝代的政治得失作出分析评说，是研究中国传统政治及传统文化的一本必读书。<br>— 钱穆 · 《钱穆国学作品集》 · p6	钱穆 钱穆国学作品集 历代政治得失传统 命题
关于「历代政治得失·专制」：集》版本原貌。一九五二年，钱穆先生应有关方面之邀…？	集》版本原貌。一九五二年，钱穆先生应有关方面之邀，演讲“中国历代政治得失”一题。本书即以演讲记录稿稍加校正，于一九五二年十一月在香港初版，嗣后复于一九五五年八月在香港印行修订版。一九七七年六月，以港版交台北东大图书出版公司在台湾发行。后在台湾联经出版公司出版时，又补入钱穆先生答读者来书讨论张居正一文附于书末。九州出版社序我很早以前，就想写一部“中国政治制度史”。一则我认为政治乃文化体系中一要目。尤其如中国，其文化精神偏重在人文界。更其是儒家的抱负，一向着重修齐治平。要研究中国传统文化，绝不该忽略中国传统政治。辛亥前后，由于革命宣传，把秦以后政治传统，用“专制黑暗”四字一笔抹杀。因于对传统政治之忽视，而加深了对传统文化之误解。我们若要平心客观地来检讨中国文化，自该检讨传统政治。这是我想写中国政治制度史之第一因。再则我认为政治制度，必然得自根自生。纵使有些可以从国外移来，也必然先与其本国传统，有一番融和媾通，才能真实发生相当的作用。否则无生命的政治，无配合的制度，决然无法长成。换言之，制度必须与人事相配合。辛亥前后，人人言变法，人人言革命，太重视了制度，好像只要建立制度，一切人事自会随制度...<br>— 钱穆 · 《钱穆国学作品集》 · p10	钱穆 钱穆国学作品集 历代政治得失专制 命题
关于「历代政治得失·黑暗」：版本原貌。一九五二年，钱穆先生应有关方面之邀…？	版本原貌。一九五二年，钱穆先生应有关方面之邀，演讲“中国历代政治得失”一题。本书即以演讲记录稿稍加校正，于一九五二年十一月在香港初版，嗣后复于一九五五年八月在香港印行修订版。一九七七年六月，以港版交台北东大图书出版公司在台湾发行。后在台湾联经出版公司出版时，又补入钱穆先生答读者来书讨论张居正一文附于书末。九州出版社序我很早以前，就想写一部“中国政治制度史”。一则我认为政治乃文化体系中一要目。尤其如中国，其文化精神偏重在人文界。更其是儒家的抱负，一向着重修齐治平。要研究中国传统文化，绝不该忽略中国传统政治。辛亥前后，由于革命宣传，把秦以后政治传统，用“专制黑暗”四字一笔抹杀。因于对传统政治之忽视，而加深了对传统文化之误解。我们若要平心客观地来检讨中国文化，自该检讨传统政治。这是我想写中国政治制度史之第一因。再则我认为政治制度，必然得自根自生。纵使有些可以从国外移来，也必然先与其本国传统，有一番融和媾通，才能真实发生相当的作用。否则无生命的政治，无配合的制度，决然无法长成。换言之，制度必须与人事相配合。辛亥前后，人人言变法，人人言革命，太重视了制度，好像只要建立制度，一切人事自会随制度而转...<br>— 钱穆 · 《钱穆国学作品集》 · p10	钱穆 钱穆国学作品集 历代政治得失黑暗 命题
关于「历代政治得失·传统政治」：其中体例、格式、标号、文字等方面存在的疏误…？	其中体例、格式、标号、文字等方面存在的疏误，内容保持《全集》版本原貌。一九五二年，钱穆先生应有关方面之邀，演讲“中国历代政治得失”一题。本书即以演讲记录稿稍加校正，于一九五二年十一月在香港初版，嗣后复于一九五五年八月在香港印行修订版。一九七七年六月，以港版交台北东大图书出版公司在台湾发行。后在台湾联经出版公司出版时，又补入钱穆先生答读者来书讨论张居正一文附于书末。九州出版社序我很早以前，就想写一部“中国政治制度史”。一则我认为政治乃文化体系中一要目。尤其如中国，其文化精神偏重在人文界。更其是儒家的抱负，一向着重修齐治平。要研究中国传统文化，绝不该忽略中国传统政治。辛亥前后，由于革命宣传，把秦以后政治传统，用“专制黑暗”四字一笔抹杀。因于对传统政治之忽视，而加深了对传统文化之误解。我们若要平心客观地来检讨中国文化，自该检讨传统政治。这是我想写中国政治制度史之第一因。再则我认为政治制度，必然得自根自生。纵使有些可以从国外移来，也必然先与其本国传统，有一番融和媾通，才能真实发生相当的作用。否则无生命的政治，无配合的制度，决然无法长成。换言之，制度必须与人事相配合。辛亥前后，人人言变法，人人言...<br>— 钱穆 · 《钱穆国学作品集》 · p10	钱穆 钱穆国学作品集 历代政治得失传统 命题
关于「历代政治得失·传统制度」：尝不如是？我们若不着重本身人事，专求模仿别人制度…？	尝不如是？我们若不着重本身人事，专求模仿别人制度，结果别人制度势必追随他们的人事而变，我们也还得追随而变，那是何等的愚蠢。其实中国历史上已往一切制度传统，只要已经沿袭到一百两百年的，也何尝不与当时人事相配合。又何尝是专出于一二人之私心，全可用“专制黑暗”四字来抹杀？这是我想写一部中国政治制度史之第二因。但由于国家大局之动荡，私人生活之不安定，而自己想写的，感到比这一部书更重要的也还有，因此此书终于没有写。一九五二年三四月间，承何敬之先生要我在战略顾问委员会讲演“中国历代政治得失”，但讲期只有五次，每次只限两小时；又为旅途匆促，以及其他条件，并不能对历史上传统制度详细陈述，精密发挥，只择汉、唐、宋、明、清五代略举大纲。本来想再就讲演纪录把在讲演时未及提到的，略事增补；不幸讲演完成，我即负伤养病。在此期间，没有精力对此讲稿再事改进。只得就原纪录稿有与原讲义旨走失处稍稍校正，而其他不再润饰了。将来若偿宿愿，能写出一部较详备的“中国政治制度史”，则属至幸。而此书得以抢先呈教于读者之前，亦可稍自欣慰，并在此致谢何先生之美意。若无何先生这一番督命，连此小书，也不会有仓促完成之望的。一九五二年八月钱...<br>— 钱穆 · 《钱穆国学作品集》 · p10	钱穆 钱穆国学作品集 历代政治得失传统 命题
关于「历代政治得失·皇室」：围也可看得它很重要。中国以前专讲制度沿革的第一部书…？	围也可看得它很重要。中国以前专讲制度沿革的第一部书，唐代杜佑的《通典》，最先一门是“食货”，即是上述的第三范围。次讲“选举”，即上述第二范围。再讲“职官”，便是上述第一范围。现在为方便讲述起见，先职官，次考试，再次食货。而第三范围又只讲关于田赋的一项。第四范围我想讲“国防与兵役制度”。养育此政府的是经济，保卫此政府的是武力。这一范围也极重要。其他如学校制度、教育制度等，本也很重要。但我想单从此四个范围，来指陈历代政治制度的沿革，纯从历史事实上来比较它的好坏，根据当时人的意见来说明它的得失。在此四范围以外的，则暂不涉及了。第一讲 汉代一 汉代政府组织（一）皇室与政府严格说来，要到秦汉，才是中国历史上正式有统一政府。秦以前的中国，只可说是一种“封建的统一”。直要到秦汉，中央方面才有一个更像样的统一政府；而其所辖的各地方，也已经不是封建性的诸侯列国并存，而是紧密隶属于中央的郡县制度的行政区分了。因此讲中国传统政治，可以径从秦汉<br>— 钱穆 · 《钱穆国学作品集》 · p12	钱穆 钱穆国学作品集 历代政治得失皇室 命题
关于「历代政治得失·传统政治」：术界风尚，认为外国的一切都是好，中国的一切都要不得…？	术界风尚，认为外国的一切都是好，中国的一切都要不得；那只是意气，还说不上意见，又那能真切认识到自己已往历代制度之真实意义与真实效用呢？第七，说到历史的特殊性，则必牵连深入到全部文化史。政治只是全部文化中一项目，我们若不深切认识到某一国家某一民族全部历史之文化意义，我们很难孤立抽出其“政治”一项目来讨论其意义与效用。我们单就上举七端，便见要讲历史上的政治制度，其事甚不易。我们再退一步，单就制度言，也该先定一范围。我此刻首先想讲“政府的组织”。换句话说，是讲政府职权的分配。即就汉、唐、宋、明、清、五个朝代来看中国历史上政府职权分配之演变，我们便可借此认识中国传统政治之大趋势，及其内在之根本意向。第二范围想讲“考试和选举”。照理应该先讲此一项，让我们先知道中国历来政治上规定着那种人才可参加政府；由是再讲这个政府之怎样组织？及其职权之怎样分配？就更容易明了其内在之意义。因为一国的政权，究竟该交付与那些人，这是第一义。至于政府内部各项职权之究应如何分配，这已属第二义。中国历史上“考试”与“选举”两项制度，其用意是在政府和社会间打通一条路，好让社会在某种条件某种方式下来掌握政治，预闻政治，和运用政...<br>— 钱穆 · 《钱穆国学作品集》 · p12	钱穆 钱穆国学作品集 历代政治得失传统 命题
关于「历代政治得失·专制」：在那时，还留下一个很大的问题，便是“皇室”和“政府”的关系…？	在那时，还留下一个很大的问题，便是“皇室”和“政府”的关系。皇室是不是即算政府？若把皇室和政府划开，这两边的职权又怎样分？这是秦汉时代首先遇到的一个大问题，也是此下中国政治史上一向要碰到的一个大问题。拿历史大趋势来看，可说中国人一向意见，皇室和政府是应该分开的，而且也确实在依照此原则而演进。皇帝是国家的惟一领袖，而实际政权则不在皇室而在政府。代表政府的是宰相。皇帝是国家的元首，象征此国家之统一；宰相是政府的领袖，负政治上一切实际的责任。“皇权”和“相权”之划分，这常是中国政治史上的大题目。我们这几十年来，一般人认为中国从秦汉以来，都是封建政治，或说是皇帝专制；那是和历史事实不相符合的。要讲汉代“皇权”和“相权”之划分，让我先举一实例：当时皇帝、宰相，各有一个秘书处，而两边的组织大小不同。汉代皇帝有“六尚”，“尚”是掌管意。六尚是尚衣、尚食、尚冠、尚席、尚浴与尚书。五尚都只管皇帝私人的衣服饮食起居，只有“尚书”是管文书的，这真是皇宫里的秘书了。汉代开始的尚书，其职权地位本不高，后来才愈弄愈大。最先尚书只是六尚之一。这是皇帝的秘书处。若说到宰相的秘书处，共有十三个部门，即是当时所谓的“十三...<br>— 钱穆 · 《钱穆国学作品集》 · p13	钱穆 钱穆国学作品集 历代政治得失专制 命题
关于「历代政治得失·黑暗」：外征服，形成帝国。但其中央核心，还是希腊城邦型的…？	外征服，形成帝国。但其中央核心，还是希腊城邦型的。中国到秦汉时代，国家疆土，早和现在差不多。户口亦至少在几千万以上。而且中国的立国规模，并不是向外征服，而是向心凝结。汉代的国家体制，显与罗马帝国不同。何况中国又是一个农业国，几千万个农村，散布全国；我们要责望当时的中国人，早就来推行近代的所谓民选制度，这是不是可能呢？我们若非专凭自己时代判断，来吞灭历史判断，我们应该承认皇位世袭，是中国已往政治条件上一种不得已或说是一种自然的办法。况且世界各国，在历史上有皇帝的，实在也不在少数。我们不能说，中国从前不用民主选举制，而有一个世袭的皇帝，便够证明中国传统政治之黑暗与无理性。在封建时代，本来有很多家庭有他们世袭的特权，这些皆所谓“贵族”。但从秦汉以后，封建制度早已推翻。单只皇室一家是世袭的，除却皇帝可以把皇位传给他儿子外，政府里便没有第二个职位，第二个家庭，可以照样承袭。郡太守不能把郡太守的职位传给他儿子，县令不能把县令的职位传给他儿子。这已是政治制度上一项绝大的进步。从前封建时代，政府和家庭，有分不开的关系；现在则不然了，组织政府的是一个一个人，不再是一个一个家。不过在那时，还留下一个很大的...<br>— 钱穆 · 《钱穆国学作品集》 · p13	钱穆 钱穆国学作品集 历代政治得失黑暗 命题
关于「历代政治得失·皇室与政府」：。于是在御史大夫即副丞相之下，设有一个“御史中丞”…？	。于是在御史大夫即副丞相之下，设有一个“御史中丞”，他便是御史大夫的副，这个人就驻在皇宫里。那时凡具“中”字的官，都指是驻在皇宫的。皇室的一切事，照例都归御史中丞管。御史中丞隶属于御史大夫，御史大夫隶属于宰相。如是则皇室一切事仍得由宰相管。从一方面讲，宰相的来历，本只是皇帝的私臣，是皇帝的管家，自该管皇宫里的事。那是封建旧制遗蜕未尽。但从另一方面看，只好说，皇室也不过是政府下面的一部分。所以宫廷事，也归宰相来统治。那时，皇帝有什么事，交代御史中丞，御史中丞报告御史大夫，御史大夫再转报宰相。宰相有什么事，也照这个手续，由御史大夫转中丞，再转入内廷。这是当时皇室与政府关系之大概。再说汉代的九卿，那是：太常、光禄勋、卫尉、太仆、廷尉、大鸿胪、宗正、大司农、少府。他们的官位都是二千石，又称“中二千石”。因他们都是中央政府里的二千石，以示别于郡太守地方行政首长之亦是二千石而名。若讲到这些九卿职名的来历，却很有趣味：一、太常：在秦代叫“奉常”。这个“常”字，本当作“尝”。他是管祭祀祖先鬼神的。依四时奉献时物，让祖先鬼神时时尝新，故称“奉尝”。在古代，宗教意味犹在政治意味之上。古代的住宅，东偏是祠堂...<br>— 钱穆 · 《钱穆国学作品集》 · p14	钱穆 钱穆国学作品集 历代政治得失皇室 命题
关于「历代政治得失·传统政治」：（上两曹所管属于法律之刑事方面。）十、兵曹：管兵役…？	（上两曹所管属于法律之刑事方面。）十、兵曹：管兵役。十一、金曹：管货币盐铁。十二、仓曹：管仓谷。十三、黄阁：主簿录众事。这是宰相府秘书处的总务主任。这十三个机关，合成一个宰相直辖的办公厅。我们只根据这十三曹名称，便可想见当时全国政务都要汇集到宰相，而并不归属于皇帝。因为皇帝只有一个笼统的尚书处，只有一个书房，最先的尚书也仅有四人；而宰相府下就有十三个机关。这相府十三曹，比诸皇室尚书的范围大得多，而且此十三曹的权位也很重，也竟俨如后代之专部大臣。可见汉代一切实际事权，照法理，该在相府，不在皇室。宰相才是政府的真领袖。以上单据一例来讲皇室和政府的区别。从中国传统政治的大趋势看，一般意见一向是看重这区别的。（二）中央政府的组织现在说到汉代中央政府的组织。当时有所谓“三公”“九卿”，这是政府里的最高官。丞相、太尉、御史大夫称三公。丞相管行政，是文官首长；太尉管军事，是武官首长；御史大夫掌监察，辅助丞相来监察一切政治设施，他是副丞相。依照汉代习惯，用现代语说，这里有一种不成文法的规定：须做了御史大夫，才得升任为丞相。太尉虽与丞相尊位相等，实际除却军事外，不预闻其他政事。因此当时最高行政长官实在是...<br>— 钱穆 · 《钱穆国学作品集》 · p14	钱穆 钱穆国学作品集 历代政治得失传统 命题
关于「历代政治得失·皇室」：部分还是普通人。当时一般要跑入政府做官的人…？	部分还是普通人。当时一般要跑入政府做官的人，第一步就得先进入皇宫里，充侍卫，奉侍皇帝，让皇帝认识，然后得机会再派出来当官。这些在皇宫里服务的，多半是年轻人，当时称作“郎官”，都归光禄勋管。孔子十二世孙孔安国，也就做过郎官。太仆呢？因管车马，所以国家一切武装，好像坦克车、飞机之类，他也连带管了。廷尉就变成司法，大鸿胪就变成外交。这是历史演变。我们推寻出这一演变，却并不是说汉代的中央政府还是一个封建政府，而当时的九卿还是皇帝之私臣。因此等卿都隶属于宰相，而所管亦全是国家公事。此外还有两个卿，就是大司农和少府，都是管财政经济的。大司农管的是政府经济，少府管的是皇室经济。大司农的收入支销国家公费，少府收入充当皇室私用。皇室不能用大司农的钱。所以我们说当时皇室和政府在法理上是鲜明划分的。当时全国田赋收入是大宗，由大司农管。工商业的税收，譬如海边的盐，山里的矿，原来收入很少，由少府管。这九卿，全都隶属于宰相。我们上面讲九卿，照名义来历，都是皇帝的家务官，是宫职，而系统属于宰相；岂不是宰相本是皇帝的总管家吗？但换句话说，便是当时政府的首长，宰相，可以管到皇宫里的一切。举例来说，少府掌管皇室经费，而少...<br>— 钱穆 · 《钱穆国学作品集》 · p15	钱穆 钱穆国学作品集 历代政治得失皇室 命题
关于「历代政治得失·皇室」：隘，设一征收员，遇在禁区捕鱼伐木的…？	隘，设一征收员，遇在禁区捕鱼伐木的，只就其所获，征收其所获几分之几的实物。这就在田租之外，另成一种赋税。这是关税、商税之缘起。所以称之曰“征”者，原先是征伐禁止的，后来只以分享获得为妥协条件，而仍以“征”字目之。这一种转变，春秋末年，已在大大开始。土地狭或是人口密的国家，如郑，如晋，如齐，都有此现象，都有此措施。然直到秦汉统一政府出现，关于土地所有权的观念却依然承袭旧贯。他们认耕地为农民私有，而非耕地即封建时代相传之禁地则仍为公家所有。换言之，即成为王室所有。此因封建贵族都已消失，只剩皇帝一家，承袭旧来的封建传统；所以全国的山林池泽，照当时人观念，便全归皇室。再从这一所有权的观念影响到赋税制度，所以当时凡农田租入归诸大司农，充当政府公费；而山海池泽之税则属少府，专供皇帝私用。这一分别，若非从封建时代之井田制度以及其他土地所有权之分别转变说来，便不易明了。<br>— 钱穆 · 《钱穆国学作品集》 · p18	钱穆 钱穆国学作品集 历代政治得失皇室 命题
关于「历代政治得失·专制」：里，很少有专讲政治理论的书，也很少专以政治思想而成名的人物…？	里，很少有专讲政治理论的书，也很少专以政治思想而成名的人物。这并不是中国人对政治无理论，无思想。只因中国读书人多半做了官，他们对政治上的理论和思想，早可在实际政治中表现；用不着凭空著书，脱离现实，来完成他书本上的一套空理论。于是中国人的政治理论，早和现实政治融化合一了。否则为什么皇帝和宰相定要分权呢？为什么仕途必经察举和考试呢？为什么田租该力求减轻呢？为什么商业资本要加节制呢？为什么国民兵役要到二十三岁才开始呢？所以我们要研究中国已往的政治思想，便该注意已往的政治制度。中国决不是一个无制度的国家，而每一制度之后面，也必有其所以然的理论和思想，那可轻轻用“专制黑暗”等字面把来一笔抹杀呢？汉代的国民兵役，又分几种：一种是到中央作卫兵，一种是到边郡作戍卒，一种是在原地方服兵役。每一国民都该轮到这三种。只有第三种，从二十岁便开始了。汉代中央军队有两支：一称南军，一称北军。南军是皇宫的卫队，北军是首都的卫戍部队。当时南北军全部军队合共不到七万人。各地方壮丁轮流到中央作卫兵一年。当卫兵是极优待的，来回旅费由中央供给。初到和期满退役，皇帝备酒席款宴。平时穿的吃的，也不要卫兵们自己花钱。当戍兵就不同了...<br>— 钱穆 · 《钱穆国学作品集》 · p20	钱穆 钱穆国学作品集 历代政治得失专制 命题
关于「历代政治得失·黑暗」：很少有专讲政治理论的书，也很少专以政治思想而成名的人物…？	很少有专讲政治理论的书，也很少专以政治思想而成名的人物。这并不是中国人对政治无理论，无思想。只因中国读书人多半做了官，他们对政治上的理论和思想，早可在实际政治中表现；用不着凭空著书，脱离现实，来完成他书本上的一套空理论。于是中国人的政治理论，早和现实政治融化合一了。否则为什么皇帝和宰相定要分权呢？为什么仕途必经察举和考试呢？为什么田租该力求减轻呢？为什么商业资本要加节制呢？为什么国民兵役要到二十三岁才开始呢？所以我们要研究中国已往的政治思想，便该注意已往的政治制度。中国决不是一个无制度的国家，而每一制度之后面，也必有其所以然的理论和思想，那可轻轻用“专制黑暗”等字面把来一笔抹杀呢？汉代的国民兵役，又分几种：一种是到中央作卫兵，一种是到边郡作戍卒，一种是在原地方服兵役。每一国民都该轮到这三种。只有第三种，从二十岁便开始了。汉代中央军队有两支：一称南军，一称北军。南军是皇宫的卫队，北军是首都的卫戍部队。当时南北军全部军队合共不到七万人。各地方壮丁轮流到中央作卫兵一年。当卫兵是极优待的，来回旅费由中央供给。初到和期满退役，皇帝备酒席款宴。平时穿的吃的，也不要卫兵们自己花钱。当戍兵就不同了。一...<br>— 钱穆 · 《钱穆国学作品集》 · p20	钱穆 钱穆国学作品集 历代政治得失黑暗 命题
关于「历代政治得失·皇室」：社会多数人的反对，结果失败了。但王莽的废止奴隶政策…？	社会多数人的反对，结果失败了。但王莽的废止奴隶政策，却继续为东汉政府所承袭。东汉时代也屡有废奴的诏令。但只要社会经济情形不变，此项诏令是不会有实效的。其次说到军队制度。中国地大人众，虽说分区训练各别的兵种，但每年一个月的操练是不够的。中央南北军，像是常备军，实际上，时期也只一年，数额也仅有七八万人。结果全国皆兵，并不够用。遇到打仗，各地调遣，如会稽、吴、楚远赴渔阳、上谷，也不方便。所以全国皆兵制，在中国论，一则军队数量太多，二则训练太简略，调动不方便；结果全国皆兵，弄得有名无实。一旦起了问题，还是解决不了。再次讲到政府组织。上面说过：皇权、相权是分开的，皇室和政府也是分开的。这话固不错。但中国一向似乎看重不成文法，往往遇到最大关节，反而没有严格明白的规定。这也可以说是长处，因为可以随宜应变，有伸缩余地；但也有坏处，碰着一个能干有雄心的皇帝，矜才使气，好大喜功，常常要侵夺宰相的职权。并不像现代的西方国家，皇帝私人，无论怎样好，宪法上规定他不能过问首相的事。汉武帝雄才大略，宰相便退处无权。外朝九卿，直接向内廷听受指令。这样一来，皇帝的私人秘书尚书的权就大了。汉武帝临死时，他的太子已先死。他...<br>— 钱穆 · 《钱穆国学作品集》 · p21	钱穆 钱穆国学作品集 历代政治得失皇室 命题
关于「历代政治得失·传统政治」：后，无论选举或考试，都是分区定额的…？	后，无论选举或考试，都是分区定额的。经济文化落后的地区和经济文化进步的地区，都一样照人口比例来考选。因此中央政府里，永远有全国各地域人民之参加，不致偏荣偏枯。因此中国政府，始终是代表着全国性的，全国人民都有跑进政府的希望。而且实际上，也是全国各地永远都有人跑进中央政府的。又汉制郡县长官，例须避用本郡本县人。如是则中央政府既是绝对的代表全国性的，而地方政府却又竭力避免其陷于地方性。这样才可使大一统的局面，永远维持。而全国各地方声教相通，风气相移，却可使各地文化经济水平，永远走向融和，走向平均，不致隔绝，不致分离。这一制度，自汉代起直至清代始终沿用。这是中国传统政治制度里一最应着眼之点。惟今所欲讨论者，则为汉代之选举制，是否合于近代所谓之民权思想？第一，汉代察举，其权在地方长官，不在地方民众。长官贤良的固须采访民间舆情，选拔真才；但长官营私舞弊的，却可不顾地方民意，推选私人。二则选举了送到中央，如何分发，则悉听中央命令。后来并于选来的人，又加以一番考试。这样则岂不是汉代的选举权，实际便完全操之在上不在下吗？而且汉代选举，就大体言，最先必进学校读书，才获补吏。补吏以后，才获察举。这由教育而行...<br>— 钱穆 · 《钱穆国学作品集》 · p22	钱穆 钱穆国学作品集 历代政治得失传统 命题
关于「历代政治得失·专制」：该是血统的亲疏，不该是势力的大小…？	该是血统的亲疏，不该是势力的大小。亲的、贵的、强的、富的，都不够此项标准，而采取一项以教育与智识与行政实习之成绩来定取舍进退之标准，而又懂得平均分配到全国各地区；这也不能不说是在当时已算合理化，已算开明与进步的了。至于经济政策，一面主张轻徭薄赋，宽假平民；一面主张裁抑富厚，导致平等。这也不算得黑暗，不算得无理。至于此后的演变，无论在政府组织上，无论在选举制度上，无论在经济政策上，都曾发生了毛病。皇室和政府的关系，终究发生了冲突；选举制度，到底造成门阀新贵族；经济制度、兵役制度都没有弄好，都出毛病了。但我们不能因此一笔抹杀，说汉代并无制度，或说一切制度只是专制与黑暗。这是我们必该再三申说的。此下魏晋南北朝，始终没有像样的政府，因此也没有像样的制度产生，直要到唐代。但唐代已不是汉代的老样子、老制度，他又换了崭新的一套。直要待唐代的新制度又出了毛病，宋代又再换一套。此下明代、清代也如此。只因我们此刻不看重历史，不研究历史，所以说中国自秦以下两千年政治都是一样，都只是“专制”两字已可包括尽了。其实是不然的。第二讲 唐代一 唐代政府组织（一）汉唐相权之比较汉和唐，是历史上最能代表中国的两个朝代。...<br>— 钱穆 · 《钱穆国学作品集》 · p23	钱穆 钱穆国学作品集 历代政治得失专制 命题
关于「历代政治得失·黑暗」：并列。这不好说全出帝王私心，也不能怪他们安排得未尽妥贴…？	并列。这不好说全出帝王私心，也不能怪他们安排得未尽妥贴。当知任何一制度，也决不会尽善尽美，更无罅隙的。但至少他们懂得皇权之外有相权，至少已懂得皇室之外有政府了。再说到选举制度。至少他们已懂得政府用人该有一客观标准，不能全凭在上者之私心好恶。至少他们已懂得该项标准，不该是血统的亲疏，不该是势力的大小。亲的、贵的、强的、富的，都不够此项标准，而采取一项以教育与智识与行政实习之成绩来定取舍进退之标准，而又懂得平均分配到全国各地区；这也不能不说是在当时已算合理化，已算开明与进步的了。至于经济政策，一面主张轻徭薄赋，宽假平民；一面主张裁抑富厚，导致平等。这也不算得黑暗，不算得无理。至于此后的演变，无论在政府组织上，无论在选举制度上，无论在经济政策上，都曾发生了毛病。皇室和政府的关系，终究发生了冲突；选举制度，到底造成门阀新贵族；经济制度、兵役制度都没有弄好，都出毛病了。但我们不能因此一笔抹杀，说汉代并无制度，或说一切制度只是专制与黑暗。这是我们必该再三申说的。此下魏晋南北朝，始终没有像样的政府，因此也没有像样的制度产生，直要到唐代。但唐代已不是汉代的老样子、老制度，他又换了崭新的一套。直要待唐代...<br>— 钱穆 · 《钱穆国学作品集》 · p23	钱穆 钱穆国学作品集 历代政治得失黑暗 命题
关于「历代政治得失·皇室」：有对那些家庭许下世袭特权；但他们因有家庭凭借…？	有对那些家庭许下世袭特权；但他们因有家庭凭借，无异于有世袭的特权了。中国魏晋以下门第社会之起因，最主要的自然要追溯到汉代之察举制度。但就汉代察举制度之原始用意言，实在不好算是一种坏制度。但日子久了，那制度就变坏了。这不止是汉代选举制度如是；我们可以说，古今中外一切制度，都必如是。否则一项好制度，若能永远好下去，便将使政治窒息，再不需后代人来努力政治了。惟其一切制度都不会永久好下去，才使我们在政治上要继续努力，永久改进。制度也只是历史事项中之一目，人类整部历史便没有百年不变的，那能有一项制度经过一两百年还算得是好制度呢？让我们再来看汉代的制度：他们将政府和皇室划分，将宰相和皇帝并列。这不好说全出帝王私心，也不能怪他们安排得未尽妥贴。当知任何一制度，也决不会尽善尽美，更无罅隙的。但至少他们懂得皇权之外有相权，至少已懂得皇室之外有政府了。再说到选举制度。至少他们已懂得政府用人该有一客观标准，不能全凭在上者之私心好恶。至少他们已懂得该项标准，不该是血统的亲疏，不该是势力的大小。亲的、贵的、强的、富的，都不够此项标准，而采取一项以教育与智识与行政实习之成绩来定取舍进退之标准，而又懂得平均分配到全...<br>— 钱穆 · 《钱穆国学作品集》 · p23	钱穆 钱穆国学作品集 历代政治得失皇室 命题
关于「历代政治得失·皇室」：内廷掌理文件之意。侍中则是在宫中奉侍皇帝…？	内廷掌理文件之意。侍中则是在宫中奉侍皇帝。故就官职名义言，这三个官，原先本都是内廷官。而到唐代，则全由内廷官一变而为政府外朝的执政长官，和以前性质完全不同。其实“宰”和“相”，在春秋时代也仅系封建贵族的家臣，但到秦汉则化私为公，变成了正式的政府执政官。此后宰相失职，却又有另一批皇帝内廷私臣变成了正式执政官的，便如唐代之三省。何谓失职？因宰相职权，本该领导政府，统治全国的；后来此项职权，被皇帝夺去了，皇帝把他们的私属像中书、门下、尚书之类来代行政府宰相的职权；这是东汉以后魏晋南北朝时代的事。现在到唐代，才又把以前宰相职权正式分配给三省。换言之，亦即是把以前皇室滥用之权重交还政府。（二）唐代中央政府三省职权之分配现在再说中书、门下、尚书三省职权之分配。中书主发令。政府一切最高命令，皆由中书省发出。此种最高命令，名义上是皇帝的诏书，在唐代叫做“敕”。凡属重要政事之最高命令，一定要皇帝下敕行之。但实际上皇帝自己却并不拟敕，而系中书省拟定。此所谓“定旨出命”。在中书省中，除中书令为正长官外，设有副长官“中书侍郎”。中书侍郎之下，又有“中书舍人”，员额有七八人之多。中书舍人官位并不高，而他们却有拟...<br>— 钱穆 · 《钱穆国学作品集》 · p24	钱穆 钱穆国学作品集 历代政治得失皇室 命题
关于「历代政治得失·专制」：上唐代也确有不经中书、门下而皇帝随便下命令的…？	上唐代也确有不经中书、门下而皇帝随便下命令的。“不经凤阁鸾台，何名为敕？”此是刘袆之批评武则天的话，而刘袆之因此遭了杀身之祸。武则天以下的唐中宗，也便不经两省而径自封拜官职。但中宗究竟心怯，自己觉得难为情，故他装置诏敕的封袋，不敢照常式封发，而改用斜封。所书“敕”字，也不敢用朱笔，而改用墨笔。当时称为“斜封墨敕”。此即表示此项命令未经中书、门下两省，而要请下行机关马虎承认之意。在当时便认为这是一件值得大书特书之事，因此在历史上传下。当时唐中宗私下所封之官，时人称为“斜封官”，因其未经正式敕封手续而为一般人所看不起。举此一例，便知中国传统政治，本不全由皇帝专制，也不能说中国人绝无法制观念。但中国政治史上所规定下的一切法制，有时往往有不严格遵守的，此亦是事实。但严格说来，则此等事总属胡闹，不可为训。只因闹得不大，皇帝私下只封几个小官职，也不致有大影响。直到宋朝，太祖赵匡胤开国为帝时，建德二年，恰逢三个宰相相继去职。太祖欲派赵普为宰相，但皇帝诏敕一定要经宰相副署；此刻旧宰相既已全体去职，一时找不到副署人，该项敕旨即无法行下。宋太祖乃召集群臣会商办法。当时有人献议说：“唐代皇帝曾有一次下敕未经...<br>— 钱穆 · 《钱穆国学作品集》 · p25	钱穆 钱穆国学作品集 历代政治得失专制 命题
关于「历代政治得失·传统政治」：长官，而得出席政务会议，预闻国家大政决夺…？	长官，而得出席政务会议，预闻国家大政决夺。此等人必是官位虽低而早负时望的，始得加此职衔。当时的尚书省，则略等于现在的行政院，而且是名实相符之行政院。因他只管行政，不管出命。政府的最高机构，则在政事堂。凡属皇帝命令，在“敕”字之下，须加盖中书、门下之印，即须政事堂会议正式通过，然后再送尚书省执行。若未加盖中书、门下之印，而由皇帝直接发出的命令，在当时是认为违法的，不能为下面各级机关所承认。故说：“不经凤阁鸾台，何名为敕。”（中书省武则天改称“凤阁”，门下省武则天改称“鸾台”。）这仍是说一切皇帝诏命必经中书、门下两省。其实则皇帝的诏敕，根本由中书拟撰。但中国传统政治，仍有一大漏洞。在唐代，也并无皇帝绝不该不经中书、门下而径自颁下诏书之规定。这是中国传统政治制度下一种通融性。往往每一制度，都留有活动变通之余地，不肯死杀规定，斩绝断制。因此中国皇帝不致如英国皇帝般逼上断头台，或限定他不得为种种活动。事实上唐代也确有不经中书、门下而皇帝随便下命令的。“不经凤阁鸾台，何名为敕？”此是刘袆之批评武则天的话，而刘袆之因此遭了杀身之祸。武则天以下的唐中宗，也便不经两省而径自封拜官职。但中宗究竟心怯，自己...<br>— 钱穆 · 《钱穆国学作品集》 · p25	钱穆 钱穆国学作品集 历代政治得失传统 命题
关于「历代政治得失·皇室」：决定，但吏部可以提名。五品以下官…？	决定，但吏部可以提名。五品以下官，宰相不过问，全由吏部依法任用。户部：掌管民政、户口等事。礼部：主管宗教、教育事宜。兵部：掌军事。刑部：掌司法。工部：主管建设。六部各有职掌。若以之比拟汉代之九卿，这不能不说是一大进步。汉代九卿如光禄勋，就官名本义论，等于是皇帝的门房，不脱宫廷私职的气味。唐代正名为“吏部”，掌理人事，名称恰当。又如汉代管军事的为卫尉，卫仍对宫廷言；唐代称为“兵部”，职名始正。太常卿就名义言，也偏在皇家私的祭祀；唐代改为“礼部”，便确定为政务官了。我们只论汉、唐两代官名之改革，便见中国政治史上政治意识之绝大进步。汉代九卿，就名义论，只是办理皇室内廷事的家务官；唐代始正式有六部尚书，显然成为管理国家政务的机构，不像汉代只似皇帝的侍从。此为中国政治史上一大进步。无论从体制讲，从观念讲，都大大进步了。尚书省乃唐代中央政府组织最庞大的机构，其建筑亦相当宏大。总办公厅名为“都堂”，两旁为左右两厢，吏、户、礼三部在左，兵、刑、工三部在右，由左右仆射分领。每部分四司，六部共二十四司。每部之第一司即为本司，如吏部之第一司为“吏部司”是。其余各司各有名称。尚书省各部主管，上午在都堂集体办公...<br>— 钱穆 · 《钱穆国学作品集》 · p26	钱穆 钱穆国学作品集 历代政治得失皇室 命题
关于「历代政治得失·专制」：乃系一种政党政治；政务官大体在同党中选用…？	乃系一种政党政治；政务官大体在同党中选用，事务官则不分党别，另经考试。此项官吏，可以不因政务官之更换而失去其服务之保障。在中国则一切用人，全凭考试和铨叙，都有一定的客观标准。即位高至宰相，也有一定的资历和限制，皇帝并不能随便用人做宰相。如是则变成“重法不重人”，皇帝也只能依照当时不成文法来选用。苟其勿自越出于此种习惯法之外，也就不必定要一一再咨询众意。这也不能说它完全无是处。如必谓中国科举制度是一种愚民政策，由一二皇帝的私意所造成，这更不合理。当知任何一种制度之建立，傥是仅由一二人之私意便能实现了，这便无制度可讲。若谓此乃皇帝欺骗民众，而且凭此欺骗，便能专制几百年；古今中外，绝无此理。若民众如此易欺易骗，我们也无理由再来提倡民主政治。凭事实讲，科举制度显然在“开放政权”，这始是科举制度之内在意义与精神生命。汉代的选举，是由封建贵族中开放政权的一条路。唐代的公开竞选，是由门第特殊阶级中开放政权的一条路。唐代开放的范围，较诸汉代更广大，更自由。所以就此点论，我们可以说唐代的政治又进步了。当时一般非门第中人，贫穷子弟，为要应考，往往借佛寺道院读书。如王播即是借读于和尚寺而以后做到宰相之一人。...<br>— 钱穆 · 《钱穆国学作品集》 · p29	钱穆 钱穆国学作品集 历代政治得失专制 命题
关于「历代政治得失·愚民」：》，首论“食货”，即是财政与经济…？	》，首论“食货”，即是财政与经济；次为“选举”，其实在汉为选举，在唐即为考试。可见在中国政治传统上，考试和选举是有同样的用意和同样的功能的。西方现行民主政治，乃系一种政党政治；政务官大体在同党中选用，事务官则不分党别，另经考试。此项官吏，可以不因政务官之更换而失去其服务之保障。在中国则一切用人，全凭考试和铨叙，都有一定的客观标准。即位高至宰相，也有一定的资历和限制，皇帝并不能随便用人做宰相。如是则变成“重法不重人”，皇帝也只能依照当时不成文法来选用。苟其勿自越出于此种习惯法之外，也就不必定要一一再咨询众意。这也不能说它完全无是处。如必谓中国科举制度是一种愚民政策，由一二皇帝的私意所造成，这更不合理。当知任何一种制度之建立，傥是仅由一二人之私意便能实现了，这便无制度可讲。若谓此乃皇帝欺骗民众，而且凭此欺骗，便能专制几百年；古今中外，绝无此理。若民众如此易欺易骗，我们也无理由再来提倡民主政治。凭事实讲，科举制度显然在“开放政权”，这始是科举制度之内在意义与精神生命。汉代的选举，是由封建贵族中开放政权的一条路。唐代的公开竞选，是由门第特殊阶级中开放政权的一条路。唐代开放的范围，较诸汉代更广大...<br>— 钱穆 · 《钱穆国学作品集》 · p29	钱穆 钱穆国学作品集 历代政治得失愚民 命题
关于「历代政治得失·专制」：趋此道。然结果又很易变成资本主义…？	趋此道。然结果又很易变成资本主义。在西方是先有了中产社会，先有了新兴工商资本，然后再来打开仕途，预闻政治。而中国则不然。可说自两汉以来，早已把政权开放给全国各地，不断奖励知识分子加入仕途；而同时又压抑工商资本。只鼓舞人为大学者，当大官，却不奖励人为大商人，发大财。“节制资本，平均地权”，大体上是中国历史上的传统政策。政治措施，存心在引导民间聪明才智，不许其私家财力打算无限制的发展。于是知识分子竞求上政治舞台去做吏，仕途充斥，造成了政治上之臃肿病。读书人成为政治脂肪。若再奖励他们来革命，来争夺政权，那岂得了？可见任何制度有利亦有弊，并不是我们的传统政治只是专制黑暗，无理性，无法度；却是一切合理性有法度的制度全都该不断改进，不断生长。三 唐代经济制度（一）唐代的租庸调制现在再讲唐代的经济制度。主要的仍先讲田赋。唐代的田赋制度称为“租庸调”。“租”是配给人民以耕种的田地，年老仍缴还政府；在其授田时期，令其负担相当的租额。这是一种“均田”制度，承北魏而来。均田制所与古代的井田制不同者，井田乃分属于封建贵族，而均田则全属中央政府，即国家。均田是郡县制度下的井田，而井田则是封建制度下的均田。说到租...<br>— 钱穆 · 《钱穆国学作品集》 · p30	钱穆 钱穆国学作品集 历代政治得失专制 命题
关于「历代政治得失·黑暗」：道。然结果又很易变成资本主义。在西方是先有了中产社会…？	道。然结果又很易变成资本主义。在西方是先有了中产社会，先有了新兴工商资本，然后再来打开仕途，预闻政治。而中国则不然。可说自两汉以来，早已把政权开放给全国各地，不断奖励知识分子加入仕途；而同时又压抑工商资本。只鼓舞人为大学者，当大官，却不奖励人为大商人，发大财。“节制资本，平均地权”，大体上是中国历史上的传统政策。政治措施，存心在引导民间聪明才智，不许其私家财力打算无限制的发展。于是知识分子竞求上政治舞台去做吏，仕途充斥，造成了政治上之臃肿病。读书人成为政治脂肪。若再奖励他们来革命，来争夺政权，那岂得了？可见任何制度有利亦有弊，并不是我们的传统政治只是专制黑暗，无理性，无法度；却是一切合理性有法度的制度全都该不断改进，不断生长。三 唐代经济制度（一）唐代的租庸调制现在再讲唐代的经济制度。主要的仍先讲田赋。唐代的田赋制度称为“租庸调”。“租”是配给人民以耕种的田地，年老仍缴还政府；在其授田时期，令其负担相当的租额。这是一种“均田”制度，承北魏而来。均田制所与古代的井田制不同者，井田乃分属于封建贵族，而均田则全属中央政府，即国家。均田是郡县制度下的井田，而井田则是封建制度下的均田。说到租额，...<br>— 钱穆 · 《钱穆国学作品集》 · p30	钱穆 钱穆国学作品集 历代政治得失黑暗 命题
关于「历代政治得失·传统政治」：使聪明才智转趋此道。然结果又很易变成资本主义…？	使聪明才智转趋此道。然结果又很易变成资本主义。在西方是先有了中产社会，先有了新兴工商资本，然后再来打开仕途，预闻政治。而中国则不然。可说自两汉以来，早已把政权开放给全国各地，不断奖励知识分子加入仕途；而同时又压抑工商资本。只鼓舞人为大学者，当大官，却不奖励人为大商人，发大财。“节制资本，平均地权”，大体上是中国历史上的传统政策。政治措施，存心在引导民间聪明才智，不许其私家财力打算无限制的发展。于是知识分子竞求上政治舞台去做吏，仕途充斥，造成了政治上之臃肿病。读书人成为政治脂肪。若再奖励他们来革命，来争夺政权，那岂得了？可见任何制度有利亦有弊，并不是我们的传统政治只是专制黑暗，无理性，无法度；却是一切合理性有法度的制度全都该不断改进，不断生长。三 唐代经济制度（一）唐代的租庸调制现在再讲唐代的经济制度。主要的仍先讲田赋。唐代的田赋制度称为“租庸调”。“租”是配给人民以耕种的田地，年老仍缴还政府；在其授田时期，令其负担相当的租额。这是一种“均田”制度，承北魏而来。均田制所与古代的井田制不同者，井田乃分属于封建贵族，而均田则全属中央政府，即国家。均田是郡县制度下的井田，而井田则是封建制度下的...<br>— 钱穆 · 《钱穆国学作品集》 · p30	钱穆 钱穆国学作品集 历代政治得失传统 命题
关于「历代政治得失·黑暗」：。又把审官院分东西两院，东院主文选…？	。又把审官院分东西两院，东院主文选，西院主武选。又别置“三班院”，来铨衡一辈内廷供奉及殿直官。如此则用人之权，全不在宰相。这是宋初皇室在一种自卑感的私心下，蓄意要减夺中书宰相职权而添设的。如是则不仅宰相和唐制不同，就是尚书成为行政总机关的制度，也都破坏了。（三）君权之侵揽以上指述宋代军事、财政、用人三权都有掣肘，都分割了，这显见是相权之低落。相权低落之反面，即是君权提升。即以朝仪言，唐代群臣朝见，宰相得有坐位，并赐茶。古所谓“三公坐而论道”，唐制还是如此。迨到宋代，宰相上朝，也一同站着不坐。这一类的转变，说来甚可慨惜。但历史演变，其间也不能尽归罪于一切是黑暗势力之作祟，或某某一二人之私心故意造作出。宋太祖在后周时，原是一个“殿前都检点”，恰似一个皇帝的侍卫长。他因缘机会，一夜之间就做了皇帝。而且像他这样黄袍加身做皇帝的，宋太祖也并不是第一个，到他已经是第四个了。几十年中间，军队要谁做皇帝，谁就得做。赵匡胤昨天还是一殿前都检点，今天是皇帝了；那是五代乱世最黑暗的表记。若把当时皇帝来比宰相，宰相却有做上一二十年的。相形之下，皇帝反而不像样。试看五代时，有那几个皇帝获得像冯道般的客观地位与受...<br>— 钱穆 · 《钱穆国学作品集》 · p36	钱穆 钱穆国学作品集 历代政治得失黑暗 命题
关于「历代政治得失·皇室」：相。这属制度问题，非人事问题，与当时三司长官之称职不称职不相干…？	相。这属制度问题，非人事问题，与当时三司长官之称职不称职不相干。荆公是要重新厘定三司权限，要把当时所谓中书治民、枢密主兵、三司理财的军、民、财政之职权三分重新绾合。温公则主一仍旧贯，只着眼在人事上，并非着眼在制度上。若就制度论，则军、民、财职权三分，到底是不合理想的。再次说到用人。向来政府用人，本该隶属宰相职权之下。什么人该用，什么官该升，这是宰相下面尚书吏部的事。宋代却又另设一个“考课院”。考课就等于铨叙，后来改名“审官院”。又把审官院分东西两院，东院主文选，西院主武选。又别置“三班院”，来铨衡一辈内廷供奉及殿直官。如此则用人之权，全不在宰相。这是宋初皇室在一种自卑感的私心下，蓄意要减夺中书宰相职权而添设的。如是则不仅宰相和唐制不同，就是尚书成为行政总机关的制度，也都破坏了。（三）君权之侵揽以上指述宋代军事、财政、用人三权都有掣肘，都分割了，这显见是相权之低落。相权低落之反面，即是君权提升。即以朝仪言，唐代群臣朝见，宰相得有坐位，并赐茶。古所谓“三公坐而论道”，唐制还是如此。迨到宋代，宰相上朝，也一同站着不坐。这一类的转变，说来甚可慨惜。但历史演变，其间也不能尽归罪于一切是黑暗势力之...<br>— 钱穆 · 《钱穆国学作品集》 · p36	钱穆 钱穆国学作品集 历代政治得失皇室 命题
关于「历代政治得失·专制」：随之而变。惟无论如何，考试制度，是中国政治制度中一项比较重要的制度…？	随之而变。惟无论如何，考试制度，是中国政治制度中一项比较重要的制度；又且由唐迄清绵历了一千年以上的长时期。中间递有改革，递有演变，积聚了不知多少人的聪明智力，在历史进程中逐步发展。这决不是偶然的。直到晚清，西方人还知采用此制度来弥缝他们政党选举制之偏陷。而我们却对以往考试制度在历史上有过千年以上根柢的，一口气吐弃了，不再重视，抑且不再留丝毫顾惜之余地。那真是一件可诧怪的事。幸而孙中山先生重新还把此制度提出，列为五权之一。真如宝器抛掷泥土，重新检起。但我们对此制度在历史上千年来之长期演变，依然多不加意研究。好像中国历史上的考试制度，依然还只是我们独有的黑暗专制政治下面的一种愚民政策。今天再来推行考试制，是另外一会事。总像不愿与历史传统下的考试制度发生关系般。这实在是我们的一种成见，非真理。惜乎我这一番讲演，对此制度也不能再单独地详说了。三 宋代赋税制度宋代赋税制度，大体也是由唐代两税制沿下，我们不再详讲。只讲一点较重要的。本来两税制度，把一切赋税项目都归并了，成为单一的两税。租庸调是三个项目分列的，对田地有租，对丁役有庸，对户籍有调。让我们眼前浅显举例。譬如台湾省政府征收农田米谷，这是“...<br>— 钱穆 · 《钱穆国学作品集》 · p40	钱穆 钱穆国学作品集 历代政治得失专制 命题
关于「历代政治得失·黑暗专制」：亦将随之而变。惟无论如何，考试制度…？	亦将随之而变。惟无论如何，考试制度，是中国政治制度中一项比较重要的制度；又且由唐迄清绵历了一千年以上的长时期。中间递有改革，递有演变，积聚了不知多少人的聪明智力，在历史进程中逐步发展。这决不是偶然的。直到晚清，西方人还知采用此制度来弥缝他们政党选举制之偏陷。而我们却对以往考试制度在历史上有过千年以上根柢的，一口气吐弃了，不再重视，抑且不再留丝毫顾惜之余地。那真是一件可诧怪的事。幸而孙中山先生重新还把此制度提出，列为五权之一。真如宝器抛掷泥土，重新检起。但我们对此制度在历史上千年来之长期演变，依然多不加意研究。好像中国历史上的考试制度，依然还只是我们独有的黑暗专制政治下面的一种愚民政策。今天再来推行考试制，是另外一会事。总像不愿与历史传统下的考试制度发生关系般。这实在是我们的一种成见，非真理。惜乎我这一番讲演，对此制度也不能再单独地详说了。三 宋代赋税制度宋代赋税制度，大体也是由唐代两税制沿下，我们不再详讲。只讲一点较重要的。本来两税制度，把一切赋税项目都归并了，成为单一的两税。租庸调是三个项目分列的，对田地有租，对丁役有庸，对户籍有调。让我们眼前浅显举例。譬如台湾省政府征收农田米谷，这...<br>— 钱穆 · 《钱穆国学作品集》 · p40	钱穆 钱穆国学作品集 历代政治得失黑暗 命题
关于「历代政治得失·愚民」：何，考试制度，是中国政治制度中一项比较重要的制度…？	何，考试制度，是中国政治制度中一项比较重要的制度；又且由唐迄清绵历了一千年以上的长时期。中间递有改革，递有演变，积聚了不知多少人的聪明智力，在历史进程中逐步发展。这决不是偶然的。直到晚清，西方人还知采用此制度来弥缝他们政党选举制之偏陷。而我们却对以往考试制度在历史上有过千年以上根柢的，一口气吐弃了，不再重视，抑且不再留丝毫顾惜之余地。那真是一件可诧怪的事。幸而孙中山先生重新还把此制度提出，列为五权之一。真如宝器抛掷泥土，重新检起。但我们对此制度在历史上千年来之长期演变，依然多不加意研究。好像中国历史上的考试制度，依然还只是我们独有的黑暗专制政治下面的一种愚民政策。今天再来推行考试制，是另外一会事。总像不愿与历史传统下的考试制度发生关系般。这实在是我们的一种成见，非真理。惜乎我这一番讲演，对此制度也不能再单独地详说了。三 宋代赋税制度宋代赋税制度，大体也是由唐代两税制沿下，我们不再详讲。只讲一点较重要的。本来两税制度，把一切赋税项目都归并了，成为单一的两税。租庸调是三个项目分列的，对田地有租，对丁役有庸，对户籍有调。让我们眼前浅显举例。譬如台湾省政府征收农田米谷，这是“租”；要台湾民众义...<br>— 钱穆 · 《钱穆国学作品集》 · p40	钱穆 钱穆国学作品集 历代政治得失愚民 命题
关于「历代政治得失·黑暗」：的。因此过了百十年，能从唐末五代如此混乱黑暗的局面下…？	的。因此过了百十年，能从唐末五代如此混乱黑暗的局面下，文化又慢慢的复兴。后代所谓宋学，又称“理学”，就是在宋兴后百年内奠定基础的。这一辈文人，都提倡“尊王攘夷”，明夷、夏之分，又提倡历史传统；所以中国还能维持，开辟出自宋以下的下半部中国史，一直到现在。正因宋代人那样尚文轻武，所以“好铁不打钉，好男不当兵”的话头，也就从那时传下来。我们今天从历史上平心评论，只能说宋代人为了补救唐代人的毛病，而并没有完全把毛病纠正过来；我们却不能轻怪宋人。须知有许多毛病，还该怪唐代人。唐代穷兵黩武，到唐玄宗时，正像近代所谓的“帝国主义”，这是要不得的。我们只能说罗马人因为推行帝国主义而亡国，并且从此不再有罗马。而中国<br>— 钱穆 · 《钱穆国学作品集》 · p43	钱穆 钱穆国学作品集 历代政治得失黑暗 命题
关于「历代政治得失·邓小平」：作者与编辑的对话（代序）问：我们知道您71岁开始学篆刻…？	作者与编辑的对话（代序）问：我们知道您71岁开始学篆刻，刻了几百方印了。其中您还为邓小平同志刻了两方印。是哪两方印？您为什么要刻这两方印？答：2003年春，我离开工作岗位退休以后，有时间来学习自幼就爱好的文化艺术知识，从事这方面的实践活动。在学习篆刻时，有一种强烈的冲动，促使我为邓小平同志篆刻了两方印：一方是“改革开放总设计师邓小平印”，另一方是“科教后勤部部长邓小平之印”。邓小平同志担任过的党和国家的多项重要领导职务，都是中央“授印”任命的，唯有这两个重要“职务”，并非中央“授印”正式任命。前者是由于他在我国历史上特别是在改革开放伟大事业中所做的巨大贡献，全党和全国人民对他表达崇敬和爱戴的尊称；后者是他在“文革”后，拨乱反正，尊师重教，为科教事业排忧解难而自己任命改革开放总设计<br>— 钱穆 · 《钱穆国学作品集》 · p11	钱穆 钱穆国学作品集 历代政治得失邓小 命题
关于「历代政治得失·决策」：。”邓小平同志之所以被尊称为“改革开放总设计师”载入史册…？	。”邓小平同志之所以被尊称为“改革开放总设计师”载入史册，正是因为实践已经证明，他为中国人民设计了一条通向民族复兴的光明大道。问：您写这本书的初衷是什么？答：当你们为纪念邓小平同志和改革开放30周年要求采访我时，我的全部精神世界都还遨游在文化的海洋中，所以迟迟没有回应。然而，也正是你们几次催促，把我的思绪逐步拉回到过去熟悉的领域包括对外经济贸易工作，激起了我对往事的回忆。基于对邓小平同志出自内心的缅怀和崇敬，越发感到有责任把以他为核心的党的第二代中央领导集体所开创的对外开放伟大事业，哪怕是零星的、点滴的史实记录下来。因此就情不自禁地拿起笔不停地写了起来。问：我们知道您是20世纪90年代进入中央决策层的，为什么不写这一段的经历，反而舍近求远去写对外开放之初的那些事情呢？答：纵观中外历史，对外开放，国则兴；闭关自守，国则衰。纪念改革开放30周年，首先要把这段创业史尽可能地详细记录下来。讲到历史，既要有主要领导人决策的言行，也要有各级干部贯彻执行的2<br>— 钱穆 · 《钱穆国学作品集》 · p12	钱穆 钱穆国学作品集 历代政治得失决策 命题
关于「历代政治得失·邓小平」：H的“科教后勤部部长”，他的这种风范…？	H的“科教后勤部部长”，他的这种风范，为我们做出了光辉榜样。我I认为邓小平同志这两项非中央任命的“职务”也特别重要，于是怀着英内景仰和缅怀的心情，为纪念他的历史功绩而篆刻了这两方印章。问：改革开放是一个很长的历史阶段，至少要上百年的时间，邓国门小平同志领导改革开放不到20年的时间，怎样理解他是改革开放的总初设计师呢？[答：是的，改革开放是发展中国特色社会主义的必由之路，的确的岁是一个漫长的历史过程。然而中国有一句老话：“万事开头难。”我月想补充说：“伟大的事业开头更难。”邓小平同志之所以被尊称为“改革开放总设计师”载入史册，正是因为实践已经证明，他为中国人民设计了一条通向民族复兴的光明大道。问：您写这本书的初衷是什么？答：当你们为纪念邓小平同志和改革开放30周年要求<br>— 钱穆 · 《钱穆国学作品集》 · p12	钱穆 钱穆国学作品集 历代政治得失邓小 命题
关于「历代政治得失·对外开放」：展中国特色社会主义的必由之路，的确的岁是一个漫长的历史过程…？	展中国特色社会主义的必由之路，的确的岁是一个漫长的历史过程。然而中国有一句老话：“万事开头难。”我月想补充说：“伟大的事业开头更难。”邓小平同志之所以被尊称为“改革开放总设计师”载入史册，正是因为实践已经证明，他为中国人民设计了一条通向民族复兴的光明大道。问：您写这本书的初衷是什么？答：当你们为纪念邓小平同志和改革开放30周年要求采访我时，我的全部精神世界都还遨游在文化的海洋中，所以迟迟没有回应。然而，也正是你们几次催促，把我的思绪逐步拉回到过去熟悉的领域包括对外经济贸易工作，激起了我对往事的回忆。基于对邓小平同志出自内心的缅怀和崇敬，越发感到有责任把以他为核心的党的第二代中央领导集体所开创的对外开放伟大事业，哪怕是零星的、点滴的史实记录下来。因此就情不自禁地拿起笔不停地写了起来。问：我们知道您是20世纪90年代进入中央决策层的，为什么不写这一段的经历，反而舍近求远去写对外开放之初的那些事情呢？答：纵观中外历史，对外开放，国则兴；闭关自守，国则衰。纪念改革开放30周年，首先要把这段创业史尽可能地详细记录下来。讲到历史，既要有主要领导人决策的言行，也要有各级干部贯彻执行的2<br>— 钱穆 · 《钱穆国学作品集》 · p12	钱穆 钱穆国学作品集 历代政治得失对外 命题
关于「历代政治得失·十一届三中全会」：过程，还要有第一线同志们创业的故事…？	过程，还要有第一线同志们创业的故事，特别是广大人民群众的首创精神。因此不管哪个方面的当事人都可以写，都应当写，只要写的是史实，都是可贵的。我也是基于此，觉得有责任把国门初开岁月中知道的和亲历的事写下来。另一方面，历史也需要拉开一定的距离，至于以江泽民同志为核心的党的第三代中央领导集体继承、发展改革开放事业所做的工作，会有别人写的。问：对外开放30年了，您长期从事对外开放的领导工作，您怎样看待这段波澜壮阔的历史进程？答：这个题目很大。其实，十一届三中全会后，党的历次全国代表大会都对改革开放作了重要阐述，十七大进一步回顾总结了改革开放的历史进程和宝贵经验。我个人体会，30年的对外开放，是一个不断探索、不断学习、不断发展的过程，其中有几个年份尤其重要。一是1978年，开始探索对外开放，接着试办经济特区；二是1984年，邓小平同志对特区予以肯定，开放14个沿海城市，对外开放格局初步形成；三是1992年，邓小平同志发表南方谈话后，中央提出建立社会主义市场经济体制，加快浦东开发开放，实行沿边开放战略，对外开放全面推进；四是2001年，我国加入世贸组织，开放型经济体系不断完善，对外开放进入了新阶段。...<br>— 钱穆 · 《钱穆国学作品集》 · p13	钱穆 钱穆国学作品集 历代政治得失十一 命题
关于「历代政治得失·邓小平」：实，都是可贵的。我也是基于此，觉得有责任把国门初开岁月中知道的和亲历的事写下来…？	实，都是可贵的。我也是基于此，觉得有责任把国门初开岁月中知道的和亲历的事写下来。另一方面，历史也需要拉开一定的距离，至于以江泽民同志为核心的党的第三代中央领导集体继承、发展改革开放事业所做的工作，会有别人写的。问：对外开放30年了，您长期从事对外开放的领导工作，您怎样看待这段波澜壮阔的历史进程？答：这个题目很大。其实，十一届三中全会后，党的历次全国代表大会都对改革开放作了重要阐述，十七大进一步回顾总结了改革开放的历史进程和宝贵经验。我个人体会，30年的对外开放，是一个不断探索、不断学习、不断发展的过程，其中有几个年份尤其重要。一是1978年，开始探索对外开放，接着试办经济特区；二是1984年，邓小平同志对特区予以肯定，开放14个沿海城市，对外开放格局初步形成；三是1992年，邓小平同志发表南方谈话后，中央提出建立社会主义市场经济体制，加快浦东开发开放，实行沿边开放战略，对外开放全面推进；四是2001年，我国加入世贸组织，开放型经济体系不断完善，对外开放进入了新阶段。总之，经过30年的探索和实践，我们既坚持社会主义，正确处理了对外开放和独立自主、自力更生的关系，又逐步深化了对利用国际国内...<br>— 钱穆 · 《钱穆国学作品集》 · p13	钱穆 钱穆国学作品集 历代政治得失邓小 命题
关于「历代政治得失·小平同志」：，都是可贵的。我也是基于此，觉得有责任把国门初开岁月中知道的和亲历的事写下来…？	，都是可贵的。我也是基于此，觉得有责任把国门初开岁月中知道的和亲历的事写下来。另一方面，历史也需要拉开一定的距离，至于以江泽民同志为核心的党的第三代中央领导集体继承、发展改革开放事业所做的工作，会有别人写的。问：对外开放30年了，您长期从事对外开放的领导工作，您怎样看待这段波澜壮阔的历史进程？答：这个题目很大。其实，十一届三中全会后，党的历次全国代表大会都对改革开放作了重要阐述，十七大进一步回顾总结了改革开放的历史进程和宝贵经验。我个人体会，30年的对外开放，是一个不断探索、不断学习、不断发展的过程，其中有几个年份尤其重要。一是1978年，开始探索对外开放，接着试办经济特区；二是1984年，邓小平同志对特区予以肯定，开放14个沿海城市，对外开放格局初步形成；三是1992年，邓小平同志发表南方谈话后，中央提出建立社会主义市场经济体制，加快浦东开发开放，实行沿边开放战略，对外开放全面推进；四是2001年，我国加入世贸组织，开放型经济体系不断完善，对外开放进入了新阶段。总之，经过30年的探索和实践，我们既坚持社会主义，正确处理了对外开放和独立自主、自力更生的关系，又逐步深化了对利用国际国内两...<br>— 钱穆 · 《钱穆国学作品集》 · p13	钱穆 钱穆国学作品集 历代政治得失小平 命题
关于「历代政治得失·试办」：可以写，都应当写，只要写的是史实…？	可以写，都应当写，只要写的是史实，都是可贵的。我也是基于此，觉得有责任把国门初开岁月中知道的和亲历的事写下来。另一方面，历史也需要拉开一定的距离，至于以江泽民同志为核心的党的第三代中央领导集体继承、发展改革开放事业所做的工作，会有别人写的。问：对外开放30年了，您长期从事对外开放的领导工作，您怎样看待这段波澜壮阔的历史进程？答：这个题目很大。其实，十一届三中全会后，党的历次全国代表大会都对改革开放作了重要阐述，十七大进一步回顾总结了改革开放的历史进程和宝贵经验。我个人体会，30年的对外开放，是一个不断探索、不断学习、不断发展的过程，其中有几个年份尤其重要。一是1978年，开始探索对外开放，接着试办经济特区；二是1984年，邓小平同志对特区予以肯定，开放14个沿海城市，对外开放格局初步形成；三是1992年，邓小平同志发表南方谈话后，中央提出建立社会主义市场经济体制，加快浦东开发开放，实行沿边开放战略，对外开放全面推进；四是2001年，我国加入世贸组织，开放型经济体系不断完善，对外开放进入了新阶段。总之，经过30年的探索和实践，我们既坚持社会主义，正确处理了对外开放和独立自主、自力更生的关...<br>— 钱穆 · 《钱穆国学作品集》 · p13	钱穆 钱穆国学作品集 历代政治得失试办 命题
关于「历代政治得失·决策」：■地方？国门答：从1978年开始…？	■地方？国门答：从1978年开始，我就参与了对外开放工作，因此我是以一个参与者的身份来写的，主要是把我亲历的和知道的一些事写下来。为了增强可读性，我尽量用写故事的方法，试图用一个一个故事串连起来，还原成那个年代邓小平同志带领大家冲破阻力、突围开放的部分历史。当然，由于我是一个参与者、执行者，因此中央决策层的事，有的知道一初些，有的不知道，我只能写我知道的一些事，肯定是不全面的。同时，《本来改革开放是邓小平同志完整的战略部署，我只写了对外开放，提到的岁的改革也只是与书中写到的开放有关的改革。由于改革牵涉的面很广，月当时有些改革如农村改革等，我只是从文件和报刊上略知一点，所以我写不了。即便是对外开放，也是全方位的，涉及到经济、政治、文化等各个领域，这本书很难全面涉及。问：这本书以《突围》为名，好记，能引发人们很多共鸣。您为什么用这个书名呢？答：开始时并不是这个书名。我在回顾和写作的过程中，有一种感受是日益加深的。这就是对外开放初期，僵化的思想观念，传统的体制机制，以及国力家底都很薄弱等，束缚着人<br>— 钱穆 · 《钱穆国学作品集》 · p14	钱穆 钱穆国学作品集 历代政治得失决策 命题
关于「历代政治得失·邓小平」：我对文稿进行了较多补充，最后完成了这部书稿…？	我对文稿进行了较多补充，最后完成了这部书稿。东汉李固曾说：悠悠万事，唯此为大，国之兴衰，在此一举！在我的心目中，对外开放是一件强国富民的大事。所以，写这本书稿是一件非常严肃的事，写作的水平是第二位的，第一位是史料的可靠性，以免误导读者。问：您说这本书主要是写给当代青年的，您想对在改革开放中出生和成长起来的青年们说些什么？答：对外开放是一项长期的基本国策，今后要走的路还很长，有些问题尚未完全解决,不可避免地还会出现这样那样新的问题，需要一代又一代人的不懈努力。20世纪60年代以后出生的当代青年，他们有的当时年龄还小，有的没有亲历过那个年代。我想把我们这一代人经历过的一些事情告诉他们，帮助他们了解邓小平同志提出对外开放战略部署的背景，提出的过程，遇到的问题，解决的方法，使他坚持对外开放是一项们珍惜来之不易的成果，以便他们更好地继承、发展长下%普是备弋命邓小平同志为我们开创的伟大事业。作者与编辑的对话Z-S代序5<br>— 钱穆 · 《钱穆国学作品集》 · p15	钱穆 钱穆国学作品集 历代政治得失邓小 命题
关于「历代政治得失·小平同志」：对文稿进行了较多补充，最后完成了这部书稿…？	对文稿进行了较多补充，最后完成了这部书稿。东汉李固曾说：悠悠万事，唯此为大，国之兴衰，在此一举！在我的心目中，对外开放是一件强国富民的大事。所以，写这本书稿是一件非常严肃的事，写作的水平是第二位的，第一位是史料的可靠性，以免误导读者。问：您说这本书主要是写给当代青年的，您想对在改革开放中出生和成长起来的青年们说些什么？答：对外开放是一项长期的基本国策，今后要走的路还很长，有些问题尚未完全解决,不可避免地还会出现这样那样新的问题，需要一代又一代人的不懈努力。20世纪60年代以后出生的当代青年，他们有的当时年龄还小，有的没有亲历过那个年代。我想把我们这一代人经历过的一些事情告诉他们，帮助他们了解邓小平同志提出对外开放战略部署的背景，提出的过程，遇到的问题，解决的方法，使他坚持对外开放是一项们珍惜来之不易的成果，以便他们更好地继承、发展长下%普是备弋命邓小平同志为我们开创的伟大事业。作者与编辑的对话Z-S代序5<br>— 钱穆 · 《钱穆国学作品集》 · p15	钱穆 钱穆国学作品集 历代政治得失小平 命题
关于「历代政治得失·改革开放」：具体的事情？答：我先谈一谈写作过程…？	具体的事情？答：我先谈一谈写作过程。首先我根据回忆，一口气写了十几万字。第二步按我的回忆和有关线索查核文献档案，对草稿进行修改补充，形成第二轮草稿。第三步是当文稿进入编辑阶段，对文稿全面校核，收集整理相关的图片资料，寻访当事人对有关的事实进行核对。在此过程中又发现许多有价值的档案史料，引起新的回忆，我对文稿进行了较多补充，最后完成了这部书稿。东汉李固曾说：悠悠万事，唯此为大，国之兴衰，在此一举！在我的心目中，对外开放是一件强国富民的大事。所以，写这本书稿是一件非常严肃的事，写作的水平是第二位的，第一位是史料的可靠性，以免误导读者。问：您说这本书主要是写给当代青年的，您想对在改革开放中出生和成长起来的青年们说些什么？答：对外开放是一项长期的基本国策，今后要走的路还很长，有些问题尚未完全解决,不可避免地还会出现这样那样新的问题，需要一代又一代人的不懈努力。20世纪60年代以后出生的当代青年，他们有的当时年龄还小，有的没有亲历过那个年代。我想把我们这一代人经历过的一些事情告诉他们，帮助他们了解邓小平同志提出对外开放战略部署的背景，提出的过程，遇到的问题，解决的方法，使他坚持对外开放是一项们珍...<br>— 钱穆 · 《钱穆国学作品集》 · p15	钱穆 钱穆国学作品集 历代政治得失改革 命题
关于「历代政治得失·基本国策」：回忆，一口气写了十几万字。第二步按我的回忆和有关线索查核文献档案…？	回忆，一口气写了十几万字。第二步按我的回忆和有关线索查核文献档案，对草稿进行修改补充，形成第二轮草稿。第三步是当文稿进入编辑阶段，对文稿全面校核，收集整理相关的图片资料，寻访当事人对有关的事实进行核对。在此过程中又发现许多有价值的档案史料，引起新的回忆，我对文稿进行了较多补充，最后完成了这部书稿。东汉李固曾说：悠悠万事，唯此为大，国之兴衰，在此一举！在我的心目中，对外开放是一件强国富民的大事。所以，写这本书稿是一件非常严肃的事，写作的水平是第二位的，第一位是史料的可靠性，以免误导读者。问：您说这本书主要是写给当代青年的，您想对在改革开放中出生和成长起来的青年们说些什么？答：对外开放是一项长期的基本国策，今后要走的路还很长，有些问题尚未完全解决,不可避免地还会出现这样那样新的问题，需要一代又一代人的不懈努力。20世纪60年代以后出生的当代青年，他们有的当时年龄还小，有的没有亲历过那个年代。我想把我们这一代人经历过的一些事情告诉他们，帮助他们了解邓小平同志提出对外开放战略部署的背景，提出的过程，遇到的问题，解决的方法，使他坚持对外开放是一项们珍惜来之不易的成果，以便他们更好地继承、发展长下...<br>— 钱穆 · 《钱穆国学作品集》 · p15	钱穆 钱穆国学作品集 历代政治得失基本 命题
关于「历代政治得失·邓小平」：引语国门初2邓小平，早年在我心目中就是我们党的卓越领导人…？	引语国门初2邓小平，早年在我心目中就是我们党的卓越领导人，是开国元勋的岁之一月1958年，我国第一汽车制造厂生产出了第一辆国产东风牌小轿车。我有幸随厂长饶斌同志，将这辆轿车送到中南海，请中央领导同志参观。当时中南海的怀仁堂正在召开党的八大二次会议。饶斌同志是八大代表，他在里面开会，我和轿车总设计师史汝辑等几位同志，在怀仁堂后面的草坪上等候中央领导和会议代表在会议休息时前来参观。整个会议期间我们基本上都在那里，几乎见到所有中央领导同志，中办机要室主任叶子龙同志还安排我们旁听了毛泽东主席讲话。1958年，邓小平（前排右一）、彭真（前排右二）等中央领导在中南海参观第一汽车制造厂制造的东风牌轿车，作者（前排左二）介绍有<br>— 钱穆 · 《钱穆国学作品集》 · p16	钱穆 钱穆国学作品集 历代政治得失邓小 命题
关于「历代政治得失·小平同志」：958年，我国第一汽车制造厂生产出了第一辆国产东风牌小轿车…？	958年，我国第一汽车制造厂生产出了第一辆国产东风牌小轿车。我有幸随厂长饶斌同志，将这辆轿车送到中南海，请中央领导同志参观。当时中南海的怀仁堂正在召开党的八大二次会议。饶斌同志是八大代表，他在里面开会，我和轿车总设计师史汝辑等几位同志，在怀仁堂后面的草坪上等候中央领导和会议代表在会议休息时前来参观。整个会议期间我们基本上都在那里，几乎见到所有中央领导同志，中办机要室主任叶子龙同志还安排我们旁听了毛泽东主席讲话。1958年，邓小平（前排右一）、彭真（前排右二）等中央领导在中南海参观第一汽车制造厂制造的东风牌轿车，作者（前排左二）介绍有关情况。有一天下午，来了一高一矮两位首长，一看便知道是彭真和邓小平同志。他们饶有兴趣地仔细观看了轿车，很高兴，除说了一些鼓励的话外，还问了一些问题，其中邓小平同志提的问题还很专业，我们—做了回答，对中央领导同志的专业知识感6<br>— 钱穆 · 《钱穆国学作品集》 · p16	钱穆 钱穆国学作品集 历代政治得失小平 命题
关于「历代政治得失·邓小平」：到敬佩。后来才知道，原来邓小平同志早年赴法勤工俭学时…？	到敬佩。后来才知道，原来邓小平同志早年赴法勤工俭学时，就曾在雷诺汽车厂工作过，他不但是无产阶级革命家、军事家，还是我们汽车工业的老前辈呢！这是我对他亲身感受的第一印象。邓小平同志在我心目中形象的再次升华，是1973年他在“文革”中的复出。当时我在第二汽车厂参加建厂工作，亲身感受到邓小平同志领导全面整顿、力挽狂澜的巨大力量，使二汽夺回在“文革”中失去的时间，能于1975年建成投产。后来尽管“四人帮”再次批邓，已再也无法抹去邓小平同志在我心中的伟人形象。1978年，第一机械工业部让我带领工作组调查全国汽车工业情况，提出整顿规划。我几乎跑遍了全国，看到我国汽车工业的落后情况，触目惊心。说来也巧，不久国家决定要成套引进国外先进技术<br>— 钱穆 · 《钱穆国学作品集》 · p17	钱穆 钱穆国学作品集 历代政治得失邓小 命题
关于「历代政治得失·改革开放」：失去的时间，能于1975年建成投产…？	失去的时间，能于1975年建成投产。后来尽管“四人帮”再次批邓，已再也无法抹去邓小平同志在我心中的伟人形象。1978年，第一机械工业部让我带领工作组调查全国汽车工业情况，提出整顿规划。我几乎跑遍了全国，看到我国汽车工业的落后情况，触目惊心。说来也巧，不久国家决定要成套引进国外先进技术，建设一个大型的重型汽车制造厂，建工作。此后我的主要工作转向筹建的第一步，与世界主要汽车公司进行引进技术的谈判。1978年底，经邓小平同志批准，重汽的引进谈判改成中外合资经营的谈判。从此，我进入了对外开放的工作领域。1992年，我到中央工作后，有机会直接见到邓小平同志。最令我难忘的是，有一次邓小平同志对我说：“必须改革开放。不改革开放，死路一条！”这个话，他过去也多次说过。这次又部里委派我和其他两位同志负责筹邓小平与作者在一起当面对我讲，我把它看作是对我们这一代人的政治嘱咐，也是我毕生的座右铭和思想行动的指南。7<br>— 钱穆 · 《钱穆国学作品集》 · p17	钱穆 钱穆国学作品集 历代政治得失改革 命题
关于「历代政治得失·对外开放」：”中的复出。当时我在第二汽车厂参加建厂工作…？	”中的复出。当时我在第二汽车厂参加建厂工作，亲身感受到邓小平同志领导全面整顿、力挽狂澜的巨大力量，使二汽夺回在“文革”中失去的时间，能于1975年建成投产。后来尽管“四人帮”再次批邓，已再也无法抹去邓小平同志在我心中的伟人形象。1978年，第一机械工业部让我带领工作组调查全国汽车工业情况，提出整顿规划。我几乎跑遍了全国，看到我国汽车工业的落后情况，触目惊心。说来也巧，不久国家决定要成套引进国外先进技术，建设一个大型的重型汽车制造厂，建工作。此后我的主要工作转向筹建的第一步，与世界主要汽车公司进行引进技术的谈判。1978年底，经邓小平同志批准，重汽的引进谈判改成中外合资经营的谈判。从此，我进入了对外开放的工作领域。1992年，我到中央工作后，有机会直接见到邓小平同志。最令我难忘的是，有一次邓小平同志对我说：“必须改革开放。不改革开放，死路一条！”这个话，他过去也多次说过。这次又部里委派我和其他两位同志负责筹邓小平与作者在一起当面对我讲，我把它看作是对我们这一代人的政治嘱咐，也是我毕生的座右铭和思想行动的指南。7<br>— 钱穆 · 《钱穆国学作品集》 · p17	钱穆 钱穆国学作品集 历代政治得失对外 命题
关于「历代政治得失·邓小平」：国门初开的岁月在邓小平同志设计的改革开放道路上…？	国门初开的岁月在邓小平同志设计的改革开放道路上，我一直到退休。不觉间，几十年过去了。目睹改革开放30年我国取得的举世瞩目的成就，回顾邓小平同志在对外开放初期带领全党全国人民冲破阻力、打开国门的那段历程，感慨万千，浮想联翩，当时发生的一些事情尚历历在目。2001年，作者在深圳莲花山邓小平塑像前与少先队员在一起。8<br>— 钱穆 · 《钱穆国学作品集》 · p18	钱穆 钱穆国学作品集 历代政治得失邓小 命题
关于「历代政治得失·决策」：破冰启航，确立对外开放基本国策20世纪对于中华民族来说…？	破冰启航，确立对外开放基本国策20世纪对于中华民族来说，是一个经历了风云激荡、内忧外患，通过艰苦奋斗，走向民族振兴的时代。1978年召开的党的十一届三中全会，是在中国重要历史关头召开的一次具有伟大转折意义的会议。这次会议是改革开放和社会主义现代化建设新时期开始的标志。此后，邓小平同志作出一系列改革开放的重要论述和重大决策。他把握时代发展的脉搏和契机，提出“现在的世界是开放的世界”、“中国的发展离不开世界”的科学论断。他从中国国情出发，借鉴国际经验，提出了沿海先行开放的战略构思，设计了全方位、多层次、宽领域的对外开放战略布局，并把对外开放作为长期的基本国策，为我国的全面改革开放，加快现代化建设，实现跨越发展，迈向强国富民之路，奠定了思想理论基础，构筑了持续发展的基石。1978年12月18日—22日，党的d■一届三中全会在北京召开。全会重新确立了党的马克思主义的思想路线，决定把党和国家的工作重点转移到经济建设上来，作出了实行改革开放的重大决策。破冰启航，确立对外开放基本国策9<br>— 钱穆 · 《钱穆国学作品集》 · p19	钱穆 钱穆国学作品集 历代政治得失决策 命题
关于「历代政治得失·邓小平」：拉开一定的距离，至于以江泽民同志为核心的党的第三代中央领导集体继承、发展改革开放…？	拉开一定的距离，至于以江泽民同志为核心的党的第三代中央领导集体继承、发展改革开放事业所做的工作，会有别人写的。问：对外开放30年了，您长期从事对外开放的领导工作，您怎样看待这段波澜壮阔的历史进程？答：这个题目很大。其实，十一届三中全会后，党的历次全国代表大会都对改革开放作了重要阐述，十七大进一步回顾总结了改革开放的历史进程和宝贵经验。我个人体会，30年的对外开放，是一个不断探索、不断学习、不断发展的过程，其中有几个年份尤其重要。一是1978年，开始探索对外开放，接着试办经济特区；二是1984年，邓小平同志对特区予以肯定，开放14个沿海城市，对外开放格局初步形成；三是1992年，邓小平同志发表南方谈话后，中央提出建立社会主义市场经济体制，加快浦东开发开放，实行沿边开放战略，对外开放全面推进；四是2001年，我国加入世贸组织，开放型经济体系不断完善，对外开放进入了新阶段。总之，经过30年的探索和实践，我们既坚持社会主义，正确处理了对外开放和独立自主、自力更生的关系，又逐步深化了对利用国际国内两个市场、两种资源的认识，增强了通过发展对外经济关系推动国内经济建设的本领。在这个背景下，这本书主要...<br>— 钱穆 · 《钱穆国学作品集》 · p13	钱穆 钱穆国学作品集 历代政治得失邓小 命题
关于「历代政治得失·小平同志」：开一定的距离，至于以江泽民同志为核心的党的第三代中央领导集体继承、发展改革开放事…？	开一定的距离，至于以江泽民同志为核心的党的第三代中央领导集体继承、发展改革开放事业所做的工作，会有别人写的。问：对外开放30年了，您长期从事对外开放的领导工作，您怎样看待这段波澜壮阔的历史进程？答：这个题目很大。其实，十一届三中全会后，党的历次全国代表大会都对改革开放作了重要阐述，十七大进一步回顾总结了改革开放的历史进程和宝贵经验。我个人体会，30年的对外开放，是一个不断探索、不断学习、不断发展的过程，其中有几个年份尤其重要。一是1978年，开始探索对外开放，接着试办经济特区；二是1984年，邓小平同志对特区予以肯定，开放14个沿海城市，对外开放格局初步形成；三是1992年，邓小平同志发表南方谈话后，中央提出建立社会主义市场经济体制，加快浦东开发开放，实行沿边开放战略，对外开放全面推进；四是2001年，我国加入世贸组织，开放型经济体系不断完善，对外开放进入了新阶段。总之，经过30年的探索和实践，我们既坚持社会主义，正确处理了对外开放和独立自主、自力更生的关系，又逐步深化了对利用国际国内两个市场、两种资源的认识，增强了通过发展对外经济关系推动国内经济建设的本领。在这个背景下，这本书主要讲...<br>— 钱穆 · 《钱穆国学作品集》 · p13	钱穆 钱穆国学作品集 历代政治得失小平 命题
关于「历代政治得失·邓小平」：我的心目中，对外开放是一件强国富民的大事…？	我的心目中，对外开放是一件强国富民的大事。所以，写这本书稿是一件非常严肃的事，写作的水平是第二位的，第一位是史料的可靠性，以免误导读者。问：您说这本书主要是写给当代青年的，您想对在改革开放中出生和成长起来的青年们说些什么？答：对外开放是一项长期的基本国策，今后要走的路还很长，有些问题尚未完全解决,不可避免地还会出现这样那样新的问题，需要一代又一代人的不懈努力。20世纪60年代以后出生的当代青年，他们有的当时年龄还小，有的没有亲历过那个年代。我想把我们这一代人经历过的一些事情告诉他们，帮助他们了解邓小平同志提出对外开放战略部署的背景，提出的过程，遇到的问题，解决的方法，使他坚持对外开放是一项们珍惜来之不易的成果，以便他们更好地继承、发展长下%普是备弋命邓小平同志为我们开创的伟大事业。作者与编辑的对话Z-S代序5<br>— 钱穆 · 《钱穆国学作品集》 · p15	钱穆 钱穆国学作品集 历代政治得失邓小 命题
关于「历代政治得失·小平同志」：的心目中，对外开放是一件强国富民的大事…？	的心目中，对外开放是一件强国富民的大事。所以，写这本书稿是一件非常严肃的事，写作的水平是第二位的，第一位是史料的可靠性，以免误导读者。问：您说这本书主要是写给当代青年的，您想对在改革开放中出生和成长起来的青年们说些什么？答：对外开放是一项长期的基本国策，今后要走的路还很长，有些问题尚未完全解决,不可避免地还会出现这样那样新的问题，需要一代又一代人的不懈努力。20世纪60年代以后出生的当代青年，他们有的当时年龄还小，有的没有亲历过那个年代。我想把我们这一代人经历过的一些事情告诉他们，帮助他们了解邓小平同志提出对外开放战略部署的背景，提出的过程，遇到的问题，解决的方法，使他坚持对外开放是一项们珍惜来之不易的成果，以便他们更好地继承、发展长下%普是备弋命邓小平同志为我们开创的伟大事业。作者与编辑的对话Z-S代序5<br>— 钱穆 · 《钱穆国学作品集》 · p15	钱穆 钱穆国学作品集 历代政治得失小平 命题
关于「历代政治得失·江泽民」：到有些不可思议，可这的确是曾经发生过并带有普遍性的事实…？	到有些不可思议，可这的确是曾经发生过并带有普遍性的事实。房子越住越小说到住房，更是不堪回首。回想解放初期，我大学毕业到长春参加第一汽车制造厂的建设。虽然当时条件很苦，天气又冷，但是我们党尊重知识、爱护人才的干部政策，使我们这些知识分子感到无比温暖，大家积极性很高，好像有使不完的劲。在建设工厂的同时，一栋一栋的职工宿舍拔地而起，在大小不一的单元公寓房中不仅有厨房、厕所，有热水、淋浴，还有木质地板。开始我们都不敢想象这是为职工们建的。然而，当我24岁结婚时，厂里就分配给我们一套这样的两居室单元房。像江泽民同志当时是处级干部（当时一破冰启航，确立对外开放基本国策23<br>— 钱穆 · 《钱穆国学作品集》 · p33	钱穆 钱穆国学作品集 历代政治得失江泽 命题
关于「历代政治得失·泽民同志」：有些不可思议，可这的确是曾经发生过并带有普遍性的事实…？	有些不可思议，可这的确是曾经发生过并带有普遍性的事实。房子越住越小说到住房，更是不堪回首。回想解放初期，我大学毕业到长春参加第一汽车制造厂的建设。虽然当时条件很苦，天气又冷，但是我们党尊重知识、爱护人才的干部政策，使我们这些知识分子感到无比温暖，大家积极性很高，好像有使不完的劲。在建设工厂的同时，一栋一栋的职工宿舍拔地而起，在大小不一的单元公寓房中不仅有厨房、厕所，有热水、淋浴，还有木质地板。开始我们都不敢想象这是为职工们建的。然而，当我24岁结婚时，厂里就分配给我们一套这样的两居室单元房。像江泽民同志当时是处级干部（当时一破冰启航，确立对外开放基本国策23<br>— 钱穆 · 《钱穆国学作品集》 · p33	钱穆 钱穆国学作品集 历代政治得失泽民 命题
关于「历代政治得失·江泽民」：的欢迎仪式。税，这一部分国家得了…？	的欢迎仪式。税，这一部分国家得了；一个是劳务收入，工人得了；还有一个是带动了它的服务行业，这都是收入。我们要下这么个决心，权衡利弊、算清账，略微吃点亏也干，总归是在中国形成了生产能力，还会带动我们一些企业。我认为，现在研究财经问题，有一个立足点要放在充分利用、善于利用外资上，不利用太可惜了。”机械工业国外取经为加快机械工业发展，经华国锋、邓小平、李先念等党中央、国务院领导同志批准，1978年10月至12月，第一机械工业部分别派出两个代表团出国考察。一个以部长周子健同志为团长、安志文同志为副团长、江泽民同志为秘书长的代表团，对意大利、瑞士、联邦德国、法国、罗马尼亚、南斯拉夫等国进行考察；另一个以副部长周建南为团长的代表团对日本进行考察。考察团出国前进行了周密的准备，有针对性地拟定了具体的考察提纲。回国后于1979年1月25日向国务院作了详细报告。报告中引用大量事例和数据，指出我国机械工业远远落后于当时的西欧和日本，并提出了发中国机楠工业代表团名单团长周子健第一机械工业部部长付团长安志文吉林省革委会付主任秘书长江祥民一机部外事局局长团员李克一机部石油化工通用批械局局长蒋涛上海第一机电工业网...<br>— 钱穆 · 《钱穆国学作品集》 · p70	钱穆 钱穆国学作品集 历代政治得失江泽 命题
关于「历代政治得失·泽民同志」：欢迎仪式。税，这一部分国家得了；一个是劳务收入…？	欢迎仪式。税，这一部分国家得了；一个是劳务收入，工人得了；还有一个是带动了它的服务行业，这都是收入。我们要下这么个决心，权衡利弊、算清账，略微吃点亏也干，总归是在中国形成了生产能力，还会带动我们一些企业。我认为，现在研究财经问题，有一个立足点要放在充分利用、善于利用外资上，不利用太可惜了。”机械工业国外取经为加快机械工业发展，经华国锋、邓小平、李先念等党中央、国务院领导同志批准，1978年10月至12月，第一机械工业部分别派出两个代表团出国考察。一个以部长周子健同志为团长、安志文同志为副团长、江泽民同志为秘书长的代表团，对意大利、瑞士、联邦德国、法国、罗马尼亚、南斯拉夫等国进行考察；另一个以副部长周建南为团长的代表团对日本进行考察。考察团出国前进行了周密的准备，有针对性地拟定了具体的考察提纲。回国后于1979年1月25日向国务院作了详细报告。报告中引用大量事例和数据，指出我国机械工业远远落后于当时的西欧和日本，并提出了发中国机楠工业代表团名单团长周子健第一机械工业部部长付团长安志文吉林省革委会付主任秘书长江祥民一机部外事局局长团员李克一机部石油化工通用批械局局长蒋涛上海第一机电工业网局...<br>— 钱穆 · 《钱穆国学作品集》 · p70	钱穆 钱穆国学作品集 历代政治得失泽民 命题
关于「历代政治得失·江泽民」：■江泽民协调解难题蛇口工业区在创建初期遇到的困难是现在难以想象的…？	■江泽民协调解难题蛇口工业区在创建初期遇到的困难是现在难以想象的。除了思想认识和体制上的障碍外，在建设上也遇到许多“卡脖子”的问题。例如，工业区外有一条7公里的专用公路快要修竣时，施工部门硬是在工业区入口200米处留下一段不铺沥青路面。这国门初开的岁月样，雨天时，泥浆、石子加雨水，使这段路形同沼泽，严重影响工业区的交通，也有碍观瞻。又如蛇口当时是一个落后的渔村，根本没有现代通讯设施，打电话十分困难，他们想建一个微波通讯站，也遇到钉子精神重重阻力等等。（作者篆刻）国家进出口委副主任江泽民同志于1980年3<br>— 钱穆 · 《钱穆国学作品集》 · p86	钱穆 钱穆国学作品集 历代政治得失江泽 命题
关于「历代政治得失·江泽民」：了，申请安装个电话很困难，而且安装费很贵…？	了，申请安装个电话很困难，而且安装费很贵。蛇口工业区为了适应和外商合营的需要，自己筹钱建设由蛇口经深圳通香港的微波电话，是件好事，一定要支持。”微波电话建设过程中属于要由深圳市邮电局和广东省邮电局帮助解决的问题，江泽民同志请陪同他的广东省经济特区管理委员会副主任、深圳市委副书记秦文俊回去跟他们谈。属于要由邮电部解决的问题，他找邮电部部长朱学范帮助解决。袁庚同志很快请邮电部及其所属的省、市邮电局的专家来蛇口参观考察，他们认为解决通讯问题在技术上是可行的。他原以为蛇口的通讯问题可顺利解决了，但没想到还是解决不了。邮电部门坚持通讯设施由特区出资建设，但经营管理权属邮电部门，电话费必须由邮电部门收，长途电话和香港通话必须经长途局，不能直拨。袁庚同志在无奈中，不得不把蛇口遇到的问题设法向中央反映。1980年9月3日，胡<br>— 钱穆 · 《钱穆国学作品集》 · p87	钱穆 钱穆国学作品集 历代政治得失江泽 命题
关于「历代政治得失·江泽民」：国门初开的岁月术干部调配问题、施工设备进口问题…？	国门初开的岁月术干部调配问题、施工设备进口问题，都放开了口子。至于200米左右一段公路迟迟不给铺沥青路面问题，当时参加会议的人定不了。广东省委书记刘田夫当天下午到会后，当即表示广东省将积极配合工业区把道路打通。会上，江泽民同志多次强调说：“请大家支持工业区，开点绿灯。”几天后，有关单位把那位施工部门“卡、拿、要”的处长革职，搬开这块“卡脖子”的“绊脚石”后的24小时内，200米公路就铺上了沥青路面，从此蛇口工业区通向区外的公路终于贯通了。同年12月，江泽民同志陪同谷牧同志再次视察深圳、珠海，又来到了蛇口工业区，这是他一年中第三次到蛇口，关心蛇口的创业和发展。1980年12月，江泽民（左二）陪同谷牧（左三）视察蛇口。蛇口工业区的创建本意是吸引外资开发工业，特别是外向型工业。但是，任何一个工业区的建设都不可能是孤立的<br>— 钱穆 · 《钱穆国学作品集》 · p88	钱穆 钱穆国学作品集 历代政治得失江泽 命题
关于「历代政治得失·江泽民」：购物中心的意向。他们便上报省有关部门审批…？	购物中心的意向。他们便上报省有关部门审批，可是对这种无章可循“破天荒”的事，谁也不愿沾边，互相推诿，杳无音信。除了购物中心迟迟不能批准外，蛇口与香港的海上通航问题，由于种种原因也无法解决。这时袁庚不得不再次通过上次同样的渠道向中央反映情况。1981年10月16日新华社内参上刊登了《深圳蛇口特区建设在两个问题上遇到困难》的文章，反映蛇口遇到的“购物中心”不能开办和蛇口至香港之间不能通航两个问题，使中央及省委关于特区建设的指示无法落实。万里同志批示：请谷牧同志过问一下此事。谷牧同志批示：明天议一下。江泽民同志见到这份内参时，继一年前帮助蛇口解决四个“卡脖子”问题后，再一次帮助蛇口解困。经与有关部门协调，10月24日，他给谷牧同志写了一份专题报告，提出了解决问题的意见：谷牧副总理：《国内动态清样》第2492期反映深圳蛇口特区建设中的两个问题，经与王润生（作者注：时任海关总署署长）、王斗光（作者注：时任海关总署副署长）同志商议，并向蛇口建设指挥部了解了情况。解决意见如下：一、蛇口“购物中心”开办问题。中发[1981]27号文件规定:.除烟、酒按最低税率减半征税、少数物品照章征税外，其他均免征关...<br>— 钱穆 · 《钱穆国学作品集》 · p89	钱穆 钱穆国学作品集 历代政治得失江泽 命题
关于「历代政治得失·泽民同志」：物中心的意向。他们便上报省有关部门审批…？	物中心的意向。他们便上报省有关部门审批，可是对这种无章可循“破天荒”的事，谁也不愿沾边，互相推诿，杳无音信。除了购物中心迟迟不能批准外，蛇口与香港的海上通航问题，由于种种原因也无法解决。这时袁庚不得不再次通过上次同样的渠道向中央反映情况。1981年10月16日新华社内参上刊登了《深圳蛇口特区建设在两个问题上遇到困难》的文章，反映蛇口遇到的“购物中心”不能开办和蛇口至香港之间不能通航两个问题，使中央及省委关于特区建设的指示无法落实。万里同志批示：请谷牧同志过问一下此事。谷牧同志批示：明天议一下。江泽民同志见到这份内参时，继一年前帮助蛇口解决四个“卡脖子”问题后，再一次帮助蛇口解困。经与有关部门协调，10月24日，他给谷牧同志写了一份专题报告，提出了解决问题的意见：谷牧副总理：《国内动态清样》第2492期反映深圳蛇口特区建设中的两个问题，经与王润生（作者注：时任海关总署署长）、王斗光（作者注：时任海关总署副署长）同志商议，并向蛇口建设指挥部了解了情况。解决意见如下：一、蛇口“购物中心”开办问题。中发[1981]27号文件规定:.除烟、酒按最低税率减半征税、少数物品照章征税外，其他均免征关税...<br>— 钱穆 · 《钱穆国学作品集》 · p89	钱穆 钱穆国学作品集 历代政治得失泽民 命题
关于「历代政治得失·江泽民」：巩依G同意啮关Wb克更，外〉中心双Mj■--ftiLSk##恁〒%“刃黄f＜wW…？	"巩依G同意啮关Wb克更，外〉中心双Mj■--ftiLSk##恁〒%“刃黄f＜wW""片避)龙5*飞中打丛行./&4•4蛙”把用去P.4•快拒找""工女N，$4:仁心＞工;品。出彳+5♦勾K*w:利士迂4士子t，，＞同.“1号M叶a%市**h明时冬丸千卷蝇”＞身如口冽回梃“关1可必3具脸,""侑喝主：依乂M3”？可干气.”关刈灭啜.&绅国下廷.九龙必又q新乂豆去不也否学：今天於定城为黑,魂&H甬打字之亍■+*3，阻人找5£呆,运％出过+-41工+'。布if*以抠/*至高水卜/%G+B""1981年10月，江泽民就蛇口购物中心等问题给谷牧的信。二、蛇口港口对客轮开放问题，今年9月26日国务院办公厅(81)国办函字75号文件已批准蛇口口岸对客轮开放。蛇口指挥部认为联检设施条件均已具备，只待海关派人进驻即可开放。海关则反映，文件刚下达，九龙海关目前人员尚不敷应用，立即开放还有问题。现经协商初步定于11月15日派人进抽，最迟不超过11月20日开放。特此报告，妥否请示。江泽民1981年10月24日在万里、谷牧同志的过问下，11月12日，由江泽民同志签发的国家进出口委《关于蛇口工业区“购物中心”及港口开放问...<br>— 钱穆 · 《钱穆国学作品集》 · p90"	钱穆 钱穆国学作品集 历代政治得失江泽 命题
关于「历代政治得失·李先念」：自然想起他们敬佩的邓小平同志。叶剑英、陈云、李先念等老一辈领导同志向中央建议恢复…？	自然想起他们敬佩的邓小平同志。叶剑英、陈云、李先念等老一辈领导同志向中央建议恢复邓小平同志的职务，让他尽快出来工作。1977年2月，中央一些报刊发表了《学好文件抓住纲》的社论，提出“凡是毛主席作出的决策，我们都坚决维护，凡是毛主席的指示，我们都始终不渝地遵循”，即“两个凡是”。其实质是要维护毛主席晚年发动“文化大革命”的错误，包括“批邓”和悼念周总理、反对“四人帮”的“天安门事件”都不能翻案。社论的发表使许多老同志们意识到问题的严重性，他们在用各种方式表达自己对“两个凡是”的不同意见的同时，也在为推动邓小平的复出而加紧做工作。1977年3月10<br>— 钱穆 · 《钱穆国学作品集》 · p41	钱穆 钱穆国学作品集 历代政治得失李先 命题
关于「历代政治得失·李先念」：%国门初开的岁月剩资本找出路。尽管后来我们发现搞120个大项目在当时并不实际…？	%国门初开的岁月剩资本找出路。尽管后来我们发现搞120个大项目在当时并不实际，并提出了“调整、改革、整顿、提高”的八字方针，但当时的国内外形势表明，利用外资加速我国经济建设是可能的。代表团回国后，邓小平同志就约谷牧同志谈话，详细询问了出访情况，并就实行开放政策、积极引进外国先进技术等问题，讲了三点意见：一是引进这件事一定要做；二是要下决心向国外借点钱搞建设；三是要尽快争取时间。接着谷牧同志向华国锋、叶剑英、李先念、聂荣臻、乌兰夫、王震等党中央、国务院领导同志做了详细汇报。据谷牧同志回忆，那次会开得很长，从下午3点半一直到晚上11点。谷牧同志主要汇报了三个方面的情况：1.第二次世界大战后，西欧资本主义国家的经济确有相当大的新发展。尤其是科学技术日新月异，工农业生产、交通运输、通信手段广泛采用电子技术，现代化水平很高，劳动生产率大大提高。2.这些西欧国家，大部分对华友好，由于资金过剩，技术要找市场，商品要找销路，因此，对于同中国发展经济关系很有兴趣。他们普遍认为，中国是世界上重要的稳定因素，有个强大的中国，<br>— 钱穆 · 《钱穆国学作品集》 · p64	钱穆 钱穆国学作品集 历代政治得失李先 命题
关于「历代政治得失·李先念」：在1975年就提出把加强技术引进、增加外贸出口作为一项大政策…？	在1975年就提出把加强技术引进、增加外贸出口作为一项大政策，现在应当认真组织实施。一定要解放思想，开拓路子，不能自我封闭，贻误时机。这次会议开了20多天，认真总结新中国近30年的经验教训，认真研究国外先进的东西。发展问题成为讨论的重点。大家说，日本、联邦德国这两个战败国为什么能够迅速复兴？“上帝只给了太阳和水”的瑞士，为什么也能跻身于发达国家行列？我们条件并不比他们差多少，许多方面还比他们强得多。许多同志表示，一定要下决心，千方百计把经济搞上去。李先念同志在会上作了长篇讲话，提出了改革经济体制，实行对外开放政策的主张。他讲到目前国际形势对我们有利，欧、美、日等西方国家经济萧条，要找出路。我们应有魄力、有能力利用他们的技术、设备、资金和管理经验，来加快我们的建设。我们决不能错过这个非常难得的时机。自立更生决不是闭关自守，不学习国外的先进事物。这篇讲话引起了很大的反响，后来被党中央作为提交十一届三中全会讨论的文件之一，对改革开放决策的形成发挥了重要作用。在务虚会后，党中央和国务院又多次讨论研究，酝酿制定对外开放的方案。“质量救国”救了日本1979<br>— 钱穆 · 《钱穆国学作品集》 · p65	钱穆 钱穆国学作品集 历代政治得失李先 命题
关于「历代政治得失·李先念」：国门初开的岁月1978年11月12—14日…？	国门初开的岁月1978年11月12—14日，邓小平（右二）对新加坡进行友好访问。这是邓小平抵达新加坡时,在机场出席新加坡总理李光耀（右一）举行的欢迎仪式。税，这一部分国家得了；一个是劳务收入，工人得了；还有一个是带动了它的服务行业，这都是收入。我们要下这么个决心，权衡利弊、算清账，略微吃点亏也干，总归是在中国形成了生产能力，还会带动我们一些企业。我认为，现在研究财经问题，有一个立足点要放在充分利用、善于利用外资上，不利用太可惜了。”机械工业国外取经为加快机械工业发展，经华国锋、邓小平、李先念等党中央、国务院领导同志批准，1978年10月至12月，第一机械工业部分别派出两个代表团出国考察。一个以部长周子健同志为团长、安志文同志为副团长、江泽民同志为秘书长的代表团，对意大利、瑞士、联邦德国、法国、罗马尼亚、南斯拉夫等国进行考察；另一个以副部长周建南为团长的代表团对日本进行考察。考察团出国前进行了周密的准备，有针对性地拟定了具体的考察提纲。回国后于1979年1月25日向国务院作了详细报告。报告中引用大量事例和数据，指出我国机械工业远远落后于当时的西欧和日本，并提出了发中国机楠工业代表团名<br>— 钱穆 · 《钱穆国学作品集》 · p70	钱穆 钱穆国学作品集 历代政治得失李先 命题
关于「历代政治得失·李先念」：同中国建交的参议员拉克索尔特在看了这场演出后说：“我们被他们打败了…？	同中国建交的参议员拉克索尔特在看了这场演出后说：“我们被他们打败了，.谁也没法对唱中国歌的孩子们投反对票。双方签署了领事、贸易、科学技术、文化交流等协议。中国人民随着邓小平同志出访的电视镜头开始了解世界，上至高层下至百姓都不同程度地意识到了我们封闭得太久了。1981年6月，党的十一届六中全会通过了邓小平同志主持起草的《关于建国以来党的若干历史问题的决议》。这个决议，”邓小平与卡特总统最后一次会谈时,邓小平为《关于建国以来党的若干历史问题的决议》的起草付出了智慧和心血。左起：陈云、邓小平、胡耀邦、李先念。总结了建国以来的历史经验，彻底否定了“文化大革命”，科学地评价了毛泽东同志，坚决维护了毛泽东同志的历史地位和毛泽东思想科学体系的指导意义，正确解决了一个关系党和国家命运的重大战略问题。这是新时期邓小平同志作出的历史性贡献。70<br>— 钱穆 · 《钱穆国学作品集》 · p80	钱穆 钱穆国学作品集 历代政治得失李先 命题
关于「历代政治得失·李先念」：杀出一条血路,创办经济特区我国的对外开放…？	杀出一条血路,创办经济特区我国的对外开放，没有现成模式可参照，更不能照搬其他国家的做法，只能根据国情在实践中不断摸索、不断前进。1979年1月，一封关于香港厂商要求回广州开设工厂的来信摘报，送到了邓小平同志的办公室。邓小平阅后，当即批示：这种事，我看广东可以放手干。曾任广东省委副书记的王全国回忆当时的情形说：“经过十一届三中全会，我们感到不改革开放不行了。小平同志的这个批示，对我们是很大的启示和鼓舞。我们就从广东的实际出发，分析广东的特点，提出广东的改革开放应该先走一步。”蛇口响起第一炮李先念初定蓝图1978年10月9日，交通部党组上报了一份《关于充分利用香港招商局问题的请示》，提出招商局的经营方针应当是“立足港澳，背靠国内，面向海外，多种经营，买卖结合，工商结合”，为此，应当冲破束缚，放手大干，争取时间，加快速度，适应国际市场的特点，走出门去搞调查、做买卖。建议：改革上层建筑，简化审批手续，确定招商局就地独立处理问题的机动权；授权可以一次批准招商局动用当地贷款500万美元的权限，从事业务活动。杀.出一条血路，创办经济特区71<br>— 钱穆 · 《钱穆国学作品集》 · p81	钱穆 钱穆国学作品集 历代政治得失李先 命题
关于「历代政治得失·李先念」：李先念同志10月12日批示：“请华主席、叶、邓、汪副主席…？	李先念同志10月12日批示：“请华主席、叶、邓、汪副主席，纪登奎、余秋里、谷牧、康世恩同志阅批。拟同意这个报告，只要加强领导，抓紧内部整顿，根据华主席’思想再解放一点，胆子再大一点，办法再多一点，步子再快一点’的指示，手脚可放开些，眼光可放远些，可能比报告所说的要大有作为。妥否，请阅示。”很快，党国门初开的岁月中央、国务院其他领导同志也一一圈阅并批准了这份报告。中共交通部党^文件叶飞流于充分利用香港招商展情期的请承j三城停笛*名〕一「*X々山日筷秋:潭《’一总4T'*；一；“治蟆索粕¥的；•笔版.演无<br>— 钱穆 · 《钱穆国学作品集》 · p82	钱穆 钱穆国学作品集 历代政治得失李先 命题
关于「历代政治得失·李先念」：我驻香港招商局在广东宝安建立工业区的报告》…？	我驻香港招商局在广东宝安建立工业区的报告》，提出：招商局初步选定在宝安县蛇口公社境内建立工业区，以便利用国内较廉价的土地和劳动力，同时利用国外的资金、先进技术和原材料，把两者充分结合起来。很快，李先念副总理收到了这个《报告》，立即与谷牧副总理进行了认真研究，决定请交通部副部长彭德清、香港招商局副董事长袁庚到他那里去，当面商议这个报告。1月31日，彭德清和袁庚来到了中南海。李先念同志先向他们问起招商局的情况。当袁庚同志在汇报中谈到要把香港充足的资金、先进的技术和内地廉价的土地和劳动力结合起来时，李先念同志说：“对，现在就是广东省革命委员会也符交通部乂“--------------★---------------.关于我承香港招商易在广东宝安建立工叠区的报告先瞿井国务经：为华主界,七中部＜*于充<br>— 钱穆 · 《钱穆国学作品集》 · p83	钱穆 钱穆国学作品集 历代政治得失李先 命题
关于「历代政治得失·李先念」：会，讲本地区的打算，也向中央提出了一些意见和建议…？	会，讲本地区的打算，也向中央提出了一些意见和建议。在中南海怀仁堂开会，中央许多领导同志都到会听取发言，同大家一起讨论，畅所欲言。例如，关于开发区的名称问题，开始准备叫“经济开发区”，讨论中我们提出，开发区不仅是创造一个吸收外资、加速经济发展的“小环境”，而且要强调引进先进技术，建议叫“经济技术开发区”，后来这个建议被采纳了。对于开放哪几个沿海港口城市，虽然在2月24日邓小平同志与中央几位领导同志谈话时，已商定初步意见，然而在会议进行1984年4月6日，在接见沿海部分城市座谈会全体代表后,邓小平同李先念等看当天关于经济特区的报道。159<br>— 钱穆 · 《钱穆国学作品集》 · p169	钱穆 钱穆国学作品集 历代政治得失李先 命题
关于「历代政治得失·李先念」：中，江苏省省长顾秀莲同志闻讯赶来北京…？	中，江苏省省长顾秀莲同志闻讯赶来北京，经她提议并报请国务院领导同意，又增列了江苏的南通和连云港。广东、福建的同志提出，为何没有我们两省的沿海城市？当然，对此并不是忽略，而是因为这两省已实行特殊政策、灵活措施，实际上已经开放。经过讨论研究，也吸收了他们的意见，列入了广州、湛江和福州三个城市。后来又有同国门初开的岁月志建议增加秦皇岛，中央领导同志研究后也同意了这一意见。这样一共开放了沿海14个港口城市。会议结束时，邓小平、李先念等中央领导同志同大家合影留念。邓小平同志说：“搞好对外开放关键是要用明白人，要下功夫训练干部”。迄今为止，这是规格最高的一次对外开放工作会议。用明白人（作者篆刻）4月23日，谷牧同志向陈云同志汇报了讨论开放沿海城市的情况和地方与部门同志的反映。陈云完全赞同开放沿海港口城市，强调在实施中要不断总结经验。随后，中央政治局正式讨论通过了《沿海部分城市座谈会纪要》，于5月4日以中发[1984]13号文件批转全国。中央在批语中指出：“我国在新的历史时期实行对外开放政策，有一个逐步发展的过程。沿海港口城市由<br>— 钱穆 · 《钱穆国学作品集》 · p170	钱穆 钱穆国学作品集 历代政治得失李先 命题
关于「历代政治得失·李先念」：德国、奥地利、瑞典、意、荷等国家进口少量成套设备…？	德国、奥地利、瑞典、意、荷等国家进口少量成套设备，填补了当时的一些技术空白。1971年我国恢复在联合国的合法席位后，中美、中日等关系的坚冰被打破，国际环境好转。毛泽东、周恩来等老一辈领导人果断抓住时机，从西方国家引进化纤、化肥等大型设备，解决人民群众穿衣吃饭的迫切问题。1972年1月，根据周总理的指示，国家计委主任余秋里同志召集国家计委及轻工部、外贸部等部委负责人做了专门研究，并向李先念同志汇报，决定抓住西方资本主义国家在经济危机中急于寻找出口市场、商品价格较低的有利时机，针对国内需要，进口成套化纤、化肥技术设备。1月22日，李先念、华国锋和余秋里同志联名向周恩来总理报送国家计委《关于进口成套化纤、化肥技术设备的报告》，提出化纤方面拟从法国、日本进口4套装置，约需2.7亿美元，放在四川、辽宁、上海、天津，建成后，可生产合成纤维24万吨，从数量上折算，约等于500万担棉花，可织布40亿尺；化肥方面进口2套30万吨大型合成氨厂设备，建在四川和大庆。周恩来总理于2月5日批示同意，并转<br>— 钱穆 · 《钱穆国学作品集》 · p183	钱穆 钱穆国学作品集 历代政治得失李先 命题
关于「历代政治得失·陈云」：席米高扬分别代表本国政府在中苏科技合作协定、贷款协定和苏联援助中国新建工业项目的…？	席米高扬分别代表本国政府在中苏科技合作协定、贷款协定和苏联援助中国新建工业项目的议定书上签字。毛泽东（右三）、刘少奇（右一）、朱德（右二）和赫鲁晓夫（右四）等中苏两国领导人出席签字仪式。建国之初，毛泽东同志赴苏联谈判签订中苏友好条约。继而由周恩来、李富春等同志与苏联具体商谈，从苏联引进建设了156个重大项目，也从东欧国家引进建设了一些成套项目，这些项目多数在当时也是国际先进水平。为了掌握这些技术，据不完全统计，从1949年到1960年，我国聘请来华的专家共2万多人，派出去1984年12月24日，陈云（左一）、薄一波（左二）在北京会见苏联部长会议第一副主席阿尔希波夫（右一，曾于20世纪50年代任苏联援华专家组组长）。的留学生、实习生约1万人，再加上从欧美学成回国的学者、专家，汇聚成了一支新中国的科技人才的生力军。与此同时，中央号召各级干部和广大职工用各种方式学文化、学科技、学管理，全党全国掀起了破冰启航，确立对外开放基本国策13<br>— 钱穆 · 《钱穆国学作品集》 · p23	钱穆 钱穆国学作品集 历代政治得失陈云 命题
关于「历代政治得失·陈云同志」：遵循”，即“两个凡是”。其实质是要维护毛主席晚年发动“文化大革命”的错误…？	遵循”，即“两个凡是”。其实质是要维护毛主席晚年发动“文化大革命”的错误，包括“批邓”和悼念周总理、反对“四人帮”的“天安门事件”都不能翻案。社论的发表使许多老同志们意识到问题的严重性，他们在用各种方式表达自己对“两个凡是”的不同意见的同时，也在为推动邓小平的复出而加紧做工作。1977年3月10日至22日，中共中央召开工作会议，会前，叶剑英同志对华国锋同志的讲话稿提出两条意见：“一是‘天安门事件’是冤案，要平反；二是对邓小平同志的评价，应该把提法换一下，为小平同志出来工作创造条件。”3月13日，陈云同志在书面发言中指出：“为了中国革命和中国共产党的需要，听说中央有些同志提出让邓小平同志重新参加党中央的领导工作，是完全正确、完全必要的，我完全拥护。”王震也对阻挠为“天安门事件”平反和邓小平复出的人进行了批评。他说：“邓小平政治思想强，人才难得，这是毛主席讲的、周总理传达的。1975年他主持中共中央和国务院的工作，取得了巨大成绩。他是同‘四人帮’作斗争的先锋。‘四人帮’千方百计地、卑鄙地陷害他。‘天安门事件’是我们民族的骄傲，是全国人民阶级觉悟和路线大大提高的集中表现，谁不承认‘天安门事件...<br>— 钱穆 · 《钱穆国学作品集》 · p41	钱穆 钱穆国学作品集 历代政治得失陈云 命题
关于「历代政治得失·陈云」：率找推处翻妒卜本彳1988年,邓小平为光明日报出版社出版的《真理标准讨论纪念文集…？	率找推处翻妒卜本彳1988年,邓小平为光明日报出版社出版的《真理标准讨论纪念文集》一书的题词。是‘。”8月19日，邓小平在接见文化部负责人时再次表示：“《实践是检验真理的唯一标准》这篇文章是马克思主义的，是驳不倒的。”邓小平同志这番掷地有声的讲话，不仅是在真理标准讨论的关键时刻，给了《实践是检验真理的唯一标准》以有力的支持，更是刚刚复出的邓小平同志以一个伟大政治家的气魄和敏锐，抓住了在政治思想上拨乱反正的这一历史契机，发出了对坚持真理的呼唤。陈云等老一辈领导同志都支持文章的观点，凡有同志向陈云同志请求题词时，他往往都书赠“不唯上、不唯书、只唯实，交换、比较、反复”。军队大力支持《实践是检验真理的唯一标准》，军委秘书长罗瑞卿同志在全军政治工作筹备会上说：“《实践是检验真理的唯一标准》是一篇坚持马列主义、毛泽东思想的好文章。它提出了一个牵一发而动全身的大问题，全军政治工作会议就是要宣传实事求是的思想路线，宣传一切从实际出发，宣传实践是检验真理的唯一标准。不从根本上解决这个问题，我们一步也前进不了。”这年6月2日，邓小平同志在全军政治工作会议<br>— 钱穆 · 《钱穆国学作品集》 · p47	钱穆 钱穆国学作品集 历代政治得失陈云 命题
关于「历代政治得失·陈云」：37年7月7日中央组织部的决定重新复查…？	37年7月7日中央组织部的决定重新复查，恢复其组织生活。三、陶铸同志、王鹤寿同志等是在南京陆军监狱坚持不进反省院，直到七七抗战以后由我们党向国民党要出来的一批党员，……现在被定为叛徒或者恢复了组织生活，但仍留一个“尾巴”，……应当由中央组织部做出实事求是的结论。四、彭德怀的骨灰应该放到八宝山革命公墓。五、天安门事件……是几百万人悼念周总理、反对“四人帮”、不同意批判邓小平同志的一次伟大的群众运动。中央应该肯定这次运动。六、康生同志的错误是很严重的，中央应该在适当的会议上对他的错误给以应有的批评。陈云的发言得到了与会者的广泛赞同，从而把解决历史遗留问题推向高潮。谭震林同志指名道姓地批评“两个凡是”的错误。万里、王首道、康克清等同志积极支持陈云的发言，要求迅速解决这六个问题。胡耀邦同志发言要求把“文化大革命”中遗留的大是大非问题搞清楚。萧克同志发言要求为“二月逆流”平反……大家不仅要把“文化大革命”中颠倒了的大是大非问题颠倒过来，还对很多重大决策提出了新的建议。这次会议的特点是一边讨论，一边行动。11月14日，经中共中央政治局常委会批准，由北京市委出面为“天安门事件”平反。第二天《人民日报...<br>— 钱穆 · 《钱穆国学作品集》 · p76	钱穆 钱穆国学作品集 历代政治得失陈云 命题
关于「历代政治得失·陈云」：就是八个问题。邓小平同志根据这个提纲…？	就是八个问题。邓小平同志根据这个提纲，同起草的同志详细谈了自己的看法和设想。这篇讲话稿，完全是邓小平同志自己的想法，不但思路是他的，而且给人留下深刻印象的那些语言也大都是他的。在讲话起草过程中，他不但多次看过稿子，而且在多次与起草的同志谈意见时，不断深化和充实自己的思想，连讲话的题目也是他提出来的。在经过一系列准备的基础上，1978年12月18日，在白雪皑皑、空气清新的北京，党的十一届三中全会隆重召开。这次会议只用了5天十一届三中全会后，邓小平成为党的第二代中央领导集体的核心。图为邓小平（右）、陈云（左）在十一届三中全会上。时间，却具有划时代的重大意义。邓小平同志在中央工作会议上的讲话成为全会的话题。会议经过充分讨论，对过去作了系统的总结，提出了一系列新的方针政策。中心点是从以阶级斗争为纲转到以发展生产力为中心，从封闭转到开放，从固守成规转到各方面的改革的重大决策。会议提出了要“在自力更生的基础上积极发展同世界各国平等互利的经济合作。努力采用世界先进技术和先进设备”的对外经济工作指导方针。这次会议是我们党在政治、思想和组织路线上的重大转折，是我国在新的历史时期召开的一次极为重要的会议，...<br>— 钱穆 · 《钱穆国学作品集》 · p78	钱穆 钱穆国学作品集 历代政治得失陈云 命题
关于「历代政治得失·陈云」：了眼泪。”一直强烈反对同中国建交的参议员拉克索尔特在看了这场演出后说：“我们被他…？	了眼泪。”一直强烈反对同中国建交的参议员拉克索尔特在看了这场演出后说：“我们被他们打败了，.谁也没法对唱中国歌的孩子们投反对票。双方签署了领事、贸易、科学技术、文化交流等协议。中国人民随着邓小平同志出访的电视镜头开始了解世界，上至高层下至百姓都不同程度地意识到了我们封闭得太久了。1981年6月，党的十一届六中全会通过了邓小平同志主持起草的《关于建国以来党的若干历史问题的决议》。这个决议，”邓小平与卡特总统最后一次会谈时,邓小平为《关于建国以来党的若干历史问题的决议》的起草付出了智慧和心血。左起：陈云、邓小平、胡耀邦、李先念。总结了建国以来的历史经验，彻底否定了“文化大革命”，科学地评价了毛泽东同志，坚决维护了毛泽东同志的历史地位和毛泽东思想科学体系的指导意义，正确解决了一个关系党和国家命运的重大战略问题。这是新时期邓小平同志作出的历史性贡献。70<br>— 钱穆 · 《钱穆国学作品集》 · p80	钱穆 钱穆国学作品集 历代政治得失陈云 命题
关于「历代政治得失·陈云」：，如国内外商品价格差异过川大、进出口商品管制、国内商品短缺、进口关税过高、海关监…？	，如国内外商品价格差异过川大、进出口商品管制、国内商品短缺、进口关税过高、海关监管不严两手抓等，主观原因主要是非法牟取暴利的思想。因此，认为对外开放必然作者篆刻）导致走私的说法是站不住脚的。沿海地区历来就是走私的重点部位，人们形象地将走私活动称为走水，走私者称为水客，走私货称为水货。广东、福建实行特殊政策、灵活措施和试办经济特区不久，就出现了严重的走私贩私问题，一些干部甚至领导干部不同程度存在走私贩私、贪污受贿等严重的违法犯罪行为，严重干扰了经济秩序，败坏了党风。1982年1月n日，根据邓小平、陈云同志的建议，中央决定严厉打击经济领域违法犯罪活动，并下发了《紧急通知》，要求雷厉风行地加以打击，并派习仲勋、余秋里、彭冲、王鹤寿同志立即去广东、福建、浙江、云南等走私贩私最为严重的省，传达中央指示，采取紧急措施，还要求各省、市、自治区高度重视这方面问题，采取相应措施。这一通知显然不只是针对广东、福建和经济特区的。但是，一些受极左思潮影响较深和习惯于僵化垄断体制的人，把走私等问题产生的原因归结于对外开放，对广东、福建和深圳经济特区扣上种种帽子，说什么“资本主义乂一次向我们的猖狂进攻”，136<br>— 钱穆 · 《钱穆国学作品集》 · p146	钱穆 钱穆国学作品集 历代政治得失陈云 命题
关于「历代政治得失·陈云」：”这体现了他对广东、福建两省实行特殊政策和灵活措施的高度重视…？	”这体现了他对广东、福建两省实行特殊政策和灵活措施的高度重视。在这一年春节期间，邓小平同志在听取任仲夷同志关于深圳特区建设情况汇报时指出：“要继续办下去。”当他听说蛇口工业区拟聘请外籍人士当企业经理，遭到一些人的责难时，立即指出：“可以聘请外国人当经理，这不是卖国。”1983年6月，邓小平同志又一次指出：“特区要坚决办下去，不能动摇。”中共中央总书记胡耀邦同志在1983年2月视察深圳时，对特区工作给予肯定和支持，并为深圳题了词：“特事特办，新事新办，立场不变，方法全新。”1982年10月30日，陈云同志在广东省委、省政府上报党1984年5月23日—24日，胡耀邦（右三）再赴深圳特区视察。右一为梁灵光。140<br>— 钱穆 · 《钱穆国学作品集》 · p150	钱穆 钱穆国学作品集 历代政治得失陈云 命题
关于「历代政治得失·陈云」：提出，为何没有我们两省的沿海城市…？	提出，为何没有我们两省的沿海城市？当然，对此并不是忽略，而是因为这两省已实行特殊政策、灵活措施，实际上已经开放。经过讨论研究，也吸收了他们的意见，列入了广州、湛江和福州三个城市。后来又有同国门初开的岁月志建议增加秦皇岛，中央领导同志研究后也同意了这一意见。这样一共开放了沿海14个港口城市。会议结束时，邓小平、李先念等中央领导同志同大家合影留念。邓小平同志说：“搞好对外开放关键是要用明白人，要下功夫训练干部”。迄今为止，这是规格最高的一次对外开放工作会议。用明白人（作者篆刻）4月23日，谷牧同志向陈云同志汇报了讨论开放沿海城市的情况和地方与部门同志的反映。陈云完全赞同开放沿海港口城市，强调在实施中要不断总结经验。随后，中央政治局正式讨论通过了《沿海部分城市座谈会纪要》，于5月4日以中发[1984]13号文件批转全国。中央在批语中指出：“我国在新的历史时期实行对外开放政策，有一个逐步发展的过程。沿海港口城市由于其地理位置、经济基础、经营管理1984年4月，谷牧（左蹲者）在宁波指导开发区选址。和技术水平等条件较好，势必要先走一步。这些沿海城市在利用国外资金、技术和市场时，应当首先抓好老企业的...<br>— 钱穆 · 《钱穆国学作品集》 · p170	钱穆 钱穆国学作品集 历代政治得失陈云 命题
关于「历代政治得失·陈云」：的严重干扰破坏，按劳动生产率和每人平均收入计算…？	的严重干扰破坏，按劳动生产率和每人平均收入计算，我国至今仍然是很落后的。但是，中国人民是有志气的，我们不甘落后。为了迎头赶上世界先进水平，我们敢于承认落后，敢于提出向一切国家的长处学习的口号。这正说明我们具有坚强的信心，说明我们坚信社会主义制度的优越性，是真正的爱国主义者。林彪、“四人帮”推行闭关自守、锁国愚民的反动政策，只能导致国家民族的倒退，把人民重新推向半封建、半殖民地的深渊。为了给党的十一届三中全会作准备，1978年11月10日召开了中央工作会议。这次会议一直开到12月15日，在邓小平、陈云等老一辈无1978年11月10日，中共中央工作会议在北京召开。图为中央工作会议会场。实施大政策，引进先进技术和设备187<br>— 钱穆 · 《钱穆国学作品集》 · p197	钱穆 钱穆国学作品集 历代政治得失陈云 命题
关于「历代政治得失·胡耀邦」：中突然蒙上了一层厚厚的阴霾。人们在想…？	中突然蒙上了一层厚厚的阴霾。人们在想，难道还要继续“批邓”吗？难道还要搞“阶级斗争为纲”、“无产阶级专政下的继续革命”吗？难道“文化大革命”仍要继续搞下去，或者过七八年再来一次吗？如果真是那样，那中国可真是万劫不复了。当时，尚未复出的邓小平同志洞察出了“两个凡是”的要害，他以大无畏的精神指出：“两个凡是”不行。1977年4月，他给华国锋、叶剑英同志和党中央写信，提出用“准确的完整的毛泽东思想来指导我们全党、全军和全国人民”，并多次在不同场合表达反对“两个凡是”的意见。1977年3月，中共中央决定胡耀邦同志任中央党校副校长，主持中央党校工作。4月，他组织召开整风会议解决中央党校的“文革”遗留问题，直到9月才结束。期间，胡耀邦同志针对“文革”造成的全面混乱，提出要把“四人帮”颠倒了的思想是非、理论是非、路线是非再颠倒过来，要把遭到“四人帮”破坏的我们党的优良传统和优良作风恢复发扬光大。10月9日，叶剑英同志在中央党校复校的开学典礼上发34<br>— 钱穆 · 《钱穆国学作品集》 · p44	钱穆 钱穆国学作品集 历代政治得失胡耀 命题
关于「历代政治得失·耀邦同志」：突然蒙上了一层厚厚的阴霾。人们在想…？	突然蒙上了一层厚厚的阴霾。人们在想，难道还要继续“批邓”吗？难道还要搞“阶级斗争为纲”、“无产阶级专政下的继续革命”吗？难道“文化大革命”仍要继续搞下去，或者过七八年再来一次吗？如果真是那样，那中国可真是万劫不复了。当时，尚未复出的邓小平同志洞察出了“两个凡是”的要害，他以大无畏的精神指出：“两个凡是”不行。1977年4月，他给华国锋、叶剑英同志和党中央写信，提出用“准确的完整的毛泽东思想来指导我们全党、全军和全国人民”，并多次在不同场合表达反对“两个凡是”的意见。1977年3月，中共中央决定胡耀邦同志任中央党校副校长，主持中央党校工作。4月，他组织召开整风会议解决中央党校的“文革”遗留问题，直到9月才结束。期间，胡耀邦同志针对“文革”造成的全面混乱，提出要把“四人帮”颠倒了的思想是非、理论是非、路线是非再颠倒过来，要把遭到“四人帮”破坏的我们党的优良传统和优良作风恢复发扬光大。10月9日，叶剑英同志在中央党校复校的开学典礼上发34<br>— 钱穆 · 《钱穆国学作品集》 · p44	钱穆 钱穆国学作品集 历代政治得失耀邦 命题
关于「历代政治得失·胡耀邦」：表讲话，指出：希望在党校工作的同志…？	表讲话，指出：希望在党校工作的同志，来党校学习的同志，都来用心研究我们的党史，特别是第九次、第十次、第十一次路线斗争的历史。这实际上是要求研究总结整个“文化大革命”。之后，在胡耀邦同志的直接领导下，中央党校开展了总结“文化大革命”路线斗争的研究和讨论，其焦点是，到底应当以什么为标准来认识和判定历史是非，实际是有关真理标准的讨论。12月2日，在中央党校党委会议讨论总结方案时，胡耀邦同志明确提出了实践的标准，他说：“这十几年的历史，不能根据哪个文件、哪个人的讲话，要看实践，要用实践来检验。”胡耀邦同志提出了研究的两条重要原则：一是要完整地、准确地理解毛泽东思想，另一条是实践标准。据此，中央党校编写了《关于第九次、第十次、第十一次路线斗争的若干问题》，在党校800多名学员中讨论<br>— 钱穆 · 《钱穆国学作品集》 · p45	钱穆 钱穆国学作品集 历代政治得失胡耀 命题
关于「历代政治得失·胡耀邦」：主席讲的不一样，和华主席讲的不一样…？	"主席讲的不一样，和华主席讲的不一样，就不行。毛主席没有讲的，华主席没有讲的，你讲了，也不行。怎么样才行呢？照抄毛主席讲的，照抄华主席讲的，全部照抄才行。这不是一个孤立的现象，这是当前一种思潮的反映。这些同志讲这些话的时候，讲毛泽东思想的时候，就是不讲要实事求是，就是不讲要从实际出发。”“现在发生了一个问题，连实践是检验真理的标准都成了问题，简直是莫名其妙!”7月21日，邓小平找中宣部部长张平化谈话，指出：“不要再下禁令、设禁区了，不要再把刚刚开始的生动活泼的政治局面向后拉。”7月22日，邓小平同胡耀邦同志谈话，明确肯定和支持真理标准问题的讨论，指出：“《实践是检验真理的唯一标准》这篇文章是马克思主义的。争论不可避免，争得好。引起争论的根源就是‘两个凡1978年7月22日，邓小平同胡耀邦谈话，明确支持和肯定真理标准问题的讨论，指出争论不可避免，争得好。引起争论的根源就是“两个凡是""。36<br>— 钱穆 · 《钱穆国学作品集》 · p46"	钱穆 钱穆国学作品集 历代政治得失胡耀 命题
关于「历代政治得失·耀邦同志」：席讲的不一样，和华主席讲的不一样…？	"席讲的不一样，和华主席讲的不一样，就不行。毛主席没有讲的，华主席没有讲的，你讲了，也不行。怎么样才行呢？照抄毛主席讲的，照抄华主席讲的，全部照抄才行。这不是一个孤立的现象，这是当前一种思潮的反映。这些同志讲这些话的时候，讲毛泽东思想的时候，就是不讲要实事求是，就是不讲要从实际出发。”“现在发生了一个问题，连实践是检验真理的标准都成了问题，简直是莫名其妙!”7月21日，邓小平找中宣部部长张平化谈话，指出：“不要再下禁令、设禁区了，不要再把刚刚开始的生动活泼的政治局面向后拉。”7月22日，邓小平同胡耀邦同志谈话，明确肯定和支持真理标准问题的讨论，指出：“《实践是检验真理的唯一标准》这篇文章是马克思主义的。争论不可避免，争得好。引起争论的根源就是‘两个凡1978年7月22日，邓小平同胡耀邦谈话，明确支持和肯定真理标准问题的讨论，指出争论不可避免，争得好。引起争论的根源就是“两个凡是""。36<br>— 钱穆 · 《钱穆国学作品集》 · p46"	钱穆 钱穆国学作品集 历代政治得失耀邦 命题
关于「历代政治得失·胡耀邦」：国门初开的岁月们的思想来一个大解放”…？	国门初开的岁月们的思想来一个大解放”，要求部队干部要做马列主义、毛泽东思想和革命实践相结合的榜样。胡耀邦同志再次组织中央党校撰写了《马克思主义的最基本的一个原则》一文，反驳种种责难《实践是检验真理的唯J标准》的观点，又一次得到罗瑞卿同志的大力支持。为纪念毛泽东诞辰85周年，《红旗》杂志约请谭震林同志撰文。谭震林欣然应承，对约稿人说：“文章不能只讲历史，要从现实着眼，要我写文章我就要写实践是检验真理的唯一标准，说明毛泽东思想是从实践中来，又经过革命实践检验的科学真理。”谭震林的文章大部分都是有关支持实践标准的论述。1978年9月，邓小平在吉林视察。为了将讨论进一步引向深入，邓小平同志离开了北京，先后<br>— 钱穆 · 《钱穆国学作品集》 · p48	钱穆 钱穆国学作品集 历代政治得失胡耀 命题
关于「历代政治得失·胡耀邦」：徒或者恢复了组织生活，但仍留一个“尾巴”…？	徒或者恢复了组织生活，但仍留一个“尾巴”，……应当由中央组织部做出实事求是的结论。四、彭德怀的骨灰应该放到八宝山革命公墓。五、天安门事件……是几百万人悼念周总理、反对“四人帮”、不同意批判邓小平同志的一次伟大的群众运动。中央应该肯定这次运动。六、康生同志的错误是很严重的，中央应该在适当的会议上对他的错误给以应有的批评。陈云的发言得到了与会者的广泛赞同，从而把解决历史遗留问题推向高潮。谭震林同志指名道姓地批评“两个凡是”的错误。万里、王首道、康克清等同志积极支持陈云的发言，要求迅速解决这六个问题。胡耀邦同志发言要求把“文化大革命”中遗留的大是大非问题搞清楚。萧克同志发言要求为“二月逆流”平反……大家不仅要把“文化大革命”中颠倒了的大是大非问题颠倒过来，还对很多重大决策提出了新的建议。这次会议的特点是一边讨论，一边行动。11月14日，经中共中央政治局常委会批准，由北京市委出面为“天安门事件”平反。第二天《人民日报》发表了《实事求是，有错必纠》的社论，使广大群众感受到一种解冻的气氛。紧跟着，对“南京事件”（指1976年4月，南京群众纪念周恩来总理而引发的类似北京“天安门事件”的事件）宣布平反...<br>— 钱穆 · 《钱穆国学作品集》 · p76	钱穆 钱穆国学作品集 历代政治得失胡耀 命题
关于「历代政治得失·耀邦同志」：或者恢复了组织生活，但仍留一个“尾巴”…？	或者恢复了组织生活，但仍留一个“尾巴”，……应当由中央组织部做出实事求是的结论。四、彭德怀的骨灰应该放到八宝山革命公墓。五、天安门事件……是几百万人悼念周总理、反对“四人帮”、不同意批判邓小平同志的一次伟大的群众运动。中央应该肯定这次运动。六、康生同志的错误是很严重的，中央应该在适当的会议上对他的错误给以应有的批评。陈云的发言得到了与会者的广泛赞同，从而把解决历史遗留问题推向高潮。谭震林同志指名道姓地批评“两个凡是”的错误。万里、王首道、康克清等同志积极支持陈云的发言，要求迅速解决这六个问题。胡耀邦同志发言要求把“文化大革命”中遗留的大是大非问题搞清楚。萧克同志发言要求为“二月逆流”平反……大家不仅要把“文化大革命”中颠倒了的大是大非问题颠倒过来，还对很多重大决策提出了新的建议。这次会议的特点是一边讨论，一边行动。11月14日，经中共中央政治局常委会批准，由北京市委出面为“天安门事件”平反。第二天《人民日报》发表了《实事求是，有错必纠》的社论，使广大群众感受到一种解冻的气氛。紧跟着，对“南京事件”（指1976年4月，南京群众纪念周恩来总理而引发的类似北京“天安门事件”的事件）宣布平反，...<br>— 钱穆 · 《钱穆国学作品集》 · p76	钱穆 钱穆国学作品集 历代政治得失耀邦 命题
关于「历代政治得失·胡耀邦」：，带动其他地区、其他单位的人们向他们学习…？	"，带动其他地区、其他单位的人们向他们学习。这样，就会使整个国民经济不断地波浪式地向前发展，使全国各族人民都能比较快地富裕起来。”这是一个能够影响和带动整个国民经济的大政策。这就为后来经济特区的创立，以及全国各地和各个行业的改革，提供了重要的行动指针。这篇讲话不仅提出和回答了在历史转折关头党面临的一系列根本问题，明确了党在今后的主要任务和前进方向，而且也为即将召开的十一届三中全会确定了指导方针，实际上成为十一届三中全会的主题报告。这篇重要讲话，邓小平同志亲笔写了一个400字左右的发言提纲，并多次请胡耀邦、胡乔木、于光远、林涧青同志根据他的提纲，准备他在会上的讲话稿。这个提纲共三页纸，列出了七个问题：一、解放似4*儡希J.二.纲次阱狱啊.”1监幺I■切沁网刘做平沼例儆“好心叫泡几M做做赫利叼.炸却—“Z""一整驾电行秘如种.mH械犯附般篇初8，43涕〈收J2.纨上纷。■«?£以力£”彳力成3%俗?牝发局历十多小？由述磔僦L%.泓江、人如5?破冰启航，确立对外开放基本国策邓小平亲笔写的发言提纲67<br>— 钱穆 · 《钱穆国学作品集》 · p77"	钱穆 钱穆国学作品集 历代政治得失胡耀 命题
关于「历代政治得失·胡耀邦」：强烈反对同中国建交的参议员拉克索尔特在看了这场演出后说：“我们被他们打败了…？	强烈反对同中国建交的参议员拉克索尔特在看了这场演出后说：“我们被他们打败了，.谁也没法对唱中国歌的孩子们投反对票。双方签署了领事、贸易、科学技术、文化交流等协议。中国人民随着邓小平同志出访的电视镜头开始了解世界，上至高层下至百姓都不同程度地意识到了我们封闭得太久了。1981年6月，党的十一届六中全会通过了邓小平同志主持起草的《关于建国以来党的若干历史问题的决议》。这个决议，”邓小平与卡特总统最后一次会谈时,邓小平为《关于建国以来党的若干历史问题的决议》的起草付出了智慧和心血。左起：陈云、邓小平、胡耀邦、李先念。总结了建国以来的历史经验，彻底否定了“文化大革命”，科学地评价了毛泽东同志，坚决维护了毛泽东同志的历史地位和毛泽东思想科学体系的指导意义，正确解决了一个关系党和国家命运的重大战略问题。这是新时期邓小平同志作出的历史性贡献。70<br>— 钱穆 · 《钱穆国学作品集》 · p80	钱穆 钱穆国学作品集 历代政治得失胡耀 命题
关于「历代政治得失·胡耀邦」：民同志请陪同他的广东省经济特区管理委员会副主任、深圳市委副书记秦文俊回去跟他们谈…？	民同志请陪同他的广东省经济特区管理委员会副主任、深圳市委副书记秦文俊回去跟他们谈。属于要由邮电部解决的问题，他找邮电部部长朱学范帮助解决。袁庚同志很快请邮电部及其所属的省、市邮电局的专家来蛇口参观考察，他们认为解决通讯问题在技术上是可行的。他原以为蛇口的通讯问题可顺利解决了，但没想到还是解决不了。邮电部门坚持通讯设施由特区出资建设，但经营管理权属邮电部门，电话费必须由邮电部门收，长途电话和香港通话必须经长途局，不能直拨。袁庚同志在无奈中，不得不把蛇口遇到的问题设法向中央反映。1980年9月3日，胡耀邦总书记看到新华社一份题为《蛇口工业区建设中碰到的几个“卡脖子”问题》的内参，当即作了如下批示：谷牧同志：中央现在决心坚决反掉各种形形色色的官僚主义，这个特区是否确有卡脖子的官僚主义，是否有拦路打劫的官僚主义，建议你抓住这个麻雀，弄个水落石出，必要时制裁一点人（最好是采取经济制裁），否则不但官僚主义克服不了，四化也遥遥无期。谷牧立即要求国家进出口委研究落实胡耀邦同志的批示。1980年9月12日，国家进出口委召集专题会议，由江泽民同志主持，研究解决蛇口工业区建设中碰到的四个“卡脖子”问题。邮电...<br>— 钱穆 · 《钱穆国学作品集》 · p87	钱穆 钱穆国学作品集 历代政治得失胡耀 命题
关于「历代政治得失·耀邦同志」：必须由邮电部门收，长途电话和香港通话必须经长途局…？	必须由邮电部门收，长途电话和香港通话必须经长途局，不能直拨。袁庚同志在无奈中，不得不把蛇口遇到的问题设法向中央反映。1980年9月3日，胡耀邦总书记看到新华社一份题为《蛇口工业区建设中碰到的几个“卡脖子”问题》的内参，当即作了如下批示：谷牧同志：中央现在决心坚决反掉各种形形色色的官僚主义，这个特区是否确有卡脖子的官僚主义，是否有拦路打劫的官僚主义，建议你抓住这个麻雀，弄个水落石出，必要时制裁一点人（最好是采取经济制裁），否则不但官僚主义克服不了，四化也遥遥无期。谷牧立即要求国家进出口委研究落实胡耀邦同志的批示。1980年9月12日，国家进出口委召集专题会议，由江泽民同志主持，研究解决蛇口工业区建设中碰到的四个“卡脖子”问题。邮电部、外贸部、海关总署、劳动总局、科技局等负责同志与会，就安装通讯设备问题，请邮电部特事特办，给予“松绑”，确定在深圳市的通讯设备解决前，蛇口工业区先安装一台进口的专用交换机，可直拨香港，第二年三四月份投入运行，由招商局自己管理。其他问题，技术工人和技杀出一条血路，创办经济特区77<br>— 钱穆 · 《钱穆国学作品集》 · p87	钱穆 钱穆国学作品集 历代政治得失耀邦 命题
关于「历代政治得失·胡耀邦」：1983年2月9日，胡耀邦（前排中）在任仲夷（后排左一）、袁庚（前排左一）的陪同…？	1983年2月9日，胡耀邦（前排中）在任仲夷（后排左一）、袁庚（前排左一）的陪同下视察蛇口工业区。国门初开的岁月是对干部和劳动体制的改革。蛇口有许多第一：首先吸引外商投资；首先向境外举债，首先获得审批项目的自主权；首先实行企业自主经营，自负盈亏；1980年3月28日，他们还首先试行了干部、职工招聘制，竞争上岗。1983年经来视察的胡耀邦同志同意，蛇口试行了由群众推举、考核干部。1983年4月24日，蛇口第一届管委会15名干部，经民主测评推荐候选人，再经2000多人选举产生。调入蛇口的干部的工资级别只能存入档案，在蛇口的工<br>— 钱穆 · 《钱穆国学作品集》 · p92	钱穆 钱穆国学作品集 历代政治得失胡耀 命题
关于「历代政治得失·谷牧」：投石问路，了解外部世界看.国门初开的岁月党中央、国务院在调查研究…？	投石问路，了解外部世界看.国门初开的岁月党中央、国务院在调查研究，总结经验教训，拨乱反正，调整思想路线的同时，为了解当时外部世界的实际情况，决定派一些领导干部出国实地考察，了解国际发展情况，学习发展经验。谷牧考察西欧1978年5月，中央派谷牧副总理率领代表团赴西欧考察。这是新中国成立后，我国向西方国家派出的第一个由国家领导人担任团长的政府经济代表团。成员中有水电部钱正英、国家建委（作者篆刻）彭敏、农林部张根生、北京市叶林、广东省王全国、山东省杨波等省部级干部，还有王维成、严明以及谷牧同志办公室的李潮、胡光宝等六位司局级干部。出发之前，邓小平同志专门找谷牧同志谈话，要求出访考察时广泛接触，详细调查，深入研究一些问题，了解人家现邓小平和谷牧在一起。1978年4月底，邓小平找即将出访欧洲五国的谷牧等谈话，<br>— 钱穆 · 《钱穆国学作品集》 · p62	钱穆 钱穆国学作品集 历代政治得失谷牧 命题
关于「历代政治得失·谷牧」：1978年5月，谷牧（前排右六）与出访西欧的全体人员合影…？	1978年5月，谷牧（前排右六）与出访西欧的全体人员合影。他们留下了深刻的印象。但战后联邦德国大力发展新兴工业，积极开展国际贸易，短短十几年，就实现了快速恢复和现代化。在考察中，他们看到的30年后的联邦德国，是如此先进和繁荣，普遍实现了电气化和自动化，代表团的同志们都震惊了。他们在感到我国落后的同时，也增强了振兴国家的信心。谷牧同志访欧期间，在看到我国与欧洲各国在经济、科技等方面的巨大差距的同时，也感受到了所到各国官员和企业界人士同中国发展经贸关系的强烈愿望。在与法国总统德斯坦会见时，法国驻华大使对谷牧说：“听说你<br>— 钱穆 · 《钱穆国学作品集》 · p63	钱穆 钱穆国学作品集 历代政治得失谷牧 命题
关于「历代政治得失·谷牧」：，然而这些内容在当时可以说是惊天动地的大事…？	，然而这些内容在当时可以说是惊天动地的大事。经过上述酝酿和筹备，1979年7月20日，蛇口工业区开始正式运作，基础工程破土动工，响起蛇口开山第一炮。通过移山填海兴建码头，花了近一年时间建成600米的码头泊位，可停靠5000吨以下的货船，与香港互通航班客轮和货船，解决了交通运输的瓶式破％覆：瓢窝就紫鼾笨颈。就这样，在当年林则徐、关天培率领中国军队向炮被后人称之为中国改革开放第一炮。英国侵略者打响第一炮的蛇口左炮台下，中国经济特区的发物地蛇口工业区诞生了。在国内划一块地方，由驻港企业1979年5月，谷牧视察深圳蛇口。按香港方式来经营，在过去不仅没有做过，连想也没有人敢想过。事情定下来后，在交通部内部就引起了不少不同意见，有人说袁庚同志是“不务正业”，还断定他会“人财两空”；甚至在招商局内也有少数人不同意办工业区。然而，与此形成鲜明对比的是，当香港的一些大财团得知这一信息后，羡慕无比。李嘉诚、冯景禧、胡应湘等找袁庚商量：“袁先生，你杀那个地方能不能给点我们,把中央政府给你们的权力也给点我们，我们一起来搞。两年后的1981年12月,港督麦里浩访问蛇口，看了那里的建设速度，十分惊叹，认为蛇口的速...<br>— 钱穆 · 《钱穆国学作品集》 · p85	钱穆 钱穆国学作品集 历代政治得失谷牧 命题
关于「历代政治得失·谷牧」：口工业区在创建初期遇到的困难是现在难以想象的…？	口工业区在创建初期遇到的困难是现在难以想象的。除了思想认识和体制上的障碍外，在建设上也遇到许多“卡脖子”的问题。例如，工业区外有一条7公里的专用公路快要修竣时，施工部门硬是在工业区入口200米处留下一段不铺沥青路面。这国门初开的岁月样，雨天时，泥浆、石子加雨水，使这段路形同沼泽，严重影响工业区的交通，也有碍观瞻。又如蛇口当时是一个落后的渔村，根本没有现代通讯设施，打电话十分困难，他们想建一个微波通讯站，也遇到钉子精神重重阻力等等。（作者篆刻）国家进出口委副主任江泽民同志于1980年3月22日陪同谷牧同志视察蛇口，蛇口的对外开放、改革、发展、变化给他留下深刻的印象，对他们遇到的困难也记在心头。8月8日，江泽民同志又来到蛇口。在实地考察，与工业区负责同志许智明等人座谈后，他高度评价蛇口近几个月又取得新的进展，“蛇口工业区建设速度快、有章法、效果好”。对他们遇到的许多困难问题，江泽民同志指出：“我们在四化建设中确实碰到许多问题。我认为有些是认识问题，因为特区是个新事物，而我们长期闭关自守（也有外国长期对我封锁的影响），对国外新情况缺乏了解，因此，想的，做的，常常是老框框，这些认识问题，我认为...<br>— 钱穆 · 《钱穆国学作品集》 · p86	钱穆 钱穆国学作品集 历代政治得失谷牧 命题
关于「历代政治得失·谷牧」：的问题，他找邮电部部长朱学范帮助解决…？	的问题，他找邮电部部长朱学范帮助解决。袁庚同志很快请邮电部及其所属的省、市邮电局的专家来蛇口参观考察，他们认为解决通讯问题在技术上是可行的。他原以为蛇口的通讯问题可顺利解决了，但没想到还是解决不了。邮电部门坚持通讯设施由特区出资建设，但经营管理权属邮电部门，电话费必须由邮电部门收，长途电话和香港通话必须经长途局，不能直拨。袁庚同志在无奈中，不得不把蛇口遇到的问题设法向中央反映。1980年9月3日，胡耀邦总书记看到新华社一份题为《蛇口工业区建设中碰到的几个“卡脖子”问题》的内参，当即作了如下批示：谷牧同志：中央现在决心坚决反掉各种形形色色的官僚主义，这个特区是否确有卡脖子的官僚主义，是否有拦路打劫的官僚主义，建议你抓住这个麻雀，弄个水落石出，必要时制裁一点人（最好是采取经济制裁），否则不但官僚主义克服不了，四化也遥遥无期。谷牧立即要求国家进出口委研究落实胡耀邦同志的批示。1980年9月12日，国家进出口委召集专题会议，由江泽民同志主持，研究解决蛇口工业区建设中碰到的四个“卡脖子”问题。邮电部、外贸部、海关总署、劳动总局、科技局等负责同志与会，就安装通讯设备问题，请邮电部特事特办，给予“松...<br>— 钱穆 · 《钱穆国学作品集》 · p87	钱穆 钱穆国学作品集 历代政治得失谷牧 命题
关于「历代政治得失·薄一波」：表本国政府在中苏科技合作协定、贷款协定和苏联援助中国新建工业项目的议定书上签字…？	表本国政府在中苏科技合作协定、贷款协定和苏联援助中国新建工业项目的议定书上签字。毛泽东（右三）、刘少奇（右一）、朱德（右二）和赫鲁晓夫（右四）等中苏两国领导人出席签字仪式。建国之初，毛泽东同志赴苏联谈判签订中苏友好条约。继而由周恩来、李富春等同志与苏联具体商谈，从苏联引进建设了156个重大项目，也从东欧国家引进建设了一些成套项目，这些项目多数在当时也是国际先进水平。为了掌握这些技术，据不完全统计，从1949年到1960年，我国聘请来华的专家共2万多人，派出去1984年12月24日，陈云（左一）、薄一波（左二）在北京会见苏联部长会议第一副主席阿尔希波夫（右一，曾于20世纪50年代任苏联援华专家组组长）。的留学生、实习生约1万人，再加上从欧美学成回国的学者、专家，汇聚成了一支新中国的科技人才的生力军。与此同时，中央号召各级干部和广大职工用各种方式学文化、学科技、学管理，全党全国掀起了破冰启航，确立对外开放基本国策13<br>— 钱穆 · 《钱穆国学作品集》 · p23	钱穆 钱穆国学作品集 历代政治得失薄一 命题
关于「历代政治得失·华国锋」：尽快出来工作。1977年2月，中央一些报刊发表了《学好文件抓住纲》的社论…？	尽快出来工作。1977年2月，中央一些报刊发表了《学好文件抓住纲》的社论，提出“凡是毛主席作出的决策，我们都坚决维护，凡是毛主席的指示，我们都始终不渝地遵循”，即“两个凡是”。其实质是要维护毛主席晚年发动“文化大革命”的错误，包括“批邓”和悼念周总理、反对“四人帮”的“天安门事件”都不能翻案。社论的发表使许多老同志们意识到问题的严重性，他们在用各种方式表达自己对“两个凡是”的不同意见的同时，也在为推动邓小平的复出而加紧做工作。1977年3月10日至22日，中共中央召开工作会议，会前，叶剑英同志对华国锋同志的讲话稿提出两条意见：“一是‘天安门事件’是冤案，要平反；二是对邓小平同志的评价，应该把提法换一下，为小平同志出来工作创造条件。”3月13日，陈云同志在书面发言中指出：“为了中国革命和中国共产党的需要，听说中央有些同志提出让邓小平同志重新参加党中央的领导工作，是完全正确、完全必要的，我完全拥护。”王震也对阻挠为“天安门事件”平反和邓小平复出的人进行了批评。他说：“邓小平政治思想强，人才难得，这是毛主席讲的、周总理传达的。1975年他主持中共中央和国务院的工作，取得了巨大成绩。他是同‘四...<br>— 钱穆 · 《钱穆国学作品集》 · p41	钱穆 钱穆国学作品集 历代政治得失华国 命题
关于「历代政治得失·华国锋」：产阶级文化大革命的又一个伟大胜利”…？	产阶级文化大革命的又一个伟大胜利”，今后必须“把无产阶级专政下的继续革命进行到底”。正是在这种背景下，宣扬“两个凡是”的文章发表后，仍沉浸在欢乐和希望之中的全国人民，心中突然蒙上了一层厚厚的阴霾。人们在想，难道还要继续“批邓”吗？难道还要搞“阶级斗争为纲”、“无产阶级专政下的继续革命”吗？难道“文化大革命”仍要继续搞下去，或者过七八年再来一次吗？如果真是那样，那中国可真是万劫不复了。当时，尚未复出的邓小平同志洞察出了“两个凡是”的要害，他以大无畏的精神指出：“两个凡是”不行。1977年4月，他给华国锋、叶剑英同志和党中央写信，提出用“准确的完整的毛泽东思想来指导我们全党、全军和全国人民”，并多次在不同场合表达反对“两个凡是”的意见。1977年3月，中共中央决定胡耀邦同志任中央党校副校长，主持中央党校工作。4月，他组织召开整风会议解决中央党校的“文革”遗留问题，直到9月才结束。期间，胡耀邦同志针对“文革”造成的全面混乱，提出要把“四人帮”颠倒了的思想是非、理论是非、路线是非再颠倒过来，要把遭到“四人帮”破坏的我们党的优良传统和优良作风恢复发扬光大。10月9日，叶剑英同志在中央党校复校的开...<br>— 钱穆 · 《钱穆国学作品集》 · p44	钱穆 钱穆国学作品集 历代政治得失华国 命题
关于「历代政治得失·华国锋」：通旭44U*纣次.血氯嗯%以，唱4斛四即援也闷幻”|律陆20（今4姆•般喻许@-…？	通旭44U*纣次.血氯嗯%以，唱4斛四即援也闷幻”|律陆20（今4姆•般喻许@-------------淘”5：十肛隐林加依能申用U1甲轧乞南用琳s伴2曲。氏才X独吊1嘴保甲用箱不,於他耽必法;粒敏标依邪彳虬*上图,愣3；才占的一伪队,t林鼎i豺#删他国L325a以械4©雪，，外.我.分的勿*.g婢嫌*，短小讯始H蜩W4士侬印空出血Li班鹿琮.忙'•一一邓小平对教育部《关于1977年高等教育招生工作的意见》的请示报告的两次批示和应届毕业生,育部〈关于1977年高等学校招生工作的意见〉》等文件批送华国锋同志：“此事较急，请审阅后，批印政治局会议讨论批准。建议近几日内开一次政治局会议，连同《红旗》杂志关于教育的评论员文章（前已送阅）一并讨论。”华国锋同志很快批示印送中央政治局各同志。10月5日，中央政治局讨论并原则通过了《关于1977年高等学校招生工作的意见》，也提出了一些修改意见。10月7日，邓小平同志在教育部再次修改后的《意见》上批示：“我看可以。华主席、剑英、先念、东兴、方毅同志核示，退教育部办。”当天，华国锋等领导同志圈阅同意。10月12日，国务院转发了《关于1977年高等学校招生...<br>— 钱穆 · 《钱穆国学作品集》 · p58	钱穆 钱穆国学作品集 历代政治得失华国 命题
关于「历代政治得失·万里」：院，直到七七抗战以后由我们党向国民党要出来的一批党员…？	院，直到七七抗战以后由我们党向国民党要出来的一批党员，……现在被定为叛徒或者恢复了组织生活，但仍留一个“尾巴”，……应当由中央组织部做出实事求是的结论。四、彭德怀的骨灰应该放到八宝山革命公墓。五、天安门事件……是几百万人悼念周总理、反对“四人帮”、不同意批判邓小平同志的一次伟大的群众运动。中央应该肯定这次运动。六、康生同志的错误是很严重的，中央应该在适当的会议上对他的错误给以应有的批评。陈云的发言得到了与会者的广泛赞同，从而把解决历史遗留问题推向高潮。谭震林同志指名道姓地批评“两个凡是”的错误。万里、王首道、康克清等同志积极支持陈云的发言，要求迅速解决这六个问题。胡耀邦同志发言要求把“文化大革命”中遗留的大是大非问题搞清楚。萧克同志发言要求为“二月逆流”平反……大家不仅要把“文化大革命”中颠倒了的大是大非问题颠倒过来，还对很多重大决策提出了新的建议。这次会议的特点是一边讨论，一边行动。11月14日，经中共中央政治局常委会批准，由北京市委出面为“天安门事件”平反。第二天《人民日报》发表了《实事求是，有错必纠》的社论，使广大群众感受到一种解冻的气氛。紧跟着，对“南京事件”（指1976年4月...<br>— 钱穆 · 《钱穆国学作品集》 · p76	钱穆 钱穆国学作品集 历代政治得失万里 命题
关于「历代政治得失·万里」：假如半年后仍然是一天卖一瓶汽水，我就回香港…？	假如半年后仍然是一天卖一瓶汽水，我就回香港！”于是，双方达成合办购物中心的意向。他们便上报省有关部门审批，可是对这种无章可循“破天荒”的事，谁也不愿沾边，互相推诿，杳无音信。除了购物中心迟迟不能批准外，蛇口与香港的海上通航问题，由于种种原因也无法解决。这时袁庚不得不再次通过上次同样的渠道向中央反映情况。1981年10月16日新华社内参上刊登了《深圳蛇口特区建设在两个问题上遇到困难》的文章，反映蛇口遇到的“购物中心”不能开办和蛇口至香港之间不能通航两个问题，使中央及省委关于特区建设的指示无法落实。万里同志批示：请谷牧同志过问一下此事。谷牧同志批示：明天议一下。江泽民同志见到这份内参时，继一年前帮助蛇口解决四个“卡脖子”问题后，再一次帮助蛇口解困。经与有关部门协调，10月24日，他给谷牧同志写了一份专题报告，提出了解决问题的意见：谷牧副总理：《国内动态清样》第2492期反映深圳蛇口特区建设中的两个问题，经与王润生（作者注：时任海关总署署长）、王斗光（作者注：时任海关总署副署长）同志商议，并向蛇口建设指挥部了解了情况。解决意见如下：一、蛇口“购物中心”开办问题。中发[1981]27号文件规定...<br>— 钱穆 · 《钱穆国学作品集》 · p89	钱穆 钱穆国学作品集 历代政治得失万里 命题
关于「历代政治得失·万里」：字之亍■+*3，阻人找5£呆,运％出过+-41工+'…？	"字之亍■+*3，阻人找5£呆,运％出过+-41工+'。布if*以抠/*至高水卜/%G+B""1981年10月，江泽民就蛇口购物中心等问题给谷牧的信。二、蛇口港口对客轮开放问题，今年9月26日国务院办公厅(81)国办函字75号文件已批准蛇口口岸对客轮开放。蛇口指挥部认为联检设施条件均已具备，只待海关派人进驻即可开放。海关则反映，文件刚下达，九龙海关目前人员尚不敷应用，立即开放还有问题。现经协商初步定于11月15日派人进抽，最迟不超过11月20日开放。特此报告，妥否请示。江泽民1981年10月24日在万里、谷牧同志的过问下，11月12日，由江泽民同志签发的国家进出口委《关于蛇口工业区“购物中心”及港口开放问题的处理意见》((81)进出综字第061号)，下发广东省经济特区管理委员会，袁庚的两大难题终于得到了明确的答复。经过半年多的筹备，1982年6月23日我国第一家合资的“购物中心”顺利开业了，而开业的第一天不但8o<br>— 钱穆 · 《钱穆国学作品集》 · p90"	钱穆 钱穆国学作品集 历代政治得失万里 命题
关于「历代政治得失·华国锋」：加出口，这是两地经济发展的主要途径…？	加出口，这是两地经济发展的主要途径。报告指出：要切实把宝安、珠海两个基地建设好。大办副食品生产基地，增加鲜活商品出口；积极发展建筑材料工业和加工工业；开辟游览区，办好商业、服务业和文娱场所。报告提出，为了把两个县尽快建设好，有必要实行某些特殊管理办法，建议把宝安、珠海两县改为两个省辖市（相当于地级市），派得力干部，加强领导力量。同时，报告还就充分发挥我驻港澳贸易机构的作用、利用港澳大力发展对外加工装配业务、加强我在港澳的经济力量、加强港澳地区经济工作的统一领导等进行了分析，提出了建议。6月3日，华国锋等党中央、国务院领导同志听取了赴港澳经济贸易考察组的汇报，指出：这个报告，总的同意，凡是看准了的，就要抓紧落实，说干就干，把它办起来。随后，根据国务院领导指示，国务院办公室将《港澳经济考察报告》作为参阅文件，印发有关地方和部门。1978年4月初，习仲勋同志到广东担任省委第二书记，主持广东省的日常工作。面对困难重重的经济局面，他重点考虑如何解放思想，调动一切积极因素，尽快把经济搞上去。6月，习仲勋主持召开省委常委会议，专门听取省革委会副主任王全国参加谷牧副总理率领的赴西欧五国考察团的情况汇报...<br>— 钱穆 · 《钱穆国学作品集》 · p94	钱穆 钱穆国学作品集 历代政治得失华国 命题
关于「历代政治得失·华国锋」：、加快发展的要求。这次中央工作会议期间…？	、加快发展的要求。这次中央工作会议期间，邓小平等中央领导同志听取了习仲勋等同志的汇报。习仲勋在汇报中提出，希望中央下放若干权力，让广东在对外经济活动中有必要的自主权；允许在毗邻港澳的深圳、珠海和重要侨乡汕头市举办出口加工区等设想。习仲勋同志说，我们省委讨论过，这次来开会，希望中央给点权，让广东能够充分利用自己的有利条件在四个现代化建设中先走一步。这个提议，引起了中央领导高度重视。邓小平同志表示：“广东、福建实行特殊政策，利用华侨资金、技术，包括设厂，这样搞不会变成资本主义。因为我们赚的钱不会装到华国锋同志和我们这些人的口袋里，我们是全民所有制。如果广东、福建两杀出一条血路，创办经济特区87<br>— 钱穆 · 《钱穆国学作品集》 · p97	钱穆 钱穆国学作品集 历代政治得失华国 命题
关于「历代政治得失·华国锋」：£为国门初开的岁月1979年6月23日…？	£为国门初开的岁月1979年6月23日，华国锋同志在第五届全国人大二次会议广东代表团讨论会上讲话时说：“中央、国务院下决心，想给广东搞点特殊政策，自主权大一些。同志们提出，中央也同意在深圳、珠海搞特区，搞成特区可能发展快一些。因为广东和别的省不一样，广东是祖国的南大门，面对港澳，实现四个现代化，广东能够发展得快一点。我派谷牧同志去那里，专门做了些调查研究，听取了省领导和各方面意见，回来后给中央写了个报告。”党中央、国务院对广东、福建两省的报告十分重视，进行了认真研究，决定予以批转，确定对两省实行特殊政策和灵活措施。7月17日，姚依林同志将《<br>— 钱穆 · 《钱穆国学作品集》 · p100	钱穆 钱穆国学作品集 历代政治得失华国 命题
关于「历代政治得失·姚依林」：23日，华国锋同志在第五届全国人大二次会议广东代表团讨论会上讲话时说：“中央、国…？	23日，华国锋同志在第五届全国人大二次会议广东代表团讨论会上讲话时说：“中央、国务院下决心，想给广东搞点特殊政策，自主权大一些。同志们提出，中央也同意在深圳、珠海搞特区，搞成特区可能发展快一些。因为广东和别的省不一样，广东是祖国的南大门，面对港澳，实现四个现代化，广东能够发展得快一点。我派谷牧同志去那里，专门做了些调查研究，听取了省领导和各方面意见，回来后给中央写了个报告。”党中央、国务院对广东、福建两省的报告十分重视，进行了认真研究，决定予以批转，确定对两省实行特殊政策和灵活措施。7月17日，姚依林同志将《中共中央、国务院批转广东省委、福建省委关于实行特殊政策和灵活措施的两个报告》的印刷清样批请胡耀邦同志批示。第二天，胡耀邦同志阅后在文件标题和文中多处加上“对外经济活动”，将文中一小标题“实行特殊的经济管理体制”中的“特殊”改为“新”，并给华国锋同志写了一封短信：华主席：口头上讲“特殊政策”是一种简化的说法，写在中央文件上，恐引起党内外误会，经与谷牧、依林同志商量，前面加了一个“对外经济活动”的限制词。这个文件是否也可发其他省市委一份？这对他们也可起思想上的鼓舞和启发作用。请考虑。（...<br>— 钱穆 · 《钱穆国学作品集》 · p100	钱穆 钱穆国学作品集 历代政治得失姚依 命题
关于「历代政治得失·薄一波」：中央、国务院的《关于试办经济特区的初步总结》上批示：“看了广东10月22日试办特…？	中央、国务院的《关于试办经济特区的初步总结》上批示：“看了广东10月22日试办特区初步总结，很好。”“特区要办，必须不断总结经验，力求使特区办好。”1983年3月，王震同志到广州考察，当他听说有人认为建特区是发展了资本主义时，气愤地说：“这些人比那些办洋务的还落后，还不如那时的郑观应。说什么走私增多了，资产阶级思想腐蚀了，不开放就没有走私啦？照样有。关键是看你怎么管。一定要开放，闭关自守只能造成落后。”1981年10月，薄一波同志考察深圳时指出：要充分认识办特区的意义，要有高度的自觉性；合资经营、合作经营、独资经营，我看都可以搞，不要怕；你们搞了旅游业、房地产业还不够，还要搞一些规模大的工业，真正形成经济特区，没有工业不行；中央对经济特区的政策不会变，你们要有信心，一定要搞成。邓小平同志和其他中央领导同志的支持，极大地鼓舞着经济特区的建设者，进一步坚定了同志们办经济特区的信心和决心。当时，大多数经济理论工作者的理论倾向是支持对外开放，赞成兴办特区的。在特区的性质问题上，多数人的看法是：在经济特区中，国有、集体和个体经<br>— 钱穆 · 《钱穆国学作品集》 · p151	钱穆 钱穆国学作品集 历代政治得失薄一 命题
关于「历代政治得失·胡启立」：量、技术水平和企业素质上来。2.这些老的经济中心城市…？	量、技术水平和企业素质上来。2.这些老的经济中心城市，基础设施和城市建设欠账太多，创造一个较好的投资环境短期内难以做到，有条件的城市可以考虑先办个小区，集中力量建设水、电、路、通信等硬件环境，搞好管理服务，形成吸收外商投资的“小气候”。这就是后来批准举办的经济技术开发区。3.拟开放的各沿海港口城市情况不同，不能一刀切，要分类指导，一个一个审批开放方案。4.首先要训练干部，提高认识，更新观念。这些设想得到了中央领导同志的赞同。1984年3月26日，中央书记处、国务院召开沿海部分城市座谈会，由谷牧和胡启立同志主持。到会的有上海、天津、山东、江苏、浙江、辽宁、福建、广东、广西等省、区、市和有关省辖市及经济特区的负责同志，还有党中央、国务院、中央军委40多个部门的负责同志。会议开头，由谷牧同志发言。他首先传达了邓小平同志在1984年21984年3月26日―4月6日，中共中央书记处、国务院联合召开沿海部分城市座谈会，建议进一步开放大连、天津等14个沿海港口城市。图为4月6日邓小平在中南海接见参加座谈会的全体同志。第二排左二为作者。月24日关于特区工作和扩大对外开放一批沿海城市，如上海、天津、大连...<br>— 钱穆 · 《钱穆国学作品集》 · p168	钱穆 钱穆国学作品集 历代政治得失胡启 命题
案例：人名, 事件, 调研（《以利为利》）	改革开放的过程是一个宏观的经济和社会转型的过程。在这个过程中，政府逐步放权让利，私有产权从无到有，市场经济逐渐成为配置、调节资源的主要手段，这是我们理解中国经济持续、高速增长的关键。但是，政府放权和市场成长是两个紧密相连的过程。中国改革的“渐进”特色，在于市场经济的发展始终是政府放权的结果，市场对于经济资源的配置和调节，始终是以政府放权为前提条件。离开对政府行为的深入理解，我们便很难理解中国经济发展中的一些重要特征，这些特征包括私有产权和民营经济的发展在<br>— 周飞舟 · 《以利为利》	周飞舟 以利为利 案例
案例：人名, 调研（《以利为利》）	以利为利：财政关系与地方政府行为镇企业的主要动力①。在包干制下，地方政府逐渐成为了追求地方经济和财政收入增长的利益主体。无论是我们从公共财政学派的视角还是从公共选择学派的视角观察，全力追求地方经济增量的增长带来的财政收人的增长既“长远”地符合地方社会的利益，也符合地方政府自身的利益②。戴慕珍运用了“地方国家公司主义”（Local - State corporatism）的概念来描述地方政府以经济利益最大化为指向的行为特征。这种特征突出地表现在地方政府的“公司<br>— 周飞舟 · 《以利为利》	周飞舟 以利为利 案例
案例：案例, 调研（《以利为利》）	③ 参见张罔龙（2C踊〉细致的案例研究：“财政分权与省以下政府关系的演变”，《社会学研究》第3 期。<br>— 周飞舟 · 《以利为利》	周飞舟 以利为利 案例
案例：人名, 事件（《以利为利》）	-2-笙二童序论：政府行：；／与中央二远方：是系的人事权则一直是高度集中的。人事权的高度集中与财政支出权限的权力下放构成了有些学者指出的“晋升锦标赛”的基本背景①。在这种锦标赛体制下，地方政府会想方设法来达到中央政府设定的目标。事实上，在改革开放的三十年里，中央和地方都以经济的高速增长为首要的目标。在中央政府看来，经济发展是社会稳定的前提，而在地方政府看来，经济增长既符合中央政府的设定目标，更符合自身的主体利益，所以，只要中央采取积极的甚至<br>— 周飞舟 · 《以利为利》	周飞舟 以利为利 案例
案例：人名, 事件, 调研（《以利为利》）	这种控制和动员能力是改革前计划经济体制的产物，和改革后市场经济的发展存在着明显的矛盾。市场转型要求政府放权，但是政府要保持其强大的推动经济增长、调节社会分配以及其他方面的能力，则必然要求拥有全面的主导和控制能力。这种内在矛盾为我们理解中国经济和社会的变化提供了一个观察的角度。进人新世纪以来，随着改革所积累的社会矛盾日益突出，社会不平等程度加剧，这种矛盾便显得十分醒目。到底是以市场化改革促发展，还是以政府调节实现社会平等和经济增长，在意识形态方面就表现为所<br>— 周飞舟 · 《以利为利》	周飞舟 以利为利 案例
案例：人名, 事件（《以利为利》）	谓“右派”和“左派”的激烈争论。从最近几年的发展态势来看，政府主导已经成为推动中国经济和社会变化的最为重要的力量，在2008 年国际金融危机爆发之后这种趋势尤为明显。无论是所谓的“国进民退”的结构变化，还是激进经济剌激政策带来的大规模投资热潮，一直到全国各地大兴土木的经①这是近年来政治学研究中的重要成彼之一，主要参见包括周黎安（统附则，“晋升憾奔中政府官员的激励与合作一一兼论我国地方保护主义和重复建设问擅长期存在的原因” ，<br>— 周飞舟 · 《以利为利》	周飞舟 以利为利 案例
案例：人名, 事件（《以利为利》）	社会学对于地方政府行为的研究在社会学研究的视野中，中国社会转型的过程是国家和社会关系发生剧烈变化的过程。改革前，国家垄断了所有社会资源的分配，摧毁了几乎所有非国家的政治和社会组织，建立了一种“夷平化”的总体性社会。从这个起点出发，转型不但是一个国家和政府逐步放权让利，由市场来配置资源的过程，而且也是一个社会力量生长、发展和逐渐活跃的过程。社会学家将后者笼统地称为“体制外” 力量和体制外资源，这是相对于政府力量和政府控制<br>— 周飞舟 · 《以利为利》	周飞舟 以利为利 案例
案例：人名, 事件, 案例（《以利为利》）	“体制内”资源而言的①。政府和社会、体制内和体制外似乎构成了一个“理想类型”的两极，转型便被理解为从一极向另外一极的转化。但是，三十年来中国社会转型的实践却没有这么理想。虽然市场的作用不断扩大，“体制外”的力量不断成长，但是国家和政府的控制并没有明显的弱化，许多重要的市场要素如资本、土地乃至劳动力的配置权力仍然掌握在政府手中③。与改革前不同的只是其控制的手段和方式出现了明显的变化。在经济上，政府对企业由管理控制、利润控制转向税收和土地调控，政府和政府官员仍然与地<br>— 周飞舟 · 《以利为利》	周飞舟 以利为利 案例
案例：人名, 案例（《以利为利》）	方企业保持着千丝万缕的联系，同时对政治和社会组织以及社会事务方面的控制仍然强大。这使得体制外力量虽然有所发展，但是却呈现出“碎片化”的态势③。这些力量不但没有发展成为政府之外的制衡力量，而且由于其非组织化、非政治化的特点，反而呈现出和政府力量逐渐融合和同化的画势，那些不能融合的力量则被“抛出”主流社会之外而成为弱势群体，例如农民、农民工和从企业改制、转型中产生的下岗工人。用一些社会学家的话来说，转型中的中国社会表现出“断裂”的特征，这也是随着经济的快速增长，财<br>— 周飞舟 · 《以利为利》	周飞舟 以利为利 案例
案例：人名, 案例（《以利为利》）	相对于乡镇企业的研究，在三农问题中，政府和农民的关系则显得有所不同。在三农问题中，社会学从政府和农民关系人手的研究主要在农民负担和村委会选举等方面。关于农民负担，出现了一系列有关衬干部收取税费的研究。这些研究通过细致分析收取税费的过程，指出国家和农民关系在实践中独特的表现形态。尽管税费负担是国家被取资源的主要形式，而且农村税负过重是一个既成事实，但是政府在和农民的互动中仍然表现出复杂的、运用非正式手段实现正式的政策目标的特点③。<br>— 周飞舟 · 《以利为利》	周飞舟 以利为利 案例
案例：人名, 事件（《以利为利》）	割据”的危险①。这是80 年代的一系列分权化改革造成的，而1”4 年实行的分税制就是针对这个趋势进行的财政集权式的改革。王的研究是站在中央政府的角度上进行的。与其形成对比的是经济学家对中央一地方关系的研究，他们大多则是站在地方政府的角度上展开分析的。以钱颖一为代表的一些经济学家更加关注地方政府为增加本地区财政收入展开的地区间的发展竞争模式，认为这为中国经济增长提供了强劲的动力③。而黄佩华则认为正是分税制<br>— 周飞舟 · 《以利为利》	周飞舟 以利为利 案例
案例：人名, 事件（《以利为利》）	这种集权改革给地方政府造成了臣大的财政压力。在财政压力之下，地方政府不一定通过地区间的良性竞争去解决问题，而是倾向于采取预算外手段获得中央政府无法控制的“小金库” 收人，这不但给建立规范的政府预算体系带来了破坏，而且也造成了农民负担、企业负担等社会问题③。<br>— 周飞舟 · 《以利为利》	周飞舟 以利为利 案例
案例：人名, 事件（《以利为利》）	程，精简机构和人员，这是一种典型的博弈式做法。但基层政府的反应并不是按照中央政府的预期做出的，而是通过一系列手段（变通政策、诉苦以及消极提供公共服务等等）使得中央政府的倒逼意图失败了，而这些手段造成的农村紧张状况反过来对中央政府带来了进一步的压力，形成了基层对中央的“反倒逼” 。其结果造成了中央政府增加转移支付、主动负担农村公共服务开支的戏剧性结果。这个分析的意义在于，税费改革带来的中央和地方政府的一系列互动表面上看来都是针对农民负担和农村公共服务的，但实质上却<br>— 周飞舟 · 《以利为利》	周飞舟 以利为利 案例
案例：人名, 事件（《以利为利》）	相对于东部地区而言，中西部地区的主要矛盾是政府和农民的关系。分税制改革集中了地方政府的大部分工业税收，使得中西部地区的县乡基层政府主要依靠农业税收和“三提五统”等农民负担来维持其财政开支。这是我们看到在1990 年代中期以后农民负担问题日趋严重的深层次原因。农民负担问题的实质是政府间财政关系造成的。<br>— 周飞舟 · 《以利为利》	周飞舟 以利为利 案例
案例：人名, 事件（《以利为利》）	由于改革以后乡镇政府几乎所有的财政收入都是上级的转移支付，这造成了两个后果。第一是这种转移支付的预算约束非常僵硬，乡镇政府基本失去了安排预算支出的权力，在大部分中西部地区，乡镇财政的开支就等同于人头开支，只有“ 吃饭”支出，没有“办事”支出。第二，农村的公共服务缺少人力和财力的支持，大部分用于公共服务的转移支付资金停留在县城一级而无法“下乡”，使得乡镇基层政府基本上脱离了和农民的联系，过去是“收钱收税”，现在则是不收钱、不办事。国家和农民的关<br>— 周飞舟 · 《以利为利》	周飞舟 以利为利 案例
案例：人名, 调研（《以利为利》）	总结以上的研究，我们可以得出两点简要的结论。第一，要深入到“政府”内部，解释政府行为的深层原因，并不是要去全力描述政府与农民的博弈，或者政府上下级之间的博弈关系，而应该将其放在中央一地方关系或政府间关系的大框架中去加以理解。政府不但是利益的主体，而且也是各种政府间关系的节点，政府的行为受到各种关系制约，这是社会学相对于政治学和经济学比较独特的视角和分析方法：第二，要对政府的行为做出机制分析。<br>— 周飞舟 · 《以利为利》	周飞舟 以利为利 案例
案例：人名, 案例（《以利为利》）	财政收人，实现财政收入的连续、快速增长。例如上级政府可以采取包干制的办法，将超过包干的收入部分全部留在下级政府以实现对财政增收的激励。<br>— 周飞舟 · 《以利为利》	周飞舟 以利为利 案例
案例：人名, 事件, 案例（《以利为利》）	14 一笙二童序论：政府行为与中央一地方关系大部分国家，无论其财政体制是联邦制的还是单一制的，都在致力于财政分权的改革，可以说分权是一个世界性的大趋势。一般认为，分权会给予地方政府更多的自主性，从而提高整个经济和政治体系的运作效率，同时分权引发的竞争机制也有可能使得资源分配更加平均①。但与此同时，也有学者发现了不同（或相反）的证据。例如Dav时i 和Zou 认为分权和经济增长间没有显著关系，而DeMello 则发现分权会导致地区间的财力分配更加不平衡②。<br>— 周飞舟 · 《以利为利》	周飞舟 以利为利 案例
案例：人名, 调研（《以利为利》）	农业比较易于评比，工业可以根据可比的条件评比，按产业系统评比。”另一个特点是这种控制逻辑不仅限于中央和省，而是层层扩展，一直深入到被高度组织化的普通工人和农民当中。<br>— 周飞舟 · 《以利为利》	周飞舟 以利为利 案例
案例：地名:杭州, 事件（《以利为利》）	1966 年3 月，毛泽东主席在写给刘少奇的一封信中说：“一切统于中央，卡得死死的，不是好办法。”随后在杭州召开的中共中央政治局扩大会议上，毛泽东主席又提出，“中央还是‘虚君共和’好，中央只管虚，只管政策方针，不管实。中央部门收上来的厂多了，凡是收的都叫他们出中央，到地方去，连人带马都出去。”“文化大革命”开始后，中央提出以“块块“为主的管理国民经济的基本思路，精简、合并中央机构，在1970 年将国务院直属的部委机关由90 个<br>— 周飞舟 · 《以利为利》	周飞舟 以利为利 案例
案例：地名:河南, 人名, 事件（《以利为利》）	l归0 年冶金部提出1975 年钢产量达到4(削万吨的指标；全国煤炭工业会议提出力争煤炭产量到1975 年翻一番，越过美国和苏联的目标z 全国电力工业增长节约会议要求到1972 年发电能力翻一番，实现金周县县都有点.1975 年发电能力超过英国和联邦德国z 全国水泥工业抓革命促生产座谈会提出1叨5 年水泥生产能力要跑过7500 万吨．是1970 年的三倍（见赵德馨主编(1988 ），《中华人民共和国经济史（1949 -1966口，河南人民出版社．第85 -86 页）。<br>— 周飞舟 · 《以利为利》	周飞舟 以利为利 案例
案例：人名（《以利为利》）	1974 年和1975 年，财政体制改为“固定分戚、超收另定分成比例”。中央和地方在基数以内的分成比例固定，超收部分的分成比例则不固定。这是综合了原来的分类分成体制与总额分成体制的“混合型”分成办法。在此之后，由于放权并没有达到经济和财政收入快速增长的目的，全国的财政状况都面对很大的困难，中央与各省又恢复了1959 年由1970 年集权时期的“总额分成”体制。<br>— 周飞舟 · 《以利为利》	周飞舟 以利为利 案例
案例：事件, 案例（《以利为利》）	前十五年，随着农村改革的成功和乡镇企业的繁荣，中国兴起了改革开放后第一轮工业化的浪潮。从图3 -1 中可以看出，工业产值占GDP 的比重以及工业对GDP 等拉动作用在1994 年双双达到了高峰，分别从1981 的14. 7%和0.8 上升到1994 年的62. 5o/o 和8. 2 ，此后的十五年则稳定在50o/o 和5 左右的水平。在这两个阶段中，分别出现了两次低谷，则分别与1989 年的“六四” 事件和1998 年的亚洲经济危机有关。<br>— 周飞舟 · 《以利为利》	周飞舟 以利为利 案例
案例：地名:江苏（《以利为利》）	1 、从1980 年到1984 年，这是包干制的试行阶段。实际上，早在1977 年开始，中央就以江苏省为试点，与该省实行了“固定比例分成”的体制。所谓“固定比例分成”，就是根据1976 年该省财政决算总支出在总收入中的比例，确定收人上缴的比例（1977 年为58% ，留用比例为429毛），一定四年不变，四年中按照这个比例与中央分成。这实际上是一种固定了的总额分成体制，江苏省在四年中财政收人每增加一元钱，中央拿走0.58 元，江苏省留用<br>— 周飞舟 · 《以利为利》	周飞舟 以利为利 案例
案例：地名:江苏, 人名（《以利为利》）	。. 42 元。留用的部分由江苏省自由安排。从理论上看，只要这个比例固定下来，江苏省随着财政收人的增长，留用的绝对数是可以获得增长的。但是，由于江苏省的支出责任中包含了一些中央支出项目，为了减轻该省的负担，中央将一部分支出责任收归中央，也相应降低了江苏省的留用比例。实际上，<br>— 周飞舟 · 《以利为利》	周飞舟 以利为利 案例
案例：地名:广东,黑龙江, 案例（《以利为利》）	2 、从1985 年到1987 年，是包干制的过渡阶段。中央和地方实行的包干体制可以概括为“划分税种，核定收支，分级包干” 。在此期间，全国17 个省级单位仍然与中央实行总额分成的体制，但是与此前一年一变的总额分成体制相比发生了一个重要的变化，就是分成比例固定下来并且一定五年不变①。一定五年不变，实际上为地方财政增收提供了动力。黑龙江与广东一样，实行定额上解的“大包干”办法，超收部分上解额度是0.65 亿元。另<br>— 周飞舟 · 《以利为利》	周飞舟 以利为利 案例
案例：地名:北京, 人名, 案例（《以利为利》）	( 1 ）收入递增包干。这种包干形式的关键在于确定两个比例，一个是收入的环比递增率，另一个是收入的留成和上解比例。如果一个省的收入增长超过了递增率，那么超过的部分全部留给地方，在递增率之内的部分则按照留成和上解比例与中央分配。以北京市为例来解释一下。北京市的递增率和留成比例分别为4% 和50% ，也就是说，北京市的收入增长率如果超过4%.那么上年收入的104% 就按照50% 的比例与中央进行分配。我们如果假设<br>— 周飞舟 · 《以利为利》	周飞舟 以利为利 案例
案例：地名:北京（《以利为利》）	1987 年的收入为100 亿元，而1988 年为110 亿元，则超过了递增率所期望的收入6 亿元，因为按照递增率，北京市1988 年的收入基数为104 亿元。超过的6 亿元全部归北京市，而104 亿元的基数则按照50% 的比例由北京市和中央进行分成。这样中央分走52 亿元，北京市留用的收入就是6 亿元加上52 亿元，为58 亿元。在收入递增包干的省份中，递增率和留成比例分别为：北京<br>— 周飞舟 · 《以利为利》	周飞舟 以利为利 案例
案例：地名:广东,湖南,武汉, 人名（《以利为利》）	(3）总额分成加增长分戚。这种办法是收入基数部分用总额分成，增长部分则除总额分成外，再加上增长分成比例。有三个地区实行这种办法，两个比例分别是：大连37. 74o/o 和27. 76% ，青岛169毛和34% ，武汉17%和25% 0(4）上解额递增包干。这是一种不考虑其他因素，只是要求地方每年递增上解额的办法。只有两个地区实行这种办法，广东省上解额为14. 13 亿元，递增包干比例为9o/o ；湖南省上解额为8 亿元，递增包干比例为7% 。<br>— 周飞舟 · 《以利为利》	周飞舟 以利为利 案例
案例：地名:江苏（《以利为利》）	①江苏省作为试验省份，自1977 年起实行的是··商定比例包子” 制度，到1981 年和15 省一样实行“划分收支、分级包子”的体制，这个省没有包括在此栏中。<br>— 周飞舟 · 《以利为利》	周飞舟 以利为利 案例
案例：人名, 调研（《以利为利》）	乏机制分析。这种联系的背后隐藏机制在于，财政分权给予了地方政府开展区域竞争、推动经济增长的激励，在这种激励作用下，地方政府的确有效地促进了本地区的经济增长。这种机制的关键有二：财政分权如何剌激地方政府和地方政府如何剌激经济增长。对于第一个机制，本章上一节提供了一个粗略的分析，这个机制通过制度分析就基本可以证明。但是对于第二个机制，则需要进行更深入的研究：地方政府通过何种途径促进经济增长？影响经济增长的方式有许多种，上述实证研究只告诉我们财政分权能够促进经济增长，<br>— 周飞舟 · 《以利为利》	周飞舟 以利为利 案例
案例：地名:山东,河北,辽宁, 人名（《以利为利》）	80 年代后期开始，除了乡镇企业蓬勃发展的珠三角、长三角之外，山东、河北、辽宁以及中部一些省份也开始大办乡镇企业，有些地区提出的口号是“村村冒烟、户户上班” 。这些地区的乡镇企业大多由地方政府利用银行、信用社、农村合作基金会融资兴办②，无论企业效益如何，都能够立竿见影地给地方政府带来GDP 和财政收入的迅速增长。<br>— 周飞舟 · 《以利为利》	周飞舟 以利为利 案例
案例：事件, 案例（《以利为利》）	与乡镇企业蓬勃发展的态势不同，国有企业改革走的是一条典型的“渐进式”和“摸着石头过河”的道路，经历了复杂的制度变迁的过程，先后实行过“企业基金制”、“利润留成制”、“利改税”、“承包制”、“股份制”等等。总的来说，是从企业的利润分配改革扩展到经营体制的改革，再扩展到产权制度改革。产权制度的改革发生在改革开放的第二阶段，而利润分配、经营体制的改革大部分按先后顺序发生在第一阶段。<br>— 周飞舟 · 《以利为利》	周飞舟 以利为利 案例
案例：人名, 案例（《以利为利》）	1984 年到1991 年，工业企业固定资产总值出现了迅速的增长，年均增长率达到20% 。而企业的利润却下降到几乎只有原来的二分之一。值得注意的是，企业上缴的税金在这段时间内也出现了明显的增长，年均增长率为23% 。<br>— 周飞舟 · 《以利为利》	周飞舟 以利为利 案例
案例：人名, 案例（《以利为利》）	再次，虽然中央地方关系发生了很大变化，地方政府剌激经济的方式也由直接干预变成了“放水养鱼”，但是仍然与市场经济中的经济增长有很大的差别。所谓的“放水养鱼”，是指地方政府通过各种途径向企业“注”水，以行政或者半行政手段动员地方资源来扩大企业生产规模，而不是建立真正①张闰龙（2仪施），“财政分权与省以下政府闭关系的演变”，《社会学研究〉第5 期。<br>— 周飞舟 · 《以利为利》	周飞舟 以利为利 案例
案例：人名, 事件（《以利为利》）	49 一第四章分税制改革及其影响中央政府于1994 开始推行的分税制改革可以看作是对财政包干制的全面否定。分税制作为一次全新的财政改革，既体现了中央在财政领域内对中央与地方、政府与企业关系的重新调整的努力，又是对从根本上改变政府干预经济的方式、建立全面的社会主义市场经济的尝试。从这个意义上看，分税制不但是我们理解中国经济从计划向市场过渡的关键，也是我们理解政府行为的关键。改革进展到今天，政府和市场的力量双双增长，权力和金钱的结<br>— 周飞舟 · 《以利为利》	周飞舟 以利为利 案例
案例：人名, 事件, 案例（《以利为利》）	分税制改革的背景目前学术界一般从中央一地方关系的角度来理解分税制的出台。例如王绍光先生认为，财政包干制使地方积累了大量的财力，而中央的财政收入比重过小，“诸侯经济”的态势已经初步形成，这不但降低了中央政府调控经济运行的能力，而且中央政府的权威也受到影响。在这种背景下，分税制是中央集权的必然要求①。<br>— 周飞舟 · 《以利为利》	周飞舟 以利为利 案例
案例：人名, 事件（《以利为利》）	中央无法像改革前那样有效集中地方的财政收入，中央和地方都基本维持一个“自收自支”的局面。但是由于新增的财政收入大部分来自地方财政，所以中央财政的份额必然下降得很快。当时的财政部长刘仲寨说：① 王绍光（1997 ），《分权的底限》，中国计划出版社。<br>— 周飞舟 · 《以利为利》	周飞舟 以利为利 案例
案例：人名, 案例（《以利为利》）	当时的理论界对我讲，财政是国家行政能力、国家办事的能力。你没有财力普及义务教育、救灾等，那就是空话。因此“国家长治久安”这句话写得是有深意的。几千年以来中国有些朝代是非常之乱的，比如说南北朝、五代十国时期，没有一个中央统一的政权，大家各自为玉。<br>— 周飞舟 · 《以利为利》	周飞舟 以利为利 案例
案例：地名:青海, 人名, 事件（《以利为利》）	当时的财政部预算司副司长后来的财政部长项怀诚说：丙乾同志当部长时曾经戏言，说他只剩下背心裤权，谁再想剥夺也没有多少东西了。也有人拿我们开玩笑，说王丙乾、刘仲攀、项怀诚，头发都被人拔光了。丙乾同志当时难到什么程度？中央财政没钱了，向地方借债！借钱很难啊，要看人家的脸色。……我那时在预算司工作，听到青海省财政厅厅长表态说，中央有困难，青海愿意把多年省下来的几千万全部拿出来，真是感动得热泪盈眶。①中央财政的困难促使中央下决心改变财税体制，这只是分税制改革的原<br>— 周飞舟 · 《以利为利》	周飞舟 以利为利 案例
案例：地名:上海,深圳, 事件（《以利为利》）	经过1989年后因国际贸易封锁带来的经济低迷之后，1992 年邓小平的南巡讲话掀起了新一轮的经济建设热潮。邓的讲话旨在加快从计划经济向市场经济的过渡。在10 月召开的党的十四大上，提出了建设“社会主义市场经济”的目标。在地方政府的主导下，投资规模迅速扩大，各地大办乡镇企业、加快实行国有企业的承包制、股份制改革。上海股票交易所的行市1992 年上半年增加了1200o/o ；深圳股票交易所1992 年8 月出现骚乱，致使城市瘫痪两<br>— 周飞舟 · 《以利为利》	周飞舟 以利为利 案例
案例：人名, 事件（《以利为利》）	这个时期的经济增长虽然迅速，但是仍然延续了80 年代以政府主导扩大地方投资规模带动的增长模式，并非促进了市场经济的建立，而是在财政包干制下进一步促进了地方政府与企业的结合。各地政府大办企业，许多地区的政府工作目标之首即是GDP 的增长速度，以此作为对邓小平南巡讲话精神①这两段谈话均号｜自~j克由和贾簸主编（200肘，《中国财税改革三十年亲历与回顾》，经济科学出版社．第322 页。<br>— 周飞舟 · 《以利为利》	周飞舟 以利为利 案例
案例：人名（《以利为利》）	一51 一坠型生型i财攻关系与地方政府行为的响应。甚至在农村地区，许多地方政府也要求做到所谓“村村冒烟、户户上班”，大办特办地方企业。全国的固定资产投资，1992 年比1991 年增长了44%' 1993 年又比1992 年增长了62% ，其中投资来源主要为国内贷款，两个年度国内贷款用于固定资产投资的增长率分别为68% 、39%①，增幅之大，三十年间甚为罕见，这明显成为拉动经济增长的主要动力之一。<br>— 周飞舟 · 《以利为利》	周飞舟 以利为利 案例
案例：事件, 案例, 调研（《以利为利》）	首先，通过“财税分家”的改革，将征税的权力直接集中于中央。改革以前，税务是作为财政系统下的一个部门而发挥作用的，而财政部门是地方政府的“钱袋子”，是控制和管理最为严密的部门。为了地方利益，地方政府可以通过操纵税收部门而方便地“藏富于企业”。除了在企业承包制之下税前还贷之外，地方政府还大量使用减免税和税收优惠政策。这导致减免税的范围不断扩大，许多地区擅自越权减免税收。根据国家审计署对十个省市工商税收减免的调查，<br>— 周飞舟 · 《以利为利》	周飞舟 以利为利 案例
案例：案例, 调研（《以利为利》）	1990 年共减免流转税97 亿元，占当年流转税人库数的20. 7%; 1991 年19 个省级财政越权违规减免税收额占违纪金额的22. 7% 。除了减免税之外，地方企业偷税漏税的现象也非常严重。根据某省的调查，国营企业的偷税、漏税面达70% ，集体企业为72o/o ，个体经济和私营企业达85. 5% ①。<br>— 周飞舟 · 《以利为利》	周飞舟 以利为利 案例
案例：地名:广东, 人名, 案例, 调研（《以利为利》）	1993 年9 月到11 月，时任国务院常务副总理的朱镑基带着财政部以及其他部门的领导走访了17 个省、自治区，听取地方政府的意见，实际上是就实行分税制和地方进行讨价还价。根据当时参加人员的回忆，来自广东的阻力最大。广东的基本态度就是要求继续实行财政包干制。<br>— 周飞舟 · 《以利为利》	周飞舟 以利为利 案例
案例：地名:广东, 人名（《以利为利》）	下面我们看看刘仲馨的回忆：与地方谈的时候气氛很紧张，单靠财政部是不行的，得中央出面谈。在广东谈时，谢飞同志不说话，其他的同志说一条，朱总理立即给蜓回去。当时有个省委常委、组织部长叫符睿（音）的就说：“朱总理啊，你这样说我们就没法谈了，您是总理，我们没法说什么。”朱总理就说：“没错，我就得这样，不然，你们谢飞同志是政治局委员，他一说话，那刘仲攀他们说什么啊，他们有话说吗？！就得我来讲。”一下就给驳回去了。①<br>— 周飞舟 · 《以利为利》	周飞舟 以利为利 案例
案例：地名:广东（《以利为利》）	总量，从而扩大地方的返还基数，减少中央在分税制后的净集中收人，所以建议以1992 年的收人作为返还基数。而地方政府则强烈要求以1993 年为基数。在中央政府的压力下，广东省并未坚持继续实行包干制，但是坚决要求以1993 年作为返还基数，其他一些省市也有这个要求，作为支持分税制的条件。<br>— 周飞舟 · 《以利为利》	周飞舟 以利为利 案例
案例：地名:江苏,浙江,云南, 人名, 事件（《以利为利》）	56 一检查的效果很差①。这是中央的说法，但是当时任浙江省财政厅长的翁礼华是这样回忆的：工作组到浙江、云南、江苏等省检查以后，结果并不理想。对浙江省检查后，不仅没有发现，虚收，反而在绍兴市发现有5 亿元税收还未收上来；对云南检查后仅发现只有6500 万元的税收不真实；对江苏的检查结果表明，不实税收也仅为2 亿多元。这主要是因为我国税收名义税率高，实际征收率低，再加上改革开放以来，又长期实行减税让利政策，社会上积蓄的税源比较丰<br>— 周飞舟 · 《以利为利》	周飞舟 以利为利 案例
案例：人名（《以利为利》）	如果全国的平均增长率为10% ，则该省1994 年的返还基数为：对该省税收4且还＝100. x (l +10% ×0. 3) = 103 （亿元）（公式。<br>— 周飞舟 · 《以利为利》	周飞舟 以利为利 案例
案例：人名, 事件（《以利为利》）	倘按照该省的两税增长率计算，则：对该省税收返还＝100 ×( 1 +20% ×0. 3) = 106 （亿元）（公式2)① 刘克筒、贾康主编（200的，《中国财税改革三十年：亲历与回顾》，经济科学出版社．第370页。<br>— 周飞舟 · 《以利为利》	周飞舟 以利为利 案例
案例：人名（《以利为利》）	1994 年7 月，财政部召开了11 个省的财政局长座谈会，对这个方案进行了修改，将公式中两税增长率的计算由全国平均增长率改为各省自己的增长率。这又显示出中央对发达省份的既得利益的照顾①。<br>— 周飞舟 · 《以利为利》	周飞舟 以利为利 案例
案例：人名（《以利为利》）	假设某省1993 年增值税100 亿元，按照每年增长20% 的速度增加，那么按照公式（2），该省所得税收返还的增长率就是6% ，从总量上看，时间越长，该省所得的返还数占该省税收数的比重越小。<br>— 周飞舟 · 《以利为利》	周飞舟 以利为利 案例
案例：地名:黑龙江, 人名, 事件（《以利为利》）	根据翁礼华的回忆，当时黑龙江的财政厅长对此持有保臼意见．“主要是因为黑龙江企业经营收入不佳，·两税’增长困难，与本省挂钩将会影响本省I: 0. 3 返还” 。详见《共赢的悔弈一一纵观中国财税改革》相关意节。<br>— 周飞舟 · 《以利为利》	周飞舟 以利为利 案例
案例：人名, 事件（《以利为利》）	这点出乎我们的意料，但是这个东西，他们提不出意见来。因为事先决定里面说好了的。所以我们老跟厅局长说，我们搞的是阳谋不是阴谋，这个方案里面都有的。但是现实是有的下降得很厉害，而且地区很不平衡。我们财政部党组一商量，这不行了，谁越收得快，下降得越快，这成鞭打快牛了。①1997 年财政部对此出台的办法是中央财政每年拿出3 个多亿补助返还下降快的地区，并补助到全国平均水平。从上述分析来看，这种设计在改革之初看上去对地方有利而得到了许多地区的支持，但是从长远看却是对中央集<br>— 周飞舟 · 《以利为利》	周飞舟 以利为利 案例
案例：人名（《分析与思考》）	印 刷 常熟市新骅印刷有限公司开 本 720×1000 1/16印 张 20.25插 页 4字 数 295,000版 次 2020年7月第1版印 次 2020年7月第1次印刷ISBN 978-7-208-16432-1/F·2630定 价 98.00元写在前面的话张 军2019年9月16日傍晚，在黄奇帆教授为经济学院学生授课前，我安排黄奇帆教授与黄有光教授见面，共进晚餐。两位黄教授虽首次会面，但相见恨<br>— 黄奇帆 · 《分析与思考》	黄奇帆 分析与思考 案例
案例：地名:重庆, 人名（《分析与思考》）	晚，谈兴甚浓，最后合影留念。一年前的9月27日，我们在学院的主页和微信公众号中公布了一则新闻：原重庆市市长、全国人民代表大会财政经济委员会原副主任委员黄奇帆同志和国际著名华裔经济学家黄有光（Yew-KwangNg）教授近日正式受聘复旦大学特聘教授，并加盟复旦大学经济学院。新闻稿特别提到，两位黄教授的加盟“将促使复旦大学经济学院在政策咨询和理论研究方面踏上新台阶”。这个消息一经发出，立刻便成为重磅新闻，迅速<br>— 黄奇帆 · 《分析与思考》	黄奇帆 分析与思考 案例
案例：地名:重庆, 人名, 案例（《分析与思考》）	当然，媒体更感兴趣的是黄奇帆先生的加盟。在黄奇帆先生正式受聘担任复旦大学的特聘讲座教授之前，他常常是以“中国国际经济交流中心副理事长”的身份出现在公众视野中。“国经中心”（CCIEE）是著名的国家高端智库，理事长则是前国务院副总理曾培炎先生。当然，在卸任重庆市市长之后，黄奇帆先生还曾担任全国人大财经委副主任一职。<br>— 黄奇帆 · 《分析与思考》	黄奇帆 分析与思考 案例
案例：人名（《分析与思考》）	2017年5月26日，适逢复旦大学迎来建校112周年之际，在学校领导的协助下，我们有幸邀请到黄奇帆先生来复旦与师生交流。黄奇帆先生在复旦大学中国经济研究中心（RICE）的“中国大问题讲堂”上就中国房地产市场的主题发表了精彩演讲。那天晚上，我们把讲座安排在了复旦校园光华楼的吴文政报告厅，讲座现场座无虚席，气氛十分热烈。复旦大学党委书记焦扬女士和校长许宁生院士均出席了演讲会。那次演讲结束不久我就向学校提出动<br>— 黄奇帆 · 《分析与思考》	黄奇帆 分析与思考 案例
案例：地名:北京,上海, 人名（《分析与思考》）	议，希望邀请黄奇帆先生担任我们的讲座教授，能经常来经济学院给学生们授课，也能为我们的政策研究做一些指导和推动的工作。我们的请求得到了学校的支持并顺利通过校学术委员会等审核程序，学校批准了黄奇帆先生受聘担任复旦大学的特聘讲座教授。尽管黄奇帆先生也常在北京和上海的一些著名高校出席活动，但用黄奇帆先生的话说，如果要在某间大学担任特聘教授，他当然会首选复旦大学。<br>— 黄奇帆 · 《分析与思考》	黄奇帆 分析与思考 案例
案例：地名:上海, 人名（《分析与思考》）	黄奇帆教授在复旦大学的授课引起了上海人民出版社的党委副书记、资深出版人何元龙先生的关注。他甚至来到黄奇帆教授授课的现场，听完三节课，深深为之感动和折服，执意日后要承担黄奇帆复旦授课讲稿的出版工作。何元龙是我的老朋友，他的这一想法与我不谋而合。事实上，我们为黄奇帆教授的这10堂课是安排了现场速记的，而且黄教授的口语表达精准且富有极强的逻辑结构，速记稿的文字看起来几乎不需要做什么修饰就可成为一部完美的讲稿。所以，讲稿就这样很快就汇编出来了。在征得黄奇帆教授同<br>— 黄奇帆 · 《分析与思考》	黄奇帆 分析与思考 案例
案例：地名:上海, 人名（《分析与思考》）	在最后成书时，我注意到黄奇帆教授特意增加了一个附录，收录了自己最近在媒体上发表的对浦东开发的一些回忆文章。这个很有意义。2020年是上海浦东开发30周年。1990年4月中央宣布浦东开发之后不久，还在上海担任上海市经济信息中心主任的黄奇帆被任命为浦东开发办公室副主任，后来又担任浦东新区管委会的副主任。1994年他离开浦东新区，担任上海市委副秘书长、研究室主任，之后又任上海市政府副秘书长、经委主任。2001年他离<br>— 黄奇帆 · 《分析与思考》	黄奇帆 分析与思考 案例
案例：地名:上海,重庆, 人名（《分析与思考》）	开上海，履新重庆，先后任重庆市副市长和市长一职，直至2016年年底卸任重庆市市长，在重庆工作了整整15年。<br>— 黄奇帆 · 《分析与思考》	黄奇帆 分析与思考 案例
案例：地名:重庆, 事件（《分析与思考》）	说来惭愧，我在大学毕业后一直没有去过重庆，直到2015年。第一次应邀去重庆是在2015年的6月，我应留美中国经济学会（CES）的邀请出席6月13—14日在重庆大学举行的“中国经济新常态与深化综合改革国际研讨会”。<br>— 黄奇帆 · 《分析与思考》	黄奇帆 分析与思考 案例
案例：地名:重庆, 人名（《分析与思考》）	时任重庆市市长的黄奇帆先生应邀在上午的开幕式上就西部重庆的经济和金融发展战略与政策发表了精彩的演讲，演讲持续了至少一个半小时，给包括诺贝尔经济学奖获得者肯尼斯·约瑟夫·阿罗（Kenneth J.Arrow）和詹姆斯·莫里斯（James Mirrlees）在内的数百位经济学家留下了非常深刻的印象。2015年12月10日我第二次受邀到重庆，在重庆国际会议中心出席由重庆金融办和西南证券联合主办的第二届“西南金融论坛”并发表主旨演讲。虽<br>— 黄奇帆 · 《分析与思考》	黄奇帆 分析与思考 案例
案例：人名, 事件（《分析与思考》）	（作者系经济学教授、复旦大学经济学院院长）目 录写在前面的话宏观调控降杠杆与风险化解供给侧结构性改革的理论与实务供给侧结构性改革的理论与实务互联网金融发展中的经验教训、原则、特征、路径和风险防范基础货币货币的“锚”及发行制度分析面向未来的人民币发行制度资本市场中国资本市场的功能意义、问题短板及其改革重点 在复旦大学“改革开放再出发——第4届复旦首席经济学家论坛”上的演讲关于我国资本市场基础性制度改革的若干思考<br>— 黄奇帆 · 《分析与思考》	黄奇帆 分析与思考 案例
案例：地名:上海, 事件（《分析与思考》）	校友会2020年年会暨“世界大变局下的中国经济、科技与金融”论坛上的演讲附录 改革开放40年珍贵记忆浦东开发，一盘大棋中的重要一步国际化的上海钻石交易所诞生记邓小平在上海提出的金融观点 在上海并购博物馆“并购大师讲堂”上的演讲节选金融的本质，归纳起来就是三句话 在上海交通大学高级金融学院毕业典礼上的演讲后记 授业解惑是人生再学习再研究最好的生活方式宏观调控降杠杆与风险化解2018年11月14日摘要：本课程讲述了当前宏观经济脱实就虚的四大特征，以及世界<br>— 黄奇帆 · 《分析与思考》	黄奇帆 分析与思考 案例
案例：人名, 事件（《分析与思考》）	美国第二次去杠杆是2008年遇上了极其严重的金融危机（次贷危机），这一次他们做得比较好，属于良性的去杠杆。十年里面，一方面把崩盘的金融企业坏账核掉一块；另一方面通过Q1、Q2、Q3，这个过程使得股市健康，道琼斯指数从6000点涨到28000点，整个企业债务率现在也很低，美国企业的债务是GDP的60%，现在的经济增长也是十年来最高的（3%），对他们来说正常只有2%左右，差一点就是不增长或者1%的增长，那么2%以上就算是良性<br>— 黄奇帆 · 《分析与思考》	黄奇帆 分析与思考 案例
案例：地名:重庆, 人名（《分析与思考》）	我去重庆后，发现重庆这么一个老工业基地和西部困难地区双叠加的地方，破产指标没拿到多少，在20世纪80年代后期，国家经贸委4000多亿元的破产指标中只拿到40多亿元，13000多亿元的债转股指标中只拿到100亿元，都只占1%左右，但他们银行整个贷款余额1800亿元中，五级分类里面第五级的坏账就有400多亿元。那时候已经没有债转股指标了，事情已经过了。我就为此与工、农、中、建、交银行行长们商量，搞地方式的债务剥离，就是你<br>— 黄奇帆 · 《分析与思考》	黄奇帆 分析与思考 案例
案例：案例（《分析与思考》）	大家注意一下，美国、欧洲，包括日本的市场，成熟的市场有一个基本概念，比如说20世纪80年代纽约证券交易所的上市公司就是3000个左右，到了2000年还是3000个左右，2008年是3000个左右，现在去看也是3000个左右。实际上每年都要新增200多个，那十年就涨2000多个，三十年就是6000多个，为什么现在还是3000多个呢？就是因为每年的退市跟上市基本上1∶1，有的年份退市比上市多一点，三五年平均来看基本上进退1∶1，所以企业数<br>— 黄奇帆 · 《分析与思考》	黄奇帆 分析与思考 案例
案例：人名（《分析与思考》）	第二个事，就是私募基金。美国的私募基金，各种各样的私募基金总的拥有的资本金跟股市大体相当，有十七八万亿美元。我2017年11月去华尔街，当时代表全国人大财经委去的，与华尔街的摩根士丹利、高盛、KKR、黑石四大金融集团的董事长见了面。黑石的资金量就有几万亿美元，KKR也有5000亿美元，这些基金和投行的老总个个胸中有全局、有全国、有全球，天文地理什么都通。那一天我们分别见面，与四个老总各聊了两个半小时，从<br>— 黄奇帆 · 《分析与思考》	黄奇帆 分析与思考 案例
案例：人名, 案例（《分析与思考》）	那么，习近平总书记批评金融系统这段时间乱象横生，这个乱象主要发生在哪呢？主要发生在资管业务上、表外业务上、小银行的金融机构上，发生在这三类业务的金融产品创新上。金融创新分为金融机构新设、金融技术发展、金融产品创新三大类。<br>— 黄奇帆 · 《分析与思考》	黄奇帆 分析与思考 案例
案例：人名, 案例（《分析与思考》）	托建立了中国第一个国家级的信托公司，就是现在的中信集团，这是一类金融创新。现在互联网出来了，就出来了比如说第三方支付的金融业务或者消费金融信贷的业务，这些都属于与时俱进的实体经济。国民经济发展需要有新的长进，出来的新业务，这也叫创新，但这些创新在中国是创新，在世界上是传统常规业务，这类创新一旦产生，这个规矩基本上就是确立的。<br>— 黄奇帆 · 《分析与思考》	黄奇帆 分析与思考 案例
案例：事件, 案例（《分析与思考》）	第一个案例，就是大家都知道的宝能。宝能收购万科25%的股份这件事吸引大家的眼球，也是中国资本市场这几年最大的事件之一。分析宝能整个案子可以看到几个现象。<br>— 黄奇帆 · 《分析与思考》	黄奇帆 分析与思考 案例
案例：人名, 案例（《分析与思考》）	这件事在法理上违反了几个法规。一是保险公司万能险占比70%以上是有问题的；二是多通道叠加嵌套形成高杠杆融资是穿透式违规行为；三是短期资金可以购买股票理财，但将万能险作为股权资本购买长期法人股权违反了国际资本市场规则。总之，这个案例从更深层提醒我们要加强监管，特别是跨领域的综合性监管；要加强法制建设，特别是对金融产品创新中的负面清单、法律制度的建设要加快、加大、加强。逻辑上讲，这件事把刚才说的六个要素，高息揽储、刚兑、资金池、错配、多通道叠加、多抽屉协议嵌套，<br>— 黄奇帆 · 《分析与思考》	黄奇帆 分析与思考 案例
案例：地名:浙江（《分析与思考》）	另一个方面，我认为符合国家规章的互联网小贷应该支持。所以在2013年的时候，我遇上马云，在我办公室聊天时，他跟我说，他想成立一个网上小贷公司，但是那个时候，浙江省因为温州小贷公司坏账较多，正在整顿，没有批准他的网络小贷公司。我跟他说了五条。第一，你只要小贷公司的钱不像P2P公司那样从网民那儿来，资本金的来源是母公司集团自己的资本金注入30亿元、50亿元，而不跟网民发生关系。第二，这个钱是贷给你的客户<br>— 黄奇帆 · 《分析与思考》	黄奇帆 分析与思考 案例
案例：地名:重庆（《分析与思考》）	的贷款公司资本金分三年从30多亿元增加到300亿元。2017年底，他们把30多亿元增加80多亿元，变成120亿元，2019、2020年到320亿元，各种游戏规则比较清楚。这件事得到有关各方的认同，形成了新规则，结局是皆大欢喜，“一行三会”健全了体制机制，解决了高杠杆风险，重庆地区增加了几百亿元资本金，蚂蚁金服贷款公司得以恢复运转。<br>— 黄奇帆 · 《分析与思考》	黄奇帆 分析与思考 案例
案例：人名（《分析与思考》）	黄奇帆教授：截至2016年年底，中国政府债务余额为27.3万亿元人民币（其中中央政府债务余额12万亿元，地方政府债务余额15.3万亿元），负债率（与GDP的比值）为36.7%，低于欧盟60%的警戒线，同时也远低于美国联邦政府高达110%左右的负债率水平（2016年联邦债务19.8万亿美元，GDP为18.2万亿美元），总体债务风险可控。近几年，中国政府的财政和审计部门通过多方努力，基本摸清楚了地方政府隐性债务的情况，与原有<br>— 黄奇帆 · 《分析与思考》	黄奇帆 分析与思考 案例
案例：人名, 事件（《分析与思考》）	供给侧结构性改革的理论与实务2018年12月17日摘要：当下要推动中国经济进一步发展，除了一般的宏观调控、需求侧的一些调控以外，很重要的是要在供给侧上下功夫。供给侧结构性改革是基础性制度的改革、体制性机制性的改革，它会产生生产力发展的红利，形成长周期经济发展的动力。供给侧结构性改革与西方供给学派有根本区别，体现在“三个不同”，即宏观经济背景、经济学学理支撑、宏观政策要领不同。供给侧结构性改革是40年来中国经济改革开放<br>— 黄奇帆 · 《分析与思考》	黄奇帆 分析与思考 案例
案例：人名, 事件（《分析与思考》）	供给侧结构性改革由习近平总书记在2015年11月中央财经领导小组第十一次会议上首次提出。如今，“供给侧结构性改革”已从一个重大决策，发展成为有别于西方供给学派、具有鲜明中国特色和较强实践指导意义的改革理论。如果我们系统审视改革开放历程，可以发现，供给侧结构性改革是改革开放的魂，既贯穿了改革开放的全过程，又是以习近平同志为核心的党中央在推进改革开放的事业进入新时代的理论升华。作为习近平中国特色社会主义经济理论的重要组成部分，供给侧结构性改革是我们在新形势下推进改<br>— 黄奇帆 · 《分析与思考》	黄奇帆 分析与思考 案例
案例：事件, 案例（《分析与思考》）	出效率。比如动力变革，就是要通过改革增强劳动力、各类人才、企事业单位等微观主体的创新动能和市场活力，加快动力结构的转换。这些都是供给侧结构性改革的重要组成部分。<br>— 黄奇帆 · 《分析与思考》	黄奇帆 分析与思考 案例
案例：人名, 事件（《分析与思考》）	在落脚点上，供给侧结构性改革是为了更好地满足人民日益增长的美好生活需要。供给侧改革本身不是目的，而是为了更好地适应和满足需求侧的变化。人民对美好生活的向往在不同的发展阶段体现的内容和形式是不一样的。从解决温饱问题到全面建成小康社会，社会主要矛盾的具体体现有所变化，但解决社会主要矛盾的抓手是不变的，即供给侧结构性改革。换言之，尽管不同历史阶段的供给侧结构性改革所体现出来的内容和重点也有所不同，但落脚点都是一个：为了更好地满足人民日益增长的美好生活需要。<br>— 黄奇帆 · 《分析与思考》	黄奇帆 分析与思考 案例
案例：人名, 事件（《分析与思考》）	的需求管理。如通过加强基本公共服务和民生保障、精准脱贫、完善消费环境等举措，充分发挥消费对经济发展的基础性作用；深化投融资体制改革，发挥投资对稳增长、调结构的关键性作用，确保财政支出对重点领域和项目的支持力度，促进有效投资特别是民间投资合理增长；大力优化出口结构，提高出口商品和服务质量，推动出口市场多元化，在扩大进口的同时努力保持国际收支基本平衡。(1)事实证明，这是平衡总供给和总需求、推动经济持续健康稳定增长的有效办法。有学者研究指出，声称大搞“供给革命”的里<br>— 黄奇帆 · 《分析与思考》	黄奇帆 分析与思考 案例
案例：人名, 事件（《分析与思考》）	三是与供给学派只强调私有化不同，我们的供给侧结构性改革强调坚持两个“毫不动摇”。供给学派基于其根深蒂固的自由主义经济学传统和资本主义经济制度，对国有经济和国有企业的效率持怀疑甚至否定态度，在政策上体现为私有化，力图通过对国有企业的私有化来激活市场主体活力，进而达到宏观上刺激增长的效果。这突出表现在英国撒切尔夫人担任首相时推动的私有化改革。与供给学派不同，我们的供给侧结构性改革是在中国特色社会主义的前提下，基于社会主义基本经济制度，对经济运行机制所进行的系<br>— 黄奇帆 · 《分析与思考》	黄奇帆 分析与思考 案例
案例：人名, 事件（《分析与思考》）	（一）培育新市场主体，增加企业组织供给众所周知，计划经济之所以缺乏活力，一个重要原因就是真正面向需求开展市场化经营的经济组织存在严重不足。为此，中国自20世纪80年代起的改革就注重从根子上解决这一问题。一是将人民公社的集体劳动改为家庭联产承包责任制，释放了亿万农民的积极性，迅速扩大了农业产出规模。二是非公经济取得了合法地位，民营经济的发展空间逐步打开，个体户、私人企业蓬勃发展起来。这几十年来形成了7000多万个体户，3000多万个私营企<br>— 黄奇帆 · 《分析与思考》	黄奇帆 分析与思考 案例
案例：事件, 案例（《分析与思考》）	业。三是国有企业经历了放权让利、深化改革，逐步建立起现代企业制度，成为自主经营、自负盈亏的市场主体。四是出现了一波又一波的、按照现代企业制度运作、代表新兴生产力的上市公司。目前，我国境内上市公司有3500多家，营业收入占到GDP的一半，年度分红将近1万亿元。五是引进外资。如今引进的外资按注册资本计算将近2.8万亿美元，形成了50多万亿元人民币的总资产，(3)相当于整个中国工商资产的30%左右。正是在这些经济组织<br>— 黄奇帆 · 《分析与思考》	黄奇帆 分析与思考 案例
案例：案例（《分析与思考》）	成本就是4000多亿元。企业一下子减少了这4000多亿元的直接成本。事实上，那时候的GDP也就4万亿元，4000亿元相当于GDP的10%，也就是说GDP的10%的成本被减掉了。二是解决企业办社会问题。那时候稍微大一点的企业从医院到学校，甚至火葬场应有尽有，生老病死的社会事业都在企业里。通过剥离社会事业，至少帮企业卸掉了几千亿元的成本，这也是降成本的典型案例。三是核销坏账和债转股。1997—1998年总共核销了将近5000亿元的坏<br>— 黄奇帆 · 《分析与思考》	黄奇帆 分析与思考 案例
案例：事件, 案例（《分析与思考》）	（三）实施价格“双轨制”改革，培育市场机制20世纪80年代，受长期计划体制影响，工业品生产资料的价格严重偏低，价格既不反映价值，也不反映供求，一方面形成了“短缺”，另一方面积存了“隐性通货膨胀”。若一下子放开价格，则必然会引发显性通货膨胀。当时的决策者采取了计划内国家定价、计划外市场调节的“双轨制”价格改革的思路。在操作过程中，尽管出现了价格水平不断上涨、部分产品倒买倒卖现象严重等问题，(4)总的来说，双轨制对当时的宏观经济产生了多重<br>— 黄奇帆 · 《分析与思考》	黄奇帆 分析与思考 案例
案例：人名, 事件, 案例（《分析与思考》）	期货合约，这些大宗商品逐步形成了全国统一价格，市场趋于透明化，过去长期困扰我们的流通混乱问题和价格混乱问题迎刃而解。(5)这也是供给侧结构性改革的经典案例。<br>— 黄奇帆 · 《分析与思考》	黄奇帆 分析与思考 案例
案例：人名, 事件（《分析与思考》）	（四）推进城镇住房制度改革，释放增长动能1978年开启的中国住房制度改革做了两个方面的事情：一是福利住房产权化，就是将福利住房产权由单位转移给职工家庭；另一个是住房商品化，允许私人建房或者私建公助，鼓励外商和房地产企业开发商品住房。然而，直到20世纪90年代中后期，尽管城镇人均居住面积达到8.8平方米（1997年），是1978年的2倍多，但住房分配体制始终没有发生根本性变革，福利分房仍处于主导地位。1997年的亚洲金融危机爆发后，为防止经济下滑、稳定<br>— 黄奇帆 · 《分析与思考》	黄奇帆 分析与思考 案例
案例：人名, 事件（《分析与思考》）	经济增长，国务院于1998年7月3日下发了《关于进一步深化城镇住房制度改革 加快住房建设的通知》（国发〔1998〕23号文），决定从1998年下半年开始停止住房实物分配，从而为市场化的商业机构取代政府成为城镇居民住房的主体供给者扫清了最后障碍，自此中国进入了全新的住房市场化时代。<br>— 黄奇帆 · 《分析与思考》	黄奇帆 分析与思考 案例
案例：人名, 事件, 案例（《分析与思考》）	1998年房地产投资占GDP比重约4%，而到了2004年该比重飙升至8%，甚至成为支柱产业。在房地产业的带动下，上游原本已经过剩的钢铁、建材等重化工业迅速由过剩变为短缺，价格暴涨；下游的家装、家电和物业管理等产业也走上了风口。可以说，城镇住房的市场化改革几乎以一己之力将中国GDP重新推回10%以上的超高速增长。(6)这应该是以供给侧结构性改革解决宏观经济增长问题的典型案例。<br>— 黄奇帆 · 《分析与思考》	黄奇帆 分析与思考 案例
案例：人名, 事件, 案例（《分析与思考》）	以上列举的五条，是当时的决策者们根据工作实际提出并实施的一系列从供给侧着手、致力于解决经济运行中的结构性问题的重大举措。类似这样的案例还有很多，加起来构成了中国改革开放的精彩画卷，是推动中国经济克服种种困难、实现体制转型、保持长期高速增长的内在动力。可以说，供给侧结构性改革是中国改革开放的魂。<br>— 黄奇帆 · 《分析与思考》	黄奇帆 分析与思考 案例
案例：人名, 事件, 案例（《分析与思考》）	十八大以来的供给侧结构性改革是新时代改革开放伟大实践的新探索任何经济改革都是在给定的边界条件下针对特定历史时期的主要矛盾展开的。边界条件变了，主要矛盾变了，改革的具体措施也会有新的变化。十八大以后，中国的经济社会出现了一些新特点、新问题和新矛盾，突出表现在以下五个方面。一是我国经济进入“三期叠加”的新阶段，经济发展步入新常态。二是社会主要矛盾发生转化，人民日益增长的美好生活需要和不平衡不充分的发展之间的矛盾越发凸显。三是体制环境发生根本性变化，体制<br>— 黄奇帆 · 《分析与思考》	黄奇帆 分析与思考 案例
案例：人名, 事件, 案例（《分析与思考》）	转型任务基本完成，与过去相比，那种“一部分人受益而其他人不受损”的帕累托改进式的改革机会越来越少。四是国际环境发生深刻变化，随着中国经济规模于2010年超过日本成为世界第二大经济体，中国日益走进世界舞台的中央，正由过去的“因变量”演变为既是“因变量”也是“自变量”。五是出现了新一轮产业和科技革命，以新一代信息技术、生物技术、能源技术、材料技术等创新和应用为代表的新一轮科技和产业革命正日益塑造着新的全球经济竞争格局。针对这些新特点新问题和新矛盾，以习近平同志为核<br>— 黄奇帆 · 《分析与思考》	黄奇帆 分析与思考 案例
案例：事件, 案例（《分析与思考》）	比如在巩固“三去一降一补”方面，推进市场主体退出制度改革，更加注重通过市场化、法治化的手段来淘汰“僵尸企业”；深化增值税改革，将制造业等行业现行16%的税率降至13%，将交通运输业、建筑业等行业现行10%的税率降至9%，2019年全年实现减税降费超过2万亿元。在增强微观主体活力方面，突出强调“两个毫不动摇”，强化产权保护、激发企业家精神；深化国资国企改革，推出了第四批100家以上新的混改试点；等等。在提升产业链<br>— 黄奇帆 · 《分析与思考》	黄奇帆 分析与思考 案例
案例：人名, 事件（《分析与思考》）	水平方面，研究谋划新一轮全面创新改革试验，抓紧布局国家实验室，在关键领域布局建设若干国家制造业创新中心，启动实施一批制造业技术改造和转型升级重大工程。(9)在畅通国民经济循环方面，全面实施市场准入负面清单制度，打通国内市场和生产主体的循环；破除妨碍劳动力人才社会性流动的体制性障碍，打通经济增长和就业扩大的循环；提升金融体系服务实体经济的能力，打通金融和实体经济的循环。(10)总的来说，这八字方针仍然是瞄准“企业”“要素”“营商成本”“制<br>— 黄奇帆 · 《分析与思考》	黄奇帆 分析与思考 案例
案例：人名, 事件, 案例（《分析与思考》）	比如，围绕创新发展，持续推进大众创业、万众创新，催生激活了亿万新市场主体。2018年，日均新设企业超过1.8万户，市场主体总量超过1亿户；扩大科研机构和高校科研自主权，改进科研项目和经费管理，深化科技成果权益管理改革，充分释放创新潜能。围绕协调发展，将京津冀协同发展、粤港澳大湾区建设、长江经济带发展、长三角一体化和黄河流域生态保护和高质量发展等上升为国家战略，加快培育一批城市群都市圈，形成推动高质量发展和高水平开放的区域增长极。围绕开放发展，加快推进FTA谈判和<br>— 黄奇帆 · 《分析与思考》	黄奇帆 分析与思考 案例
案例：地名:上海, 人名, 事件（《分析与思考》）	自贸试验区改革创新，RECP即将达成，积极参与WTO改革，有力维护和加强了多边贸易体制；形成了18个自贸试验区1个自由贸易港的对外开放高地；“一带一路”建设和国际产能合作成效显著，两次举办“一带一路”国际合作高峰论坛；成功举办首届中国（上海）进口博览会等。围绕绿色发展，确定长江经济带“共抓大保护，不搞大开发”的总体思路；探索建立国家公园体制；连续开展多轮环保督察，纠正了长期以来重增长轻环保、先污染后治理<br>— 黄奇帆 · 《分析与思考》	黄奇帆 分析与思考 案例
案例：人名, 事件（《分析与思考》）	同样，这些改革举措有的致力于激发市场主体活力、增强经济创新动能，有的着眼于打造城市群都市圈、培育新动力源，有的通过规则等制度型开放引入更多优质外资供给，有的则着眼于通过建设绿水青山为人们供给更好的生态产品，还有的致力于弥补公共服务短板、促进共享发展。这些改革有一个共同特征，都是在供给侧通过深化结构性改革，来满足人民日益增长的美好生活需要，进而推动改革开放向着更高水平、更深层次和更宽领域大步迈进。<br>— 黄奇帆 · 《分析与思考》	黄奇帆 分析与思考 案例
案例：地名:重庆, 案例（《分析与思考》）	比如20世纪六七十年代，进入中国家庭的主打消费品是自行车、手表、缝纫机、收音机“老四件”；到了八九十年代，空调、冰箱、洗衣机、彩电等又成为新一个时代的主打产品；21世纪以来，汽车、电脑、手机、平板电视等产品则逐渐走进平常百姓家庭。这些年，重庆顺应全球家庭消费潮流，瞄准这些主打产品，走在了全国前列：汽车，去年产量达316万辆，是全国最大的生产基地；电脑，每年生产6000多万台，其中笔记本电脑占据全球三分之一<br>— 黄奇帆 · 《分析与思考》	黄奇帆 分析与思考 案例
案例：地名:重庆,广东, 人名（《分析与思考》）	的份额；手机，去年产量近3亿部，占全国的14%，仅次于广东；液晶面板，有京东方、惠科两大项目，2018年上半年产量增长2.3倍，成为全国产量最大的地区之一。得益于这四大家庭消费品独占鳌头，重庆工业增速连续多年保持全国前列，推动GDP连续多年领跑全国。今后十年，从世界范围看，包括VR、AR在内的穿戴式智能终端、物联网智能终端、机器人、3D打印机等可能成为主导产品，这应该成为我们产业发展的方向。<br>— 黄奇帆 · 《分析与思考》	黄奇帆 分析与思考 案例
案例：地名:重庆, 人名, 案例（《分析与思考》）	二是推动产业链集群化发展。这不仅可以使产业链的上中下游企业之间的资源要素实现有机整合，避免行业内的供需错配，使供给更加精准有效，还能通过产业链条上生产技术和工艺的良性竞争，推动企业不断创新，促进优胜劣汰，延长产业的寿命周期，实现产业能级的快速跃升。以重庆为例，通过抓好上中下游产业共生，推动同类企业同类产品集聚，形成了由五大品牌商、六大代工厂和900多家配套企业构成的电子信息产业集群，以及以长安汽车为龙头，集聚十大国内外汽车品牌商、1000家零部件厂的汽车产业集<br>— 黄奇帆 · 《分析与思考》	黄奇帆 分析与思考 案例
案例：地名:重庆, 案例（《分析与思考》）	三是促使生产性服务业一体化推进。下功夫抓好研发设计、物流运输、金融结算等生产性服务业，有助于显著增强产业核心竞争力。比如重庆，通过打通“渝新欧”国际物流大通道，将笔记本电脑等产品运往欧洲销售，每箱千米运费从最初的1元降到0.55元，已与海运成本相当，但节约了30多天时间，就有了竞争力。重庆还把加工贸易最核心的结算吸引过去，每年形成近1000亿美元的离岸金融结算量，带来一定量的银行结算收益和政府税收。这<br>— 黄奇帆 · 《分析与思考》	黄奇帆 分析与思考 案例
案例：地名:重庆, 案例（《分析与思考》）	四是瞄准高技术企业招商。“中国制造2025”提出的几十个产品为什么一直是中国的短缺？很重要的原因，就是科技含量高，技术门槛也比较高，一般的企业干不了。能够掌握这些技术的企业，全世界屈指可数，一般也就八个、十个。因此，招商引资首先就要瞄准这些领域的龙头企业，再延展各产业链条。比如重庆市的集成电路产业，围绕原材料、单晶硅切片、芯片制造、芯片设计、封装测试等，引进了韩国SK海力士、美国AOS、英国ARM、奥<br>— 黄奇帆 · 《分析与思考》	黄奇帆 分析与思考 案例
案例：地名:重庆, 案例（《分析与思考》）	不仅要通过产业链招商、资源和市场配置招商等，还要运用好资本手段招商，比如重庆京东方8.5代液晶面板项目，投资额需330多亿元，作为上市公司的京东方自有资金也无法支撑，后来通过资本市场定向增发的融资模式，由重庆企业认购100亿股入资210亿元，京东方再通过银行融资118亿元，满足了项目建设资金需要。通过这一资本运作，一方面使京东方项目仅用时16个月就投产，现在产品供不应求；另一方面重庆不仅多了一个高科技公司，每<br>— 黄奇帆 · 《分析与思考》	黄奇帆 分析与思考 案例
案例：地名:重庆, 人名, 事件, 案例（《分析与思考》）	年新增200多亿元产值，而且持有的京东方股票收益超过200亿元。现在，重庆又利用赚来的钱与京东方合资投入480亿元搞了一个柔性液晶面板项目。这一案例中，既有资本市场的资金供给，又有高科技企业的技术供给，还有产品供不应求的市场供给。习近平总书记视察后，赞誉它是“供给侧结构性改革的成功案例”。<br>— 黄奇帆 · 《分析与思考》	黄奇帆 分析与思考 案例
案例：地名:重庆, 人名, 案例（《分析与思考》）	二是跨境贸易服务。在FTA背景下，这些年全国的服务贸易保持了年均20%左右的快速增长。包括跨境电商、保税贸易、总部贸易和转口贸易、服务外包等。比如，重庆作为国家跨境电商全业务试点城市，跨境B2B、B2C、C2C等发展都比较活跃。<br>— 黄奇帆 · 《分析与思考》	黄奇帆 分析与思考 案例
案例：事件, 案例（《分析与思考》）	第一，投融资PPP模式改革。最近，全国人大财经委、财政部等都在分析PPP的一些问题，但在公平公正、风险共担、利益共享的前提下让社会资本参与政府公共服务项目，这个方向是对的。关键是要做到“五种平衡”：第一，凡市场化收费可以平衡投资的，比如高速公路项目，就完全放开，由市场主体来做；第二，凡当期收费较低、暂时平衡不了的，像供排水、停车场等项目，就可以通过逐步调价的措施，使项目最终形成投入与产出的大体平衡；第三，凡是由政府提供的公共服务、不能收费的投资项目，要通过政府<br>— 黄奇帆 · 《分析与思考》	黄奇帆 分析与思考 案例
案例：人名, 案例（《分析与思考》）	采购、分期付款的方式，把一次性投资变成长周期的公益服务采购，以时间换空间，形成长周期的投入产出平衡；第四，凡是特别大的投资项目，比如地铁项目，没有条件以采购方式推进运作的，政府就应以地铁车站加盖物业等措施，配置相应土地资源，使其平衡；第五，对土地开发整治等收益很高的公共服务项目，政府要限定投资者的收益幅度，不能损害公共利益，否则就是搞利益输送。在推进中，要注意严防“五种问题”：一是防范“形股实债”的PPP，让政府背上高息债务；二是防范投资方在实际经营中乱收费，加<br>— 黄奇帆 · 《分析与思考》	黄奇帆 分析与思考 案例
案例：人名, 事件（《分析与思考》）	第六，农民工落户城市。20世纪80年代农村承包制改革释放了劳动力到城里，产生了轰轰烈烈的城市化过程，这是巨大的劳动力释放。但是在农民工问题上，有一件事目前各地区还没有做到位。这件事就是党中央国务院十八大以来大力倡导的，中央提出的到“十三五”末要实现2亿农民工就地落户城区，其中有1亿在沿海城市落户，1亿在内陆城市落户。这有非常重大的战略意义。中国目前还有近3亿农民工，不能落户城区使得这3亿农民工的劳动<br>— 黄奇帆 · 《分析与思考》	黄奇帆 分析与思考 案例
案例：人名, 事件（《分析与思考》）	寿命减少一半。我国城市职工一般60岁退休，农民工一般干到45岁左右，年龄再大，沿海城市的企业一般就不招聘他了。他本来可以干到60岁，现在只干到45岁，少干15年，就等于就业工龄少三分之一。农民工在正常上班的时候，一年12个月总有两个月回家探亲，这两个月回家相当于一年的六分之一。三分之一+六分之一=二分之一，理论上农民工的工作寿命，因为是农民工状态而不是户籍状态，大体减少一半。所以户籍制度改革不仅是改善农民<br>— 黄奇帆 · 《分析与思考》	黄奇帆 分析与思考 案例
案例：人名, 事件（《分析与思考》）	工待遇的问题、对农民关爱的问题，同样也是生产力的问题，是人口红利的问题。作为供给侧结构性改革的一个重要号召，党中央已经提出这件事，我们要着力落实，谁把农民工的城市化户籍制度做好，谁就是为未来赢得10年、15年主动发力的城市。哪怕你这个城市现在有1500万人，里边有900万农民工，如果不做好这件事，农民工今后10年不能落户，可能10年以后就有500万人被别的地区吸收了。1500万人口的超级大城市可能就变成八九百万，变<br>— 黄奇帆 · 《分析与思考》	黄奇帆 分析与思考 案例
案例：地名:上海, 事件（《分析与思考》）	第九，改革住房公积金制度。公积金是社会公共福利系统的阶段性产物，其产生有他特定的历史环境和国家环境。该制度是当年上海向新加坡学来的。20世纪90年代初，我国房地产还没有市场化，当时上海人均住房面积只有7平方米，全部靠政府和企业来造房子不可行。于是就学习新加坡住房公积金经验，相当于是职工们搞了一个互助金。这个互助金，个人缴费6%，单位缴费6%，资金集在一起，为企业造公房提供低息贷款。这在当时还没有商品房、没有银行按揭的时候有其积极意义。但自1995年起，商业银行开始提<br>— 黄奇帆 · 《分析与思考》	黄奇帆 分析与思考 案例
案例：人名, 案例, 调研（《过渡劳动》）	当然，关心和注视劳动群体合法权益的不只是群体本身，还有很多人。说到这里，要提到的是社科大的孙萍老师。很幸运能在几年前孙老师主导的一次田野调查中被发现和关注，也是从孙老师这儿，获悉了关注骑手生态健康的不只是骑手本身，还有政府、学者朋友们。很高兴这些年一直被孙老师关注和访谈。<br>— 孙萍 · 《过渡劳动》	孙萍 过渡劳动 案例
案例：人名, 案例, 调研（《过渡劳动》）	上架建议：社会学/平台经济/数字劳动ISBN 978-7-5760~4711-0定价：98.00元送单大闯关我的外卖田野地图（2017—2024）推荐人语（以姓氏拼音为序排列）新技术正在变革社会关系、交往关系以及“劳动”，而孙萍博士敏锐捕捉到了新的挑战和问题。她的这部《过渡劳动：平台经济下的外卖骑手》通过深入田野调查和民族志研究，揭示外卖骑手这一群体在中国平台经济飞速发展背景下的劳动形态及其社会意义。作者从2017年至<br>— 孙萍 · 《过渡劳动》	孙萍 过渡劳动 案例
案例：人名, 案例, 调研（《过渡劳动》）	2024年，对外卖骑手进行了长时间的观察和研究，通过访谈、问卷、跟跑单等多种方式，细致入微地记录了外卖骑手的工作和生活状况。<br>— 孙萍 · 《过渡劳动》	孙萍 过渡劳动 案例
案例：人名, 案例, 调研（《过渡劳动》）	这本著作通过丰富的实地调研数据，描绘了外卖骑手这一职业群体的流动性和不确定性，展示了他们在城市中如候鸟般来去匆匆的生活。<br>— 孙萍 · 《过渡劳动》	孙萍 过渡劳动 案例
案例：人名, 案例, 调研（《过渡劳动》）	作者孙萍博士花了七年时间，以访谈、问卷等多元方法搜集资料；调研范围遍及国内东西南北的大都市及城镇。所获资料的丰富、深入、多样，应属空前。<br>— 孙萍 · 《过渡劳动》	孙萍 过渡劳动 案例
案例：人名, 调研（《过渡劳动》）	孙萍的分析是历史的、脉络化的、跨学科的、跨社会层次的，见树又见林的。她结合国内的境况，包括经济产业转型、平台资本兴起、联结性网络科技发展及城镇化，来探究外卖骑手何以应运而生的条件、机制和过程。她对平台经济中的劳动组织形态、劳动方式、劳动文化——特別是外卖骑手劳动的过渡性——以至算法在当中的作用，都有深入细致的阐析。<br>— 孙萍 · 《过渡劳动》	孙萍 过渡劳动 案例
案例：人名, 案例, 调研（《过渡劳动》）	——陈韬文，香港中文大学新闻与传播学院荣休教授那些年轻的生命风雨无阻地奔跑着，连成了一条条城市流动的人体输送带。高精尖的数字智能技术与低端劳动之间的巨大反差，已经成了我们熟视无睹的生活日常。年轻的孙萍博士（和她所在的调研小组）花了7年多的时间、跑了19个城市、访谈了200名骑手，这算得上是当今中国乃至全球学术界的一个壮举。这样的行动主义激情终于透过这本书得以呈现：技术、市场、制度、人性如何“共谋”制造了高科技下新<br>— 孙萍 · 《过渡劳动》	孙萍 过渡劳动 案例
案例：地名:深圳, 人名（《过渡劳动》）	——丁未，深圳大学传播学院教授本书彰显了平台社会变迁中一种非常强烈的观感，即永久性的过渡劳动正在成为我们这个时代的重要特征。这是一本鼓舞人心的作品，作者为此付出了持久的、令人钦佩的努力。骑手们精彩的故事、人生经历和街头智慧汇聚于此，想要了解中国平台经济与零工劳动的人，不能错过此书。<br>— 孙萍 · 《过渡劳动》	孙萍 过渡劳动 案例
案例：人名, 案例, 调研（《过渡劳动》）	——胡正荣 中国社科院新闻与传播研究所所长、中国社科院大学新闻传播学院院长好的学者，应该将宝贵的知识从象牙塔中解放出来，对社会问题产生真实的冲击。三年前，基于孙萍的田野研究，那篇《外卖骑手，困在系统里》的报道，就产生过类似的社会轰动。此“檄文”一出，所有O2O行业的老板们都如坐针毡，悚然自省。<br>— 孙萍 · 《过渡劳动》	孙萍 过渡劳动 案例
案例：人名（《过渡劳动》）	那篇报道，不仅引起了广泛社会关注，也唤醒了平台企业的良心质问和自我纠偏。2021年9月，“美团”开始向全社会公开骑手配送时间的算法，接受公众监督。2022年1月，国家互联网信息办公室等四部门联合发布《互联网信息服务算法推荐管理规定》，要求算法推荐服务提供者应当坚持主流价值导向，积极传播正能量，不得利用算法推荐服务从事违法活动或者传播违法信息。<br>— 孙萍 · 《过渡劳动》	孙萍 过渡劳动 案例
案例：人名, 调研（《过渡劳动》）	而这本《过渡劳动》，就走得更远。它势必会促进更深入广泛的公众和企业界思考——如何在骑手、用户和企业竞争市场份额之间，寻找更公正的平衡边界。它在拷问所有人，有没有足够的智慧、共情和同理心，去探索一种兼顾了大多数人福祉的：“人民的算法”。<br>— 孙萍 · 《过渡劳动》	孙萍 过渡劳动 案例
案例：人名, 案例, 调研（《过渡劳动》）	——黄宾，e代驾创始人这是一部引人入胜的劳动社会学调研报告。作者基于经年累月的田野工作，将原始的生动访谈和精彩的理论分析编织在一起，娓娓道来，讲述了平台经济下外卖骑手这一劳动群体尚未结束的故事。字里行间浸透着作者对劳动者的理解与尊重，在这个旧有结构与新技术权力绞合的时代，释放出一种温暖的力量。<br>— 孙萍 · 《过渡劳动》	孙萍 过渡劳动 案例
案例：人名, 案例, 调研（《过渡劳动》）	——刘海龙，中国人民大学新闻学院教授“过渡劳动”关注的是“临时”的现象，却因为突破了对骑手的单一苦情描述，超越了批判的控诉话语，展现了千千万万生命个体丰富的经济、社会和文化世界，从而具有了“长时段”的生命力。七年多的田野调查，作者不仅访谈了骑手，还有店家、平台、消费者等等。作者也以肉眼可见的速度从我初见时青涩的年轻人，成长为“现场有神灵”的活榜样。<br>— 孙萍 · 《过渡劳动》	孙萍 过渡劳动 案例
案例：人名, 案例, 调研（《过渡劳动》）	——吕鹏，中国社会科学院大学数字中国研究中心主任孙萍的著作基于长期深入的实地调查，以外卖骑手的劳动和生活体验为中心，结合对数据技术、平台管理方式、城市化和人口流动等宏观背景的分析，揭示了平台经济如何把高强度的个体劳动有效组织起来，却让劳动者无法组织自己。这本书提供了一个人类学和民族志方法介入当下经济社会变迁的范例。<br>— 孙萍 · 《过渡劳动》	孙萍 过渡劳动 案例
案例：人名, 案例, 调研（《过渡劳动》）	——项飙，牛津大学社会人类学教授，德国马克斯·普朗克社会人类学研究所所长孙萍以她长期的理论积累与田野经验，聚焦平台经济下的外卖骑手，系统阐释“过渡劳动”这一重要的学术概念，不仅展现外卖骑手的劳动，更刻画他们的生活与生命，构成对当下“数字中国”一个极具理论意义与现实价值的分析，值得大力推荐。<br>— 孙萍 · 《过渡劳动》	孙萍 过渡劳动 案例
案例：人名, 案例, 调研（《过渡劳动》）	——周葆华，复旦大学新闻学院教授、副院长致谢外卖骑手，对于社会，是一个新职业群体；对于我个人，却是亲密的“老朋友”。2017年之前，我和骑手是被职业和社会身份所区隔的陌生人；2017年以来，我和调研小组的同学们一道尝试“进入”他们的生活，以追踪调研的方式，让两个平行“世界”有了一些交集。<br>— 孙萍 · 《过渡劳动》	孙萍 过渡劳动 案例
案例：人名, 案例, 调研（《过渡劳动》）	我在田野调查中遇到了不少令人印象深刻的人和事，也看到了不少个体生命面对时代洪流的困惑。之所以努力地撰写一本书，一方面当然是想记录对于这种数字职业新老交替的所思所想；另一方面，自2017年至今，来自五湖四海的骑手收我为友，以他们朴实的方式对我提供热忱的帮助，这本书是我对参与此项劳动的人们所能奉上的最基本的回馈。需要指出的是，今日数量庞大的平台零工劳动者很少能够完全呈现自己的话语，作为一个观察者、记录者，本书的观点无权也无法<br>— 孙萍 · 《过渡劳动》	孙萍 过渡劳动 案例
案例：人名, 案例, 调研（《过渡劳动》）	通过田野调查，我发现外卖骑手大部分来自农村，却日夜穿行于都市之中。在平台经济引发的职业新老交替中，“新职业”和“农民工”既有联系，又有区别，而这种不断过渡的状况也是平台时代千千万万劳动者的境遇。外卖骑手是一群了不起的人。他们能够在高速流动和不确定性中聚精会神、抓住机会、努力劳作、不轻言放弃。他们顽强拼搏的精神时常让我自愧不如。因为我经常叫苦，觉得自己每日游走在教学、科研和杂务之间，耗神耗力。直到我去送了几单，才知道外卖骑<br>— 孙萍 · 《过渡劳动》	孙萍 过渡劳动 案例
案例：案例, 调研（《过渡劳动》）	本书中的绝大多数材料来自本人及所在调研小组的一手调查。我有幸成为平台经济下职业发展的见证者和参与者，并能够通过社会调查的方式来观察、反思，进而联结各方、进行干预。这不仅让我洞见了劳动本身的复杂、丰富和能动性，也让我发现了某些情况下可以主动改变的机会，这种行动传播学的经历极为宝贵。<br>— 孙萍 · 《过渡劳动》	孙萍 过渡劳动 案例
案例：人名, 案例, 调研（《过渡劳动》）	与社会调查同步的，往往是学者的自我成长。真要说自己在此过程中最大的变化，应该是对批判变得更加谦卑和谨慎。随着调查的展开，纸面上二维的知识在现实生活中变得高低不平，自己也开始反思一些高高在上、看似宏大却不着边际的学术论断。这并不是我想要的。在田野里摸爬滚打了几年，才慢慢明白，学术生产源自现实生活，回馈现实生活。这才是我的志业。<br>— 孙萍 · 《过渡劳动》	孙萍 过渡劳动 案例
案例：人名, 案例, 调研（《过渡劳动》）	我想把最诚挚的感谢送给所有接受访谈的骑手和工作人员，是他们成就了这本书。感谢卜卫老师，是她慷慨地用一笔调研资金支持了刚迈入工作时捉襟见肘的我，让我能够开展外卖骑手的访谈和调查。感谢导师邱林川，自我读博士伊始，他对于劳动研究的热忱与情怀便一直激励着我。感谢刘瑞生老师，在我进入研究所工作以来对我的倾力相助和默默支持。感谢我的忘年交丁未老师，她的热情提醒让我时时铭记重任在肩，要努力成长为一名真正的学者。感谢张仟煜，她对于骑<br>— 孙萍 · 《过渡劳动》	孙萍 过渡劳动 案例
案例：案例, 调研（《过渡劳动》）	感谢国家社会科学基金项目的支持，“智能技术对平台劳动的影响与对策研究”（项目编号：21CXW014）的立项，为我后续的田野开展带来了更多的信心和帮助。<br>— 孙萍 · 《过渡劳动》	孙萍 过渡劳动 案例
案例：案例, 调研（《过渡劳动》）	感谢“数字职业研究小组”的所有成员。他们可爱活泼又充满社会情怀，是我调研路上并肩奋斗的战友与合作者。赵宇超、陈玉洁、李云帆、廖文钰、吴俊燊、桂贤娴、雷婕妤、蒋思雨、赵熳、廖欣宇、卓不凡、刘姿君、雷津皓、陈欣欣、梁慧博、王从健、李宜桐，我十分荣幸得到他们的陪伴和帮助。感谢外卖平台的工作人员，他们的支持、耐心和同理心让我看到了系统的复杂多层，时刻提醒我摆脱单一、简化的批判逻辑。<br>— 孙萍 · 《过渡劳动》	孙萍 过渡劳动 案例
案例：人名, 案例, 调研（《过渡劳动》）	感谢吕鹏、戴天逸、温盈盈、苏春艳、向静林、刘学、王瑜和可能因疏忽而被忘记的朋友们，他们的有求必应和慷慨相助让我的诸多调查得以成行。感谢赖佑萱，很幸运能够接受她的采访，她充满力量的报道让骑手研究“破茧而出”。感谢本书的编辑顾晓清，她的争取、宽容与随和是我书写过程中的一缕阳光，时时照耀，温暖在心。<br>— 孙萍 · 《过渡劳动》	孙萍 过渡劳动 案例
案例：人名, 案例, 调研（《过渡劳动》）	于是，作者的唯一选择是“去田野”（注意不是“下田野”）。这种从田野中探索问题的学术理想以及要从外卖骑手的视角来展示其生活世界及其社会政治意义，确实只有“去田野”这种人类学方法可以选择。这要求作者将所有学到的、读到的理论“悬置”起来，在向外卖骑手学习中、在与外卖骑手互动中不断建构和反思自己的研究问题及其相关理论。<br>— 孙萍 · 《过渡劳动》	孙萍 过渡劳动 案例
案例：人名, 案例, 调研（《过渡劳动》）	我们知道，田野或质化研究产生概念的方法有两种，一种是“固有的概念”，另外一种是研究者根据田野资料建构的概念。孙萍正是从扎实的田野资料中，捕捉到了外卖骑手中“固有的概念”——“过渡一下”的“过渡劳动”。并以此建构了研究问题，即在国内城镇化和数字化转型过程中，劳动的过渡性如何被生产和被塑造出来，并指出这种过渡性既是过程也是结果。<br>— 孙萍 · 《过渡劳动》	孙萍 过渡劳动 案例
案例：人名, 案例, 调研（《过渡劳动》）	至此，孙萍将外卖骑手的劳动描述为一种“过渡劳动”的状态。希望从田野调查中一个基本却又十分现实的疑问出发，看到并阐释劳动者的“过渡性”这一问题，并以此勾连“过渡性”背后更加宏大的社会性原因、过程和机制。<br>— 孙萍 · 《过渡劳动》	孙萍 过渡劳动 案例
案例：地名:北京, 人名, 案例, 调研（《过渡劳动》）	序二：文/邱林川*（邱林川，现任新加坡南洋理工大学黄金辉传播与信息学院院长，邵氏基金会媒体技术讲座教授。曾就职于香港中文大学新闻传播学院、新加坡国立大学新媒体与传播系。他已入选国际传播学会会士（ICAFellow），同时是国际中华传播学会（CCA）前主席。）这是一本值得推荐的好书。作者孙萍深入平台外卖行业一线，调研多年，足迹遍布北京各区及多个其他城市。她结合民族志观察、访谈与问卷统计，多视角深入考察饮食外卖行业的前世今生、现状与问题。<br>— 孙萍 · 《过渡劳动》	孙萍 过渡劳动 案例
案例：人名, 案例, 调研（《过渡劳动》）	导论 建构过渡性这是一部关于外卖骑手的民族志调研。外卖骑手诞生于中国平台经济飞速发展的阶段，在过去的十年间，“送外卖”由一种新兴现象变为一种新兴职业，“网约配送员”也正式成为一个专门的职业，被收入国家正式职业列表。但是，这样一群借由巨大互联网红利和加速城镇化催生的劳动者却充满了流动性和不确定性。每次想到这群人，我的脑海里便浮现出夏季傍晚的椋鸟，它们在很短的时间内扎堆聚集，在城市上空飞舞盘旋，夜幕降临后却又四处散去。外卖员就如同这候鸟一<br>— 孙萍 · 《过渡劳动》	孙萍 过渡劳动 案例
案例：人名, 调研（《过渡劳动》）	般，几乎是在一夜之间，成百上千万的外卖大军被集结起来，布满城市的大街小巷。他们来自五湖四海，背景和经历各有不同，进入外卖行业的目的也不同，一时难以被清晰描述，也无法用单一化的职业工种进行定义。可以说，这是一个处在变动中的职业。外卖骑手虽然已经广泛存在，他们的不少故事也深入人心，但是我们似乎很难说清楚“送外卖”这一职业的发展方向，也无从知晓属于它的未来。<br>— 孙萍 · 《过渡劳动》	孙萍 过渡劳动 案例
案例：地名:北京, 人名, 案例, 调研（《过渡劳动》）	外卖劳动的流动性十分明显。这种流动性既表现在职业选择上，也表现在工作留存率上。在2023年我与调研小组做的一项北京地区外卖员劳动状况的调查（N=1264）中，仅有 12.9%的外卖员表示愿意一直送外卖，而超八成的人表示自己会在两年之内换工作。在针对站点骑手的调查中，我们发现一年内站点中骑手的流转率达到七成以上，有的甚至达到九成。“干几个月就走人”成为外卖行业的常态。骑手们来去自由，彼此间并不熟悉，甚至连负责管理和联络工作的站长也难以<br>— 孙萍 · 《过渡劳动》	孙萍 过渡劳动 案例
案例：人名, 案例, 调研（《过渡劳动》）	在田野调查中，我有幸跟随一个个外卖骑手的故事窥探到送外卖背后的“短命性”和“临时性”的问题。这些问题让我困惑，也促使我思考，最终成为本书写作的缘由。在本书中，我将外卖骑手的劳动描述为一种“过渡劳动”的状态。对于参与其中的劳动者来说，这样一份劳动带有很强的“有待确认性”，它的存在既不是开始，也不是结束，而是一种悬浮状态。它有点像漂泊在海上没有归宿的船只，也像一直在扇动翅膀努力挣扎却找不到落脚之地的候鸟。本书试图回答的问题是，在<br>— 孙萍 · 《过渡劳动》	孙萍 过渡劳动 案例
案例：案例, 调研（《过渡劳动》）	因此，本书希望在尊重普适性概念的基础上还原语境与情境的重要性，看到其中有趣却又不失阐释力的话语、故事和实践。本书希望从田野调查中一个基本却又十分现实的疑问出发，看到并阐释劳动者的“过渡性”这一问题，并以此勾连“过渡性”背后更加宏大的社会性原因、过程和机制。当不稳定性“遭遇”平台经济和零工劳动时，参与其中的劳动者展现出了与传统劳动者不同的特点，他们与算法技术、平台组织、社会污名、性别藩篱的交织互动既转瞬即逝，却又时刻存<br>— 孙萍 · 《过渡劳动》	孙萍 过渡劳动 案例
案例：人名, 案例（《过渡劳动》）	在此，劳动生产方式发生了巨大变化。资本对于劳动过程的控制出现了有趣的二律背反，变得既精细，又广泛。对于广大的外卖骑手来说，他们的“工厂”从固定、封闭的场所被搬到了大街小巷，他们获得了流动、穿梭的自由；但与此同时，他们也不得不服从算法与站长随时抛来的指令，严格按照指令执行劳动。有订单时工作，无订单时休息，工作与生活的随机转换成为零工劳动者的日常。上一秒骑手还在马路边与工友抽烟吹牛，下一秒就要跨上电动车跑往餐厅；前一小时<br>— 孙萍 · 《过渡劳动》	孙萍 过渡劳动 案例
案例：人名, 案例（《过渡劳动》）	传统的劳动控制研究虽然有着极其丰富的理论积淀，却也存在诸多研究盲点。例如“控制-反抗”的框架让我们只见劳动不见生活，但零工劳动者与工业化大生产时代的工人全然不同，他们工作的时间、空间都发生了变化。固有的工厂场地消失了，配合与流水线消失了，甚至监工的小组长和经理也消失了。他们变得来去自由、无人在意，生活与劳动自成一体。对于当下的零工劳动者而言，劳动与生活、生产与再生产从未如此紧密地绑定在一起。这需要我们重新思考后疫情时代下<br>— 孙萍 · 《过渡劳动》	孙萍 过渡劳动 案例
案例：案例, 调研（《过渡劳动》）	作为过程的“过渡劳动”，强调的是这种短暂和过渡的生成性。它在一种强调自由同时又充满监管的语境下生成，参与其中的劳动者需要面对来自技术系统的监管、城乡与阶层的区隔、性别化的自我认知，以及将“自我”作为决策主体的能动性展示。个体劳动者为什么想要加入外卖劳动？玛丽·L.格雷（Mary L. Gary）和西达尔特·苏里（SiddharthSuri）在调查“幽灵工作”（ghost work）时指出，线上零工来去自由的<br>— 孙萍 · 《过渡劳动》	孙萍 过渡劳动 案例
案例：案例（《过渡劳动》）	2004年，Grubhub外卖平台在美国出现，成为世界上第一家线上外卖平台。2009年，国内第一家外卖平台“饿了么”正式成立。在接下来的几年间，全球外卖平台市场遍地开花，中国、美国、巴西、印度、欧洲等国家和地区出现了大量线上点餐平台。预计到2024年，外卖市场的收入额将达到1.22万亿美元。而中国目前拥有世界上规模最大的外卖平台。从2015年中国互联网络信息中心（CNNIC）将外卖消费列入统计以来，中国线上订外卖的人口就增加了4倍之多（见图1）。<br>— 孙萍 · 《过渡劳动》	孙萍 过渡劳动 案例
案例：人名（《过渡劳动》）	从职业发展的角度讲，外卖骑手是一个新职业。2023年初，外卖骑手才以“网约配送员”的称谓被纳入国家职业分类。而这一工作人群的大规模出现，也就是近十年的事情。外卖骑手奔走于大街小巷，身着各种颜色的工作服。那么，这群人是如何出现的？他们的出现与当下社会的运转有怎样的关系？<br>— 孙萍 · 《过渡劳动》	孙萍 过渡劳动 案例
案例：人名, 事件, 案例（《过渡劳动》）	外卖骑手在中国的大规模出现，主要归于四个因素。第一个因素是市场经济与中国城镇化的发展。自20世纪70年代以来，全球化与市场经济的发展极大提升了全球劳动力市场的弹性和灵活性。随着改革开放的到来，国企改制和市场竞争迅速影响到了社会人口就业。在这一语境下，市场弹性的增加表现为国企改革和“铁饭碗”的终结。20世纪末出现了工人“下岗潮”，也有不少人放弃稳定工作主动“下海”。恰在此时，我国正在经历史上规模最大的城镇化，大量农民工群体进城务<br>— 孙萍 · 《过渡劳动》	孙萍 过渡劳动 案例
案例：人名, 案例（《过渡劳动》）	第三个因素是过去十年间制造业的产业转型和升级。千禧年前后，中国是著名的“世界工厂”，拥有大量的就业人口和低成本劳动力，但近些年，我国产业结构出现了明显变动，主要表现在服务业所在的第三产业比重大幅增加，制造业所在的第二产业比重逐年下降。截至2020年，第三产业占GDP 总量超过一半，而第二产业为37.8%。信息技术产业的快速发展冲击了传统制造业，倒逼产业结构转型，大量的工厂工人开始谋求就业的转型，这为零工经济的发展提供了充足的劳动<br>— 孙萍 · 《过渡劳动》	孙萍 过渡劳动 案例
案例：人名, 案例, 调研（《过渡劳动》）	那么，外卖骑手真的可以月入过万吗？我们的调查显示，确有其事，但这样的比例并不高。在2021年我们调研小组的问卷反馈中，仅有8.85%的人表示自己每月可以拿到9000元以上的收入。其实外卖产业“先烧钱后垄断”的发展模式并不利于骑手的收入增加。相反，不少骑手都表示自己的收入呈逐年下降之势。只是，在外卖产业的后续发展中，“月入过万”确实成为平台招工的有效宣传语。直到2020年，我问一些骑手为什么进入外卖行业时，仍旧有人告诉我，因为他们听老乡<br>— 孙萍 · 《过渡劳动》	孙萍 过渡劳动 案例
案例：人名, 案例（《过渡劳动》）	于是，外卖骑手这个职业，在人类历史上第一次如此高频地出现在人们的视野中。如同网购带动了快递行业一样，外卖经济的快速扩张迅速带动了配送就业。截止到2020年6月，“饿了么”在线外卖平台已经覆盖全国2000个城市，其入驻餐厅达300万家，日均配送450万单，用户量达2.6亿，服务于蜂鸟即时配送平台的注册配送员超过300万人。美团的内部参阅则提及，在2020—2021年，有470万骑手从美团平台获得了收入。由于目前缺乏官方数据，我将主要的外卖平台就业人口进<br>— 孙萍 · 《过渡劳动》	孙萍 过渡劳动 案例
案例：人名, 案例（《过渡劳动》）	按照既往学者的分析，平台经济是一种典型的后福特主义生产方式，这里面存在两类劳动者：核心劳动力和边缘劳动力。前者多负责技术性工作，通过软件研发、产品运营和市场公关等来帮助平台确立市场竞争力和垄断地位，比如我们俗称的“大厂”员工；后者则被安排了劳动密集且繁重的工作，通过数字化的管理被控制在一个动态的物流网络之中，比如骑手——他们通过繁重的身体劳动将这样一套外卖配送的系统变为现实。<br>— 孙萍 · 《过渡劳动》	孙萍 过渡劳动 案例
案例：地名:北京, 人名, 案例, 调研（《过渡劳动》）	我的田野中国的外卖经济发展迅速，已成为当下中国社会重要的数字化基础设施。本书的田野数据来自我在2017年5月至2024年3月间对外卖员的持续观察。其间，我所在的调研小组以访谈、田野观察、问卷、跟跑单等形式参与对外卖产业尤其是外卖骑手的观察。问卷调查地点以北京地区为主，在2018年到2023年6年间连续发放。参与问卷的外卖骑手人数分别为N（2018）=1339，N（2019）=771，N（2020）=1306，N（2021）=1209，N（2022）=1208，N（2023）=1264。<br>— 孙萍 · 《过渡劳动》	孙萍 过渡劳动 案例
案例：人名, 案例, 调研（《过渡劳动》）	访谈则伴随田野调查，每年不间断进行。截止到2024年3月，我访谈了两百余位骑手，其中包括三十余位女骑手，也包括二十余位站长、调度员、骑手小组长等。调查的时间维度跨越了新冠疫情，所以疫情期间的访谈多在线上进行。也正是在那段时间，外卖骑手作为“朝不保夕者”的身份更加凸显，“手停”“脚停”意味着“嘴停”，没有收入给他们带来的冲击极大。因此，本文的部分内容也记录了疫情期间外卖骑手的劳动与其面临的困难。<br>— 孙萍 · 《过渡劳动》	孙萍 过渡劳动 案例
案例：地名:北京,上海,山东, 人名, 案例, 调研（《过渡劳动》）	我关注的大多数骑手在大城市，如北京、上海、广州、深圳、济南等地跑单，与此同时我也访谈了一部分在县城，如陕西渭南和宜君、江西景德镇、云南勐海、山东菏泽曹县等地跑单的骑手。骑手是一群十分具有流动性的人，大城市的骑手来自五湖四海，这样的地域多样性帮我更好地看到了各种各样的劳动者境况。他们有的家里还在务农，秋收时需要赶回老家收粮食；有的已经举家搬来大城市，几乎与老家断了联系。有的把孩子留在老家让父母带，有的让孩子进了寄宿学<br>— 孙萍 · 《过渡劳动》	孙萍 过渡劳动 案例
案例：地名:北京, 人名, 案例, 调研（《过渡劳动》）	校，也有的即使吃力也要把孩子带在身边。他们有的已经结婚生子，也有的才十几岁就跑来大城市“看世界”。家庭和未来对于每个人的意义非常不同。我们调研小组分析了在北京地区所做的外卖骑手问卷发现，骑手几乎来自全国各个省份，多以农村地区为主。骑手最多的一个身份，依旧是农民工。跨越两个时代的两份职业有着鲜明的连续性，这让我在后续的分析中多少有了一些历史的延续思考。需要说明的是，这里的外卖骑手不仅包括送餐的骑手，也包括送文件、药品、<br>— 孙萍 · 《过渡劳动》	孙萍 过渡劳动 案例
案例：地名:北京, 人名, 案例, 调研（《过渡劳动》）	与千禧年前后出来务工的大批农民工一样，骑手们多是通过老乡、熟人、亲戚关系等跑来特定的城市打工，这样可以一定程度上削弱他们的不安全感。根据调研小组2021年对北京市外卖员的调查，通过老乡或朋友介绍进入外卖行业的骑手占被调查总人数比例的74.03%；网站招聘次之，占10.67%；通过微信群招聘广告、微信朋友圈、劳务中介、QQ群、广播等渠道加入外卖员行列的人数占比均不足5%。但与农民工群体略有不同的是，加入骑手队伍的劳动者似乎更愿意“赚快<br>— 孙萍 · 《过渡劳动》	孙萍 过渡劳动 案例
案例：人名, 案例, 调研（《过渡劳动》）	钱”。这背后的原因很复杂，一些劳动者头脑更灵活，想要乘着快速崛起的互联网之风赚一波红利；也有一些劳动者迫于现状，找不到其他工作而不得不送外卖。同年的问卷调查发现，外卖骑手多背负债务，负债人数占被调查总人数的62.94%。其中，84.91%的负债骑手负债金额在1万元以上，12.47% 的负债骑手负债金额在30万元以上。在背负债务的骑手群体中，近半数（48.16%）骑手因买房/买车而负债，有些因养育小孩/赡养老人（37.40%）和创业失败（36.61%）而负<br>— 孙萍 · 《过渡劳动》	孙萍 过渡劳动 案例
案例：地名:陕西, 人名, 案例, 调研（《过渡劳动》）	送外卖是一项太过生动的数字劳动，每天奔跑在街头巷尾的骑手会让我产生一种数据唾手可得的乐观。可实际情况是，在街上“捕捉”骑手并不容易。他们像池塘里游来游去的小鱼，极易受到惊吓。静止的时候你扑上去，他们会立马躲开或逃跑。有一次，我和几个同学一道去陕西渭南调研。在一家肯德基店里，我们发现了几个正在玩手机等餐的骑手。一个同学跑上前去询问其中一个骑手是否愿意接受我们的采访。可能是同学说得太正式，那个骑手连连拒绝，甚至吓得跌倒在<br>— 孙萍 · 《过渡劳动》	孙萍 过渡劳动 案例
案例：人名, 案例, 调研（《过渡劳动》）	地，爬起来之后立马跑了出去。在一次次被拒绝的尝试中，我与调研小组的同学们不断地学习、摸索“打开”这群人的方式，逐渐有了经验。多次拒绝让我开始变得厚脸皮、自来熟，有时我觉得自己像一个打足了鸡血的销售冠军，即便被拒绝也可以笑嘻嘻地站在那里，淡定且从容，继续等待“捕捉”下一个骑手。<br>— 孙萍 · 《过渡劳动》	孙萍 过渡劳动 案例
案例：人名, 案例, 调研（《过渡劳动》）	初期的田野调查以“偶遇”和“捕捉”为主，逮到愿意与我多聊的骑手就尽可能多地与他们交流。其他骑手看了，会在一旁盯着我，并不上前，看得出来他们十分好奇但又不好意思多问。随着田野时间的增加，周边骑手的戒备少了很多。一些骑手甚至开始主动打招呼：“你们又来了？这次调查什么？”慢慢地，我们与其中一些骑手变成了朋友，他们开始主动给我介绍愿意聊天的人。甚至有段时间，一些骑手以接受我们的访谈为荣：“孙老师的调查，自然是要来的！”可能是因为自<br>— 孙萍 · 《过渡劳动》	孙萍 过渡劳动 案例
案例：人名, 案例, 调研（《过渡劳动》）	己的倾诉和表达得到了重视，让他们感到欣慰。有的骑手知道我是学者和大学老师，研究外卖骑手，就夸赞我，说我有同情心；也有的骑手在我与调研小组的同学做田野的时候，对我们进行“再教育”，认为我们“这些大学生、老师应该落地一些，多多关注社会上的真问题而不是跟随网上的‘专家’胡说八道”。有好几次，一些爱琢磨事情的骑手反问我：“你不是研究骑手的吗？不是能帮我们吗？那为什么我们这个派单时间不但没有增加，反而越来越短？”“你做这个研究有用吗？真的<br>— 孙萍 · 《过渡劳动》	孙萍 过渡劳动 案例
案例：人名, 案例, 调研（《过渡劳动》）	外卖田野对我来说是一个充满挑战的学习过程，我慢慢地学会了如何与大多数骑手相处。作为一名来自象牙塔的“青椒”女性，在多数骑手是男性的情况下，深入和融入他们的生活并不容易。取得信任需要时间。人是复杂的，骑手当然也是。他们是一群活生生的人，而不是等待被限定在特定苦难框架里的二维存在。我时而倾听，时而抉择。在田野里，我慢慢地学会了如何体验和理解这个江湖，也体会到了经验的重要性。人的经验是复杂的，它有感受、有思想。每一次的田野，<br>— 孙萍 · 《过渡劳动》	孙萍 过渡劳动 案例
案例：人名, 案例, 调研（《过渡劳动》）	作为一名观察者，我有幸在田野中认识了很多乐于助人的骑手，甚至与其中不少骑手成为彼此信任、交心的朋友。这对于我而言是一段难得的经历。我自认不是一个熟稔于开拓社会关系的人，但是外卖的田野让我看到了这种可能。伴随着外卖骑手的生命历程，我也更加坚定了自己关注和记录数字劳动者的使命。感谢我在2017年至2024年期间获得的大大小小的学术资助，因为有这些资助，我可以力所能及地给骑手一些误工费。数目虽然不大，但大致抵得了他们因为与我聊天而<br>— 孙萍 · 《过渡劳动》	孙萍 过渡劳动 案例
案例：人名, 案例, 调研（《过渡劳动》）	耽误的本可以获得的劳动报酬。这让他们更加心安理得地与我聊天，也让我有更多的机会接触、了解骑手的工作和他们的心思。对于既无个人魅力也无熟人关系的我来说，访谈劳务费的存在是我进入田野、获得大量一手资料不可或缺的支撑。出于对受访者和支持者的尊重与保护，本书提及的所有访谈者姓名均为化名。<br>— 孙萍 · 《过渡劳动》	孙萍 过渡劳动 案例
案例：人名, 案例, 调研（《过渡劳动》）	写作的时间断断续续已有三年，细细算来并不算短。作为一名青年学者，中间总有诸多或细碎、或重要的工作任务需要处理，时常感叹千头万绪，无法集中精力全力书写。在编辑顾晓清老师的催促和帮助下，总算在时间的碎片中完成此书。每每做完新的访谈、见过更多的人、读到内容好的材料，总希望将其融入自己的研究，也是因此，文稿一推再推，历经反复修改删减，终成为现在的样子。虽不够完美，也已尽力。至于一应缺憾，皆归于我。<br>— 孙萍 · 《过渡劳动》	孙萍 过渡劳动 案例
案例：案例, 调研（《过渡劳动》）	最后，与所有人类学田野调查的研究相似，本书希望通过自下而上的视角，用个体鲜活的生命经验连通时代变化与社会发展的脉搏，入乎其内，出乎其外。数字劳动与平台劳动的研究越来越变成一个宏大而丰富的概念框架，这就意味着穷尽其意义和进行总体性的论断变得越来越困难。当下诸多关于数字劳动或平台劳动的研究以非常翔实和重要的数据剖析了数字化在管理和控制层面的种种可能，但这也让我隐隐感到忧虑，如果所有结论都指向控制性本身，那么想象与讨论主体<br>— 孙萍 · 《过渡劳动》	孙萍 过渡劳动 案例
案例：人名, 案例, 调研（《过渡劳动》）	参与外卖骑手的田野观察时常让我困惑，为什么技术的进步没有让“劳动变得轻松愉快，反而让劳动变得更加繁重艰辛”？为什么平台经济如此精细的组织和管理没有减少参与者的劳动时间，反而让他们“黏在平台上”？为什么看上去相当不错的收入无法留住骑手，反而加速了他们的职业流动？对于这些问题的思考贯穿着我的行文过程。<br>— 孙萍 · 《过渡劳动》	孙萍 过渡劳动 案例
案例：人名, 案例（《历史决定论的贫困》）	当然，我这个论证并不反驳对社会进行预测的可能性；相反，预测某些发展将在某些条件下发生，这个方法可以用来检验社会理论——例如经济理论，这是同我的论证完全相容的。我的论证只是根据历史发展可以受到我们知识的增长影响这一点，来反驳对历史发展进行预测的可能性。<br>— 波普尔 · 《历史决定论的贫困》	波普尔 历史决定论的贫困 案例
案例：事件, 案例（《历史决定论的贫困》）	在这种情况下，从事某门社会科学的研究者非常关心方法问题；他们在讨论这些问题时，往往盯着那些日益繁荣的学科，尤其是物理学。例如，正是有意识地试图模仿物理学的实验方法而导致冯特时代的心理学改革；并且，从J.S.密尔以来，人们一再试图按照有点类似的路子来改革社会科学的方法。在心理学领域, 这些改革也许已取得一定程度的成功，尽管还有许多令人失望之处。但是在理论社会科学中，除了经济学以外，这些尝试除了失望之外没有带来什么。在讨论这些失败时，人们就会立即提出这样一个问题：<br>— 波普尔 · 《历史决定论的贫困》	波普尔 历史决定论的贫困 案例
案例：人名, 案例（《历史决定论的贫困》）	历史决定论坚持认为，这个原理在社会学中必然是无用的。类似的条件只发生在单个历史时期内。它们决不会在时过境迁时还继续发生。因而社会中没有可以作为长期性概括的根据的那种恒久的齐一性——其实之所以如此，是因为我们没有注意那些平凡的规律性，例如下述的真命题：人类总是生活在集体之中，或某些东西的供应是有限的，而另一些东西如空气的供应是无限的，只有前者才能有市场价值或交换价值。<br>— 波普尔 · 《历史决定论的贫困》	波普尔 历史决定论的贫困 案例
案例：人名, 事件, 案例（《历史决定论的贫困》）	历史决定论者最近指出，这类影响可能与社会科学有关，它可能增加作出精确预测的困难，而有损于它们的客观性。他们说，假定社会科学能够如此发达，以致可以对任何社会事实和事件作出精确的科学预报；但是从这种假定会得出荒谬的结论，所以根据纯粹的逻辑理由就可以反驳这样假定。因为，如果新制订了这样一种科学的社会日历，并且为人所知（由于它在原则上能够由任何人重新发现，它不可能长期保密），它肯定会引起扰乱预测的行动。例如，假设人们预测股票行市三天看涨，然后看跌。显然与市场有联<br>— 波普尔 · 《历史决定论的贫困》	波普尔 历史决定论的贫困 案例
案例：事件, 案例（《历史决定论的贫困》）	显然，社会科学家必须及时知道这些可能性，例如，一位社会科学家预测某件事，预知他的预测将引起它发生。或者他否认某种事件可以预期发生，从而阻碍它的发生。在这两种情况下，他也许都遵守科学客观性的原则，因为他的确说的都是实话。但是，尽管他说了实话，我们也不能说他遵守了科学客观性；<br>— 波普尔 · 《历史决定论的贫困》	波普尔 历史决定论的贫困 案例
案例：事件, 案例（《历史决定论的贫困》）	第二种变式走得更远。它承认这种分析是必要的，尤以认识个人的行动或集团的活动为然。但是它认为，要认识社会生活，这种分析是不够的。如果我们要认识某个社会事件的意义，例如某个政治行为的意义，那么，光靠目的论的方式是不足以认识它是如何和为什么引起的。除此以外，我们必须理解它的意义，即它的发生的重要性。“意义”和“重要性”在这里是什么意思呢？从我所说的第二种形式的论点来看，回答是：某个社会事件不仅产生某些影响；也不仅迟早导致其他事件，而且它的出现本身就改变许多其它事<br>— 波普尔 · 《历史决定论的贫困》	波普尔 历史决定论的贫困 案例
案例：事件, 案例（《历史决定论的贫困》）	件的境况值（situational value）。这个社会事件创造了一种新的境况，要求在该特定领域内对所有对象和所有行为进行重新定向和重新解释。比方说，为了理解在某一个国家中建立一支新军队这个事件，就必须分析意旨和利益等等。但是，如果我们不分析这种行动的境况值，我们就不可能完全理解其意义和重要性：例如，另一个国家的军事力量在此之前一直完全能保卫自己，而现在也许已经很不够了。简而言之，甚至在进一步发生任何实在的变化（物理变化或心理变化）以前，整个社会境况也许已经改变了；因为当有人<br>— 波普尔 · 《历史决定论的贫困》	波普尔 历史决定论的贫困 案例
案例：事件, 案例（《历史决定论的贫困》）	直觉悟性学说的第三种变式，不但完全承认第一和第二种变式所坚持的一切，而且甚至走得更远，它认为，为了认识某一社会事件的意义或重要性，仅仅分析事件的起因、结果和境况值是不够的。除了这样一种分析以外，必须分析那个时期占主导地位的根本的客观历史趋势和倾向（例如某种传统或权力的兴衰），还必须分析该事件对历史进程的推动作用，而这个历史进程又促使这种趋势的出现。例如，要完全理解德雷法斯案（DreyfusAffair），除了分析它的起因、结果和境况值之外，还要求透彻了解这是在法兰西共和国<br>— 波普尔 · 《历史决定论的贫困》	波普尔 历史决定论的贫困 案例
案例：事件, 案例（《历史决定论的贫困》）	其目的必定在于确定该事件在某一复杂结构之内——在某一整体之内所起的作用，该整体不仅包括当代的部分，而且包括时间前后相继的短期发展阶段。这可以解释何以直觉悟性方法的第三种变式往往借助于有机体与集团的类比，何以往往采用例如时代精神那样的观念，认为它是所有那些历史倾向或趋势的源泉和监督者，对判定社会学事件的意义有着如此重要的作用。<br>— 波普尔 · 《历史决定论的贫困》	波普尔 历史决定论的贫困 案例
案例：人名, 案例（《历史决定论的贫困》）	例如考虑一下，（对于任何给定波长的光）光线通过的孔隙越小则衍射角越大这个物理学定律。这种类型的物理学定律有如下形式：“在某种条件下，如果量A 以一定的方式变化，那么量B 也以某种可预测的方式变化”。换言之，这种定律表明了一个可测量对另一个可测量的依赖关系以及一个量对于另一个量的依赖方式是以精确的数量形式来规定的。物理学用这种方式表达它所有的定律向来是成功的。为了达到这一点，它的首要任务是把所有的物理性质翻译成数值量。例如，必须用某种光的定量描述（例如一定波长和<br>— 波普尔 · 《历史决定论的贫困》	波普尔 历史决定论的贫困 案例
案例：人名, 案例（《历史决定论的贫困》）	这些名词与单独名词或个别概念如“亚历山大大帝”、“哈雷彗星”、“第一次世界大战”是不同的。（这些名词是专有名称，是在约定俗成中加于它们所表示的那些个别事物的标记。）两部分人之间对普通名词的性质有过长期而频繁的激烈论争。一方认为，普通名词和专有名称的区别只在于它依附于一组或一类单个事物的各部分，而不是仅仅依附于一个单独的事物。例如，“白”这个普通名词不过是加给一组许多不同事物的标记，如雪花、桌布、天鹅等。这是唯名主义学派的学说。它与传统<br>— 波普尔 · 《历史决定论的贫困》	波普尔 历史决定论的贫困 案例
案例：事件, 案例（《历史决定论的贫困》）	历史决定论强调变化的重要性。历史决定论者认为，凡变化必有变化之物。即使没有不变的事物，但我们说到变化时也必须得找出有什么东西在变化。这在物理学中是比较容易的，例如在力学中一切变化都是物体的运动，即物体的时空变化。而社会学主要是关心各种社会建构，从而遇到的困难较多，因为这些社会建构在它们已经发生变化之后是不那么容易识别的。在纯粹的描述意义上说，我们不可能把变化之前11的一种社会建构和变化之后的那个建构看作同一个建构。从描述的观点来看，它可能是完全不同的。对英<br>— 波普尔 · 《历史决定论的贫困》	波普尔 历史决定论的贫困 案例
案例：事件, 案例（《历史决定论的贫困》）	对于社会阶级来说，这样说也是能够成立的。例如，资产阶级只能按它的历史来定义：即定义为通过工业革命获得权力并把土地贵族挤开以及同无产阶级相斗争的那个阶级，如此等等。本质主义也许是由于如下理由而被引进，这就是说，因为它使我们能够在变化的事物中看到同一性，但它又提出了一些很有力的论点支持一种学说，即认为社会科学必须采用历史的方法；这就是说，它支持了历史决定论的学说。<br>— 波普尔 · 《历史决定论的贫困》	波普尔 历史决定论的贫困 案例
案例：人名, 事件（《历史决定论的贫困》）	11．与天文学的必较--长期预报和大规模预报牛顿理论的成功，尤其是它能够长期预报行星的位置，给现代历史决定论者以深刻的印象。他们声称，进行这样的长期预报是可能的，而且这表明，预言遥远未来这个古老的梦想并未越出人类心智可能达到的范围。社会科学的目标也必须这样高。如果天文学预测日蚀和月蚀是可能的，为什么社会学预测革命就不可能呢？<br>— 波普尔 · 《历史决定论的贫困》	波普尔 历史决定论的贫困 案例
案例：人名, 事件, 案例（《历史决定论的贫困》）	这种大规模预报（范围广泛而且可能有点含糊的长期预测）显然在某些学科中是能够做到的。在天文学领域内就可以找到重要而颇为成功的大规模预测的实例。例子是根据周期律（它对气候变化是有意义的），或者根据大气上层电离子情况的每日变化和季节变化（它对无线电通讯是有意义的）来预测太阳黑子的活动。这些预测类似于日蚀和月蚀的预测，因为它们探求比较遥远的未来事件。但是它们与日蚀和月蚀的预测不同的地方在于它们往往只是统计性的，而且在任何情况下有关细节、时间和其他特点方面都不是那么<br>— 波普尔 · 《历史决定论的贫困》	波普尔 历史决定论的贫困 案例
案例：人名, 事件, 案例, 调研（《历史决定论的贫困》）	12．观察的根据科学的非实验观察的根据，在这个木语的某种意义上，其性质总是“历史的”，天文学的观察根据更是如此，天文学所根据的事实包含在天文台的记录之中；例如，记录告诉我们某某先生在某个日期（时、秒）在某个方位观测到水星。简言之，记录给我们以某种“按时间顺序登记事件的记事册”，或某种观测编年史。<br>— 波普尔 · 《历史决定论的贫困》	波普尔 历史决定论的贫困 案例
案例：事件, 案例（《历史决定论的贫困》）	显而易见，这种动力学观点与历史决定论者的社会学观点十分类似，因而无需作进一步的评论。但是，历史决定者也许认为，这种类似性要深刻得多。例如，他也许说，历史决定论所设想的社会学类似于动力学，因为它本质上是一种因果理论，而因果解释一般是关于如何和为什么发生某些事情的解释。从根本上说，这样一种解释总是有某些历史因素。如果你问问一个腿部骨折的人，如何和为什么发生骨折，那你是希望他将把事故的来历告诉你。但是，甚至在理论思维的层次上，尤其是在使我们能够作出预测的理论层<br>— 波普尔 · 《历史决定论的贫困》	波普尔 历史决定论的贫困 案例
案例：事件, 案例, 调研（《历史决定论的贫困》）	在物理学中，这样一种分析是通过判定相互作用的力，即通过动力学来完成的；历史决定论者声称社会学也应该这样做。它必须分析产生社会变革和创造人类历史的力量。我们从动力学中知道相互作用的力如何组成新的力；反之，通过把力分解为它们的分力，我们就能够洞察该事件发生的根本原因，同样，历史决定论要求承认历史力量的根本重要性，不管是精神力量还是物质力量，例如宗教观念或伦理观念，或经济利益。分析和分解这许许多多的冲突倾向和力量，并且深入到其根源，深入到普遍的动力和社会变革<br>— 波普尔 · 《历史决定论的贫困》	波普尔 历史决定论的贫困 案例
案例：事件, 案例（《历史决定论的贫困》）	在于它没有考虑历史发展规律。社会革命不是由合理的计划，而是由社会力量——例如利益的冲突所引起的。据说一个强有力的“哲学家王”会把某个考虑周详的计划付诸实施，这个古老的想法是为了土地贵族的利益编造出来的神话，这个神话用通俗的话来说，就是迷信合理的论证会说服足够的好心人进行有计划的行动。历史已表明社会现实并非如此。历史发展的过程从来不是由理论构思（即使很好的理论构思）来规定的，虽然这些方案和其他不那么合理的（甚或十分不合理的）诸多因素会起来无疑会有某种影响。即<br>— 波普尔 · 《历史决定论的贫困》	波普尔 历史决定论的贫困 案例
案例：事件, 案例（《历史决定论的贫困》）	或许有人会问，渐进方法与这里所说的整体主义方法有无根本的区别，因为我们还没有给渐进方法的范围划出界线。就这里对它的理解而论，例如，宪法的改革属于它的范围；我也不排除一系列的渐进改革是由某种普遍倾向引起的可能性，例如，使收入更平均化的倾向。在这种情况下，渐进方法可能导致通常所说的“社会阶级结构”的改变。可能有人会问，在这些较为雄心勃勃的渐进工程与整体主义的或乌托邦的方法之间又有什么区别呢？假如我们考虑到，在估计某种改革方案的可能结果时，渐进技术师必定尽量<br>— 波普尔 · 《历史决定论的贫困》	波普尔 历史决定论的贫困 案例
案例：事件, 案例（《历史决定论的贫困》）	所以乌托邦的或整体主义的方法和渐进的方法之间的区别之一可以表述如下：渐进工程工程师可以在改革的范围中不抱成见地提出自己的问题，而整体主义者就不能做到这一点；因为他事先就一口咬定彻底改造是可能的和必然的。这一事实具有深远的意义。这使乌托邦主义者对关于社会建构的控制限度为社会学假说产生了反感；例如，这一节上面提到的表明“人的因素”所造成的不确定性那个假说。乌托邦的方法先验地拒绝这些假说，违背了科学方法的原则。在另一方面，与人的因素的不确定性相联系的问题又必<br>— 波普尔 · 《历史决定论的贫困》	波普尔 历史决定论的贫困 案例
案例：人名, 事件, 案例（《历史决定论的贫困》）	在全部的意义上，整体不能成为科学研究的对象，也不能成为其它活动例如控制或改造的对象，这种情况似乎是整体主义者所没有注意到的，甚至承认科学通常就是选择的人也没有看到。他们确信科学能够在整体上把握社会（在全部的意义上，因为他们所根据的是格式塔心理学以前的认识。他们相信，格式塔方法和（a）意义的社会整体方法包罗“一个时代的全部社会历史事件的结构”）之间的区别，只是在于格式塔可以直接由直觉感知来把握，而社会整体则“太复杂而不能一下子理解”，“只有经过长期的思索，密<br>— 波普尔 · 《历史决定论的贫困》	波普尔 历史决定论的贫困 案例
案例：人名, 事件（《历史决定论的贫困》）	有兴趣方面。他们错误地认为可以有整体主义意义上的历史，即表示“整个社会有机体”或“一“个时代的全部社会历史事件”的“社会形态”的历史。这个思想来源于把人类历史看作一个广阔的发展长河这个直观看法。但这样的历史是无法写出来的。每一部写成文字的历史都是这个“全部”发展的某些狭小的方面的历史，总是很不完全的历史，甚至是被选择出来的那个特殊的、不完全的方面的历史。<br>— 波普尔 · 《历史决定论的贫困》	波普尔 历史决定论的贫困 案例
案例：案例, 调研（《历史决定论的贫困》）	乌托邦主义和历史决定论的整体主义倾向在如下有典型性的命题上是一致的：“我们决没必要从整体上确定和指挥整个自然界，这与我们今天不得不从整体上探讨我们的社会有所不同。所以我们决没必要深入到历史和自然界的各个领域的结构中去。人类是要……调整全部社会生活的，尽管人类尚未创造出另一个大自然………”这个命题表现出一种错误的想法，认为如果我们象整体主义者那样有意去“完全地研究整个自然界，，，那么采取历史方法将大有帮助。但是，自然科学，例如地理学也采取了这种方法，但远远没<br>— 波普尔 · 《历史决定论的贫困》	波普尔 历史决定论的贫困 案例
案例：人名, 案例（《历史决定论的贫困》）	规模稍大的渐进实验的例子是垄断者决定改变他的产品价格，私人的或公家的保险公司开办新的健康保险或职业保险业务，或设立新的销售税，或实行反对经济周期的政策。所有这些实验都是着眼于实践的目的，而不是着眼于科学的目的来进行的；某些大公司所进行的实验则是特意为增长他们的市场知识（当然是为了以后增加利润）而不是为了马上增加利润。这和自然工程以及前科学方法的情形十分相似。我们的技术知识，例如造船或航海方面的知识，最早是通过前科学的方法获得的。看来，我们没有理由说这些<br>— 波普尔 · 《历史决定论的贫困》	波普尔 历史决定论的贫困 案例
案例：人名, 案例（《历史决定论的贫困》）	让我们先来考察这些方法。任何一位实验物理学家都知道在看来完全相同的条件下会发生极不相同的情况。两条电线，乍看起来完全相同，但是如果在一台电器设备中加以互换，就会有极不相同的结果。在更精细的检查下（例如通过显微镜），我们就会发现它们并不象原来所设想的那样相似。但是要察觉到导致不同结果的两个实验的条件之间的差别，确实往往是很困难的。需要进行长期的实验研究和理论研究才能找到究竟哪种相似性是相关的，以及其间相似到何种程度才是足够的。我们必须进行这种研究，然后才能<br>— 波普尔 · 《历史决定论的贫困》	波普尔 历史决定论的贫困 案例
案例：人名, 案例（《历史决定论的贫困》）	27．有进化规律吗？规律和趋势我称之为“泛自然主义”学说的历史决定论与反自然主义学说的历史决定论有许多相同之处。例如，泛自然主义也受整体主义思想的影响，也出于对自然科学方法的误解。由于它们错误地模仿自然科学的方法，也许可以称之为“科学主义的”（在哈耶克教授的意义上）学说。泛自然主义和反自然主义一样具有历史决定论的性质，也许还要严重些。尤其是它们把社会科学的任务看作揭示社会进化的规律，以便预言社会的未来（这是在前面第14-17 节所论述的观点）。这个观点或许可以描述为历史决定论的核心。因为这种<br>— 波普尔 · 《历史决定论的贫困》	波普尔 历史决定论的贫困 案例
案例：人名, 调研（《历史决定论的贫困》）	必须由新的情况来检验。可是，如果我们永远只限于观察一个独一无二的过程，那我们就不能指望对普遍性的假说进行验证，不能指望发现科学所能接受的自然规律。对一个独一无二过程的观察不可能帮助我们预见它的未来发展。对一个正在成长的蝎子进行最仔细的观察也不能使我们预见它变成蝴蝶。H.A.L.弗赛尔把我们这种观点应用于人类社会历史（这正是我们在这里要讨论的主要问题），他还把我们的观点做如下表述：“人们……发展历史中有一个预谋，一种节奏，一个早已是被决定的模式……。但我却只看见一个接<br>— 波普尔 · 《历史决定论的贫困》	波普尔 历史决定论的贫困 案例
案例：人名, 案例（《历史决定论的贫困》）	31论点（a）可追溯到远古时期的一个观念——认为诞生、童年、青年、壮年、老年和死亡这种生命周期，不仅适用于单个的动植物，而且也适用于社会、种族，也许甚至可以适用于“整个世界”。柏拉图就曾经用这个古老的学说来解释希腊城邦和波斯帝国的衰败和灭亡。马基雅维里、施宾格勒以及近来的汤因比教授的名著《历史研究》都是这样说的。从这种学说的观点看来，历史是重复的。例如，文明的生命周期律可以用研究动物物种的生命周期的同样方法进行研究。这个学说的一个后果，就是我们根据进化过程或历史<br>— 波普尔 · 《历史决定论的贫困》	波普尔 历史决定论的贫困 案例
案例：人名, 事件（《历史决定论的贫困》）	过程的独特性所提出的反对意见把它挫败了，尽管原先提出这个观点的人还没有意识到这一点。我并不想否定我可以肯定弗赛尔教授在上面那段话也不想否定历史在某些方面有时可能会重复出现，我也不想否定某些类型的历史事件（诸如古希腊和近代的专制的兴起）之间的相似性对研究有关政治权力的社会学的学者们可能很有意义。但是，很明显，所有这些重复情况都牵涉到环境，而环境是千差万别的，环境可以对其后的发展有重大影响。因此，我们没有充分的理由去期望，历史发展中看来是重复的事情将一模一样地<br>— 波普尔 · 《历史决定论的贫困》	波普尔 历史决定论的贫困 案例
案例：人名, 事件, 案例（《历史决定论的贫困》）	论点（b）认为我们可以探明和推知进化运动的趋势或方向。在转到这个论点时，不妨先说明这个论点产生的影响和对于某些代表论点（a）的周期假说的支持。例如，汤因比教授为了支持论点（a）而提出具有（b）性质的如下观点：“文明不是社会的静态状况而是一种动态的进化活动。文明不但不能静止，而且不能逆转方向，否则就破坏文明自身的运动规律……”在这里，我们几乎有了通常在论点（b）的命题中所具有的全部因素：社会动态学（与社会静态学相反）的观念；社会的进化运动（在社会势力的作用下）；以<br>— 波普尔 · 《历史决定论的贫困》	波普尔 历史决定论的贫困 案例
案例：事件, 案例（《历史决定论的贫困》）	及这种运动的方向（和进程、速度），（据称运动定律不被破坏则运动就不可逆转）。有着重点的名词都是从物理学中引用到社会学中去的，而这种引用就造成了一系列误解，这是极其粗心的、是对物理学和天文学事例的非常典型的科学主义的误用，当然，这种误解在历史决定论的研讨会之外是没有什么害处的。例如，采用“动态”这个词（例如目前流行“宏观动态学”这个词）是完全可以的，甚至不喜欢这个词的人也得承认这一点。然而，这种用法恰恰是从孔德而来。孔德试图把物理学家关于静态和动态的区别应用于社会<br>— 波普尔 · 《历史决定论的贫困》	波普尔 历史决定论的贫困 案例
案例：事件, 案例（《历史决定论的贫困》）	同样极其相似的误解，在于把物理学中的其它名词用于社会。这种用法常常是无害的。例如把社会组织的改变，生产方法的改革等等描述为运动，也不会有什么害处。然而，我们应该明白，我们只是用作比喻，而且是容易引起误会的比喻。因为在物理学中，如果我们谈到物体或物体系统的运动，那么，我们并非意指该物体或物体系统有什么内部的或结构的改变，而只是说它改变了它相对于某个（任择的）座标系的位置。社会学家所说的“社会运动”与此不同，他是指某种结构的或内部的改变。因此他将认为社会的<br>— 波普尔 · 《历史决定论的贫困》	波普尔 历史决定论的贫困 案例
案例：人名, 事件, 案例（《历史决定论的贫困》）	运动是可以用势力来解释的，而物理学家则认为，只是运动的变化而不是运动本身才需要如此解释。关于社会运动的速度或它的轨道、路线。方向等概念，如果只是为了表达某种直觉的印象而采用，那同样是无害的；但是，如果以科学自居，那么，这些概念就成为科学的奇谈怪论。或者更确切他说，成为整体主义的奇谈怪论。显然，可以量度的社会因素的任何变化（例如人口的增长）都可以用图示的方法表示为一条轨迹，就象运动物体的轨迹一样。但是，这种图解显然不是描述人们所说的社会运动——因为在人口稳定<br>— 波普尔 · 《历史决定论的贫困》	波普尔 历史决定论的贫困 案例
案例：人名, 案例（《历史决定论的贫困》）	预测（这是每一个审慎的统计学家都知道的）。我们不妨再以人口增长为例来说明，人口增长的趋势已持续了几百年乃至几千年，但有可能在十年之内或更快得多就发生剧烈的改变。<br>— 波普尔 · 《历史决定论的贫困》	波普尔 历史决定论的贫困 案例
案例：事件, 案例, 调研（《历史决定论的贫困》）	有必要指出，规律和趋势是根本不同的两回事。毫无疑问，把趋势和规律混为一谈的习惯加之对趋势的直觉观察例如技术进步，曾使人们提出进化论和历史决定论的主要学说——即关于不可抗拒的生物进化规律的学说和社会运动不可逆转的学说。这种混淆和直觉曾致使孔德提出连续规律（laws of succession）的学说。这个学说至今仍有很大的影响。<br>— 波普尔 · 《历史决定论的贫困》	波普尔 历史决定论的贫困 案例
案例：案例, 调研（《历史决定论的贫困》）	自孔德和密尔以来为人们所熟悉的共存规律（law of coexiStatlce）（据说它相应于静态）与连续规律（据说相应于动态）之间的区别，当然可以用合理的方法来加以解释；这就是说，这个区别是不包含时间概念的规律与引进时间的规律（例如说及速度定律）之间的区别。然而，这一点却与孔德及其追随者所想的并不完全一样。当孔德谈到连续规律时，想到的是决定一系列动态现象按我们观察到的顺序连续出现的规律。<br>— 波普尔 · 《历史决定论的贫困》	波普尔 历史决定论的贫困 案例
案例：事件, 案例（《历史决定论的贫困》）	科学的问题总是因为人们需要某种解释而被提出来。按照密尔的看法，我们可以区别两种重要情况：对个别的或单独的特殊事件的解释和对某种规律性或规律的解释。对此，密尔的说法是：“对于个别的事物来说，如果指出它的原因，即说明它的出现是……某个规律或几个规律的一个实例，我们就说该事物已被解释，因此，对一次火灾的解释就是证明它之发生是由于有火花落在一堆易燃物中；同样，对于一个规律来说，如果指出该规律本身不过是另一个规律或几个规律的实例，而可以把它演绎出来，我们就说该规律<br>— 波普尔 · 《历史决定论的贫困》	波普尔 历史决定论的贫困 案例
案例：事件, 案例（《历史决定论的贫困》）	对普遍规律所描述的规律性给予因果解释和对单个事件的解释有所不同。乍看起来，人们可能以为没有什么区别，并且认为该规律必须从（1）某个更普遍的规律，和（2）某些特定情况（即相应于原始条件，但不是单独的而是指某一类状况）演绎出来。然而，情况并非如此，因为特定情况（2）必须在我们要解释的那个规律的表述中明确地提到，否则这个规律就会和（1）相矛盾。（例如，如果我们想借助牛顿的理论来解释所有行星的运动轨迹都是椭圆形这个规律，那么，我们就得首先在这个规律的表述中明确地提到在<br>— 波普尔 · 《历史决定论的贫困》	波普尔 历史决定论的贫困 案例
案例：人名, 案例（《历史决定论的贫困》）	由于假说具有试验的或暂时的性质，大多数方法论学者把假说视为暂时的，因为它们必然终于被已证实的理论所代替（或者至少为能被证明在某种概率演算意义上具有“高概率”的理论所代替）。我相信这种看法是错误的，而且它导致一大堆完全不必要的困难。然而，这个问题在这里比较不重要。重要的是要认识到，在科学中我们总是致力于解释、预测和检验，而检验假说的方法也总是一样的（见上节）。从要加以检验的假说（例如一个普遍规律）结合，一些不被视为有问题的其他有关命题（例如一些原始条件），我们<br>— 波普尔 · 《历史决定论的贫困》	波普尔 历史决定论的贫困 案例
案例：人名, 调研（《历史决定论的贫困》）	对哈耶克教授在《科学主义和社会研究》中的两段话的分析，可以阐明和支持自然科学和社会科学之间的方法统一性。在第一段里，哈耶克教授写道：“希望理解社会科学问题的自然科学家会从他自己的领域里借助类比来想象一个世界，在这个世界里他通过直接观察来了解原子的内部，但他不可能用一块物体来作实验，而且，除了在有限的时间中观察到极少数原子的相互作用之外，不可能看到再多的情况。根据他对不同种类的原子的知识，他可以建立所有<br>— 波普尔 · 《历史决定论的贫困》	波普尔 历史决定论的贫困 案例
案例：事件, 案例, 调研（《历史决定论的贫困》）	不同情况的模式，使之联合为一个较大的单元，并使这些模式越来越接近于重现少数实例的一切特性，而使他能够观察较复杂的现象。然而，他从微观世界的知识所能推导出的宏观世界规律总是‘演绎的’：由于他对复杂情况数据的知识有限，这些宏观世界规律往往不能使他预测特定情况的精确绪果：而且他也不能通过受控实验来证实这些规律——但可能通过对事件的观察来否证这些规律，而那些事件，按照他们的理论是不可能发生的。”我承认这段话的第一句是针对社会科学和自然科学之间的某些区别而言。但是，至于这段话的其余部<br>— 波普尔 · 《历史决定论的贫困》	波普尔 历史决定论的贫困 案例
案例：人名, 调研（《历史决定论的贫困》）	分，我认为是谈及方法的完全统一。因为，如果这是关于社会科学方法的正确描述（我并不怀疑），那么，它表明社会科学方法的不同，只在于对自然科学方法的这种解释，而这是我所拒绝的。我尤其想到“归纳主义的”解释；这种解释认为，在自然科学中，我们逐步通过某种概括的方法从观察达到理论，并且我们能够通过某种归纳推理的方法来“证明”或甚至证实我们的理论。我在本书一直主张极不相同的观点——把科学方法解释为演绎的、假说的，通过证伪来筛选的等等。对自然科学方法的这种描述与哈那克教授对<br>— 波普尔 · 《历史决定论的贫困》	波普尔 历史决定论的贫困 案例
案例：人名, 调研（《历史决定论的贫困》）	加以处理。（直觉可避免一些人去想象竟有人不喜欢巧克力。）事实上，物理学家在形成他的原子假说时并非借助直接的观察；他往往利用某种联想或直觉，这很容易使他觉得他自己很了解“原子的内部”——甚至知道它们的幻想和偏见。这种直觉是他个人的事情，科学只对假说感兴趣，而他的直觉又可能诱发假说，只要这些直觉有丰富的推论并能够加以适当的检验。（关于哈耶克教授第一句话所提到的其他区别，即进行实验的困难，见本书第24 节）<br>— 波普尔 · 《历史决定论的贫困》	波普尔 历史决定论的贫困 案例
案例：人名, 事件, 案例（《历史决定论的贫困》）	哈耶克教授在第二段论及社会现象时说：“……我们对产生这些社会现象所依据的原理的了解，往往不能使我们预测任何具体情况的准确结果，如果我们能够解释某现象出现所依据的原理并能够根据这知识排除出现某些结果的可能性，例如排除某些事件一起出现的可能性等，那么，我们的知识在一定的意义上将只是消极的知识，即它只能使我们排除某些结果而不能使我们充分缩小可能性的范围直至剩下一种可能性”。<br>— 波普尔 · 《历史决定论的贫困》	波普尔 历史决定论的贫困 案例
案例：事件, 案例（《历史决定论的贫困》）	30．理论科学和历史科学刚才我为之申辩的理论科学所应用的科学方法的统一性这个论题，可以在一定限度内扩展到历史科学的领域去，并且不必放弃理论科学和历史科学之间（例如社会学或经济理论或政治理论与社会的、经济的和政治的历史之间）的根本区别。这个区别经常被最优秀的历史学家不断强调；这是着重于普遍规律与着重于特殊事实这二者之间的区别。我愿意维护被历史决定论攻击为陈旧的这个观点，即认为历史的特点在于它关注实际的独特的或特定的事件，而不关注规律或概括。<br>— 波普尔 · 《历史决定论的贫困》	波普尔 历史决定论的贫困 案例
案例：事件, 案例（《历史决定论的贫困》）	31. 历史学中的境况逻辑，历史解释难道一切不过如此吗？历史决定论者要求改造历史学——提倡一种起理论历史学作用的社会学，或历史发展的学说（见第12 节和第16 节），难道就一无是处吗？历史决定论者关于“时期”、关于时代的“精神”或“风格”，关于不可抗拒的历史趋势，以及关于抓住人们心灵并象潮水一般推动每一个人（而不是由人来推动）的运动等想法，难道就一无是处吗？例如，每个人只要读过托尔斯泰（他无疑是历史决定论者，<br>— 波普尔 · 《历史决定论的贫困》	波普尔 历史决定论的贫困 案例
案例：事件, 案例（《历史决定论的贫困》）	32．关于进步的社会建构学说为了使我们的考察不那么抽象，我在这一节里以极简略的概述来勾划一个关于科学和工业的进步的理论。以这种方法，我将举例说明在最后四节所提出的思想；尤其是关于境况逻辑以及避开心理因素的方法论个人主义的论点。我采用科学和工业的进步作为例子，因为无疑正是这个事件唤起十九世纪近代历史决定论，而且也因为我在前面已讨论了密尔在这个课题上的一些观点。<br>— 波普尔 · 《历史决定论的贫困》	波普尔 历史决定论的贫困 案例
案例：人名, 调研（《历史决定论的贫困》）	二人的观点，这个趋势或类规律（quasi-law）的无条件性或绝对性使我们能够从它演绎出历史的最初阶段或时期，而不需要任何原始的历史条件或观察材料和资料。于是，历史的全过程在原则上就可以如此演绎出来；密尔认为，唯一的困难在于“这个系列如此之长……，每一个接着出现的时期都是为数众多的各种各样的部分组成，而不是人的能力所能计算的。”密尔这个“回归法”的弱点是显而易见的。即使我们承认他的前提和推理，也不能推出社会的或历史<br>— 波普尔 · 《历史决定论的贫困》	波普尔 历史决定论的贫困 案例
案例：事件, 案例, 调研（《历史决定论的贫困》）	的结局是有意义的。进步可以由于某种非人力所能为的自然环境的损害而变得微不足道。除此之外，密尔42的前提只根据“人性”的一个方面，而没有考虑到其他方面，例如健忘或懒惰。因此，只要我们观察到任何与密尔所描述的进步恰恰相反的情况，我们都完全可以同样地把这些观察“回归”为“人性”。（的确，最流行的所谓历史理论的说法之一，不就是把各个帝国的衰亡解释为懒惰和贪食等性格吗？）事实上，我们可以设想，不能引用“人性”的某些倾向来解释的事件是极少的。但是，能够解释一切的方法可能恰恰<br>— 波普尔 · 《历史决定论的贫困》	波普尔 历史决定论的贫困 案例
